<?xml version="1.0" ?>
<benchmark>
	<entries>
		<entry category="Astronaut" eid="Id1" size="2">
			<originaltripleset>
				<otriple>Alan_Bean | birthDate | &quot;1932-03-15&quot;</otriple>
				<otriple>Alan_Bean | almaMater | &quot;UT Austin, B.S. 1955&quot;</otriple>
			</originaltripleset>
			<modifiedtripleset>
				<mtriple>Alan_Bean | birthDate | &quot;1932-03-15&quot;</mtriple>
				<mtriple>Alan_Bean | almaMater | &quot;UT Austin, B.S. 1955&quot;</mtriple>
			</modifiedtripleset>
			<lex comment="good" lid="Id1">
				<text>Alan Bean was born on March 15, 1932 and received a Bachelor of Science degree at the University of Texas at Austin in 1955.</text>
				<template>AGENT-1 was born on PATIENT-1 and received PATIENT-2 .</template>
			</lex>
			<lex comment="good" lid="Id2">
				<text>Alan Bean was born on the 15th of March 1932 and graduated from UT Austin in 1955 with a B.S.</text>
				<template>AGENT-1 was born on PATIENT-1 and graduated from PATIENT-2 .</template>
			</lex>
			<lex comment="good" lid="Id3">
				<text>Alan Bean was born on the 15th of March 1932 and his Alma Mater is UT Austin, B.S. 1955.</text>
				<template>AGENT-1 was born on PATIENT-1 and AGENT-1 Alma Mater is PATIENT-2 .</template>
			</lex>
			<lex comment="good" lid="Id4">
				<text>Alan Bean (born 1932-03-15)'s alma mater was UT Austin B.S. 1955.</text>
				<template>AGENT-1 (born PATIENT-1) alma mater was PATIENT-2 .</template>
			</lex>
			<lex comment="good" lid="Id5">
				<text>Alan Bean (born on 1932-03-15) graduated from UT Austin in 1955.</text>
				<template>AGENT-1 (born on PATIENT-1) graduated from PATIENT-2 .</template>
			</lex>
			<lex comment="good" lid="Id6">
				<text>Alan Bean was born on March 15, 1932 and his alma mater was UT Austin BS, in 1955.</text>
				<template>AGENT-1 was born on PATIENT-1 and AGENT-1 alma mater was PATIENT-2 .</template>
			</lex>
			<entitymap>
				<entity>AGENT-1 | Alan_Bean</entity>
				<entity>PATIENT-1 | &quot;1932-03-15&quot;</entity>
				<entity>PATIENT-2 | &quot;UT Austin, B.S. 1955&quot;</entity>
			</entitymap>
		</entry>
		<entry category="Astronaut" eid="Id2" size="2">
			<originaltripleset>
				<otriple>Alan_Bean | birthDate | &quot;1932-03-15&quot;</otriple>
				<otriple>Alan_Bean | birthPlace | Wheeler,_Texas</otriple>
			</originaltripleset>
			<modifiedtripleset>
				<mtriple>Alan_Bean | birthDate | &quot;1932-03-15&quot;</mtriple>
				<mtriple>Alan_Bean | birthPlace | Wheeler,_Texas</mtriple>
			</modifiedtripleset>
			<lex comment="good" lid="Id1">
				<text>Alan Bean was born in Wheeler, Texas on Mar 15, 1932 .</text>
				<template>AGENT-1 was born in PATIENT-2 on PATIENT-1 .</template>
			</lex>
			<lex comment="good" lid="Id2">
				<text>Alan Bean was born on Mar 15, 1932, in Wheeler, Texas.</text>
				<template>AGENT-1 was born on PATIENT-1 , in PATIENT-2 .</template>
			</lex>
			<lex comment="good" lid="Id3">
				<text>Alan Bean was born in Wheeler, Texas on March 15th, 1932.</text>
				<template>AGENT-1 was born in PATIENT-2 on PATIENT-1 .</template>
			</lex>
			<entitymap>
				<entity>AGENT-1 | Alan_Bean</entity>
				<entity>PATIENT-1 | &quot;1932-03-15&quot;</entity>
				<entity>PATIENT-2 | Wheeler,_Texas</entity>
			</entitymap>
		</entry>
		<entry category="Astronaut" eid="Id3" size="2">
			<originaltripleset>
				<otriple>Alan_Bean | nationality | United_States</otriple>
				<otriple>Alan_Bean | birthPlace | Wheeler,_Texas</otriple>
			</originaltripleset>
			<modifiedtripleset>
				<mtriple>Alan_Bean | nationality | United_States</mtriple>
				<mtriple>Alan_Bean | birthPlace | Wheeler,_Texas</mtriple>
			</modifiedtripleset>
			<lex comment="good" lid="Id1">
				<text>American Alan Bean was born in Wheeler Texas.</text>
				<template>PATIENT-1 AGENT-1 was born in PATIENT-2 .</template>
			</lex>
			<lex comment="good" lid="Id2">
				<text>Alan Bean was an American, who was born in Wheeler, Texas.</text>
				<template>AGENT-1 was PATIENT-1 , who was born in PATIENT-2 .</template>
			</lex>
			<lex comment="good" lid="Id3">
				<text>Alan Bean is an American who was born in Wheeler, Texas.</text>
				<template>AGENT-1 is PATIENT-1 who was born in PATIENT-2 .</template>
			</lex>
			<lex comment="good" lid="Id4">
				<text>Alan Bean was born in Wheeler, Texas, United States.</text>
				<template>AGENT-1 was born in PATIENT-2 , PATIENT-1 .</template>
			</lex>
			<lex comment="good" lid="Id5">
				<text>Alan Bean was born in Wheeler, Texas and is a citizen of the United States.</text>
				<template>AGENT-1 was born in PATIENT-2 and is a citizen of PATIENT-1 .</template>
			</lex>
			<lex comment="good" lid="Id6">
				<text>Alan Bean is an American, born in Wheeler, Texas.</text>
				<template>AGENT-1 is PATIENT-1 , born in PATIENT-2 .</template>
			</lex>
			<entitymap>
				<entity>AGENT-1 | Alan_Bean</entity>
				<entity>PATIENT-1 | United_States</entity>
				<entity>PATIENT-2 | Wheeler,_Texas</entity>
			</entitymap>
		</entry>
		<entry category="Astronaut" eid="Id4" size="2">
			<originaltripleset>
				<otriple>Alan_Bean | occupation | Test_pilot</otriple>
				<otriple>Alan_Bean | birthPlace | Wheeler,_Texas</otriple>
			</originaltripleset>
			<modifiedtripleset>
				<mtriple>Alan_Bean | occupation | Test_pilot</mtriple>
				<mtriple>Alan_Bean | birthPlace | Wheeler,_Texas</mtriple>
			</modifiedtripleset>
			<lex comment="good" lid="Id1">
				<text>Alan Bean, who was born in Wheeler Texas, performed as a test pilot.</text>
				<template>AGENT-1 , who was born in PATIENT-2 , performed as PATIENT-1 .</template>
			</lex>
			<lex comment="good" lid="Id2">
				<text>Alan Bean, born in Wheeler, Texas, performs as a test pilot.</text>
				<template>AGENT-1 , born in PATIENT-2 , performs as PATIENT-1 .</template>
			</lex>
			<lex comment="good" lid="Id3">
				<text>Alan Bean was a test pilot who was born in Wheeler, Texas.</text>
				<template>AGENT-1 was PATIENT-1 who was born in PATIENT-2 .</template>
			</lex>
			<lex comment="good" lid="Id4">
				<text>Alan Bean was born in Wheeler, Texas and pursued a career as a test pilot.</text>
				<template>AGENT-1 was born in PATIENT-2 and pursued a career as PATIENT-1 .</template>
			</lex>
			<lex comment="good" lid="Id5">
				<text>Alan Bean (born in Wheeler Texas) served as a test pilot.</text>
				<template>AGENT-1 (born in PATIENT-2) served as PATIENT-1 .</template>
			</lex>
			<lex comment="good" lid="Id6">
				<text>Alan Bean( born in Wheeler Texas) served as test pilot.</text>
				<template>AGENT-1 (born in PATIENT-2) served as PATIENT-1 .</template>
			</lex>
			<lex comment="good" lid="Id7">
				<text>Alan Bean, a test pilot, was born in Wheeler, Texas.</text>
				<template>AGENT-1 , PATIENT-1 , was born in PATIENT-2 .</template>
			</lex>
			<entitymap>
				<entity>AGENT-1 | Alan_Bean</entity>
				<entity>PATIENT-1 | Test_pilot</entity>
				<entity>PATIENT-2 | Wheeler,_Texas</entity>
			</entitymap>
		</entry>
		<entry category="Astronaut" eid="Id5" size="2">
			<originaltripleset>
				<otriple>Alan_Bean | timeInSpace | &quot;100305.0&quot;(minutes)</otriple>
				<otriple>Alan_Bean | selection | 1963</otriple>
			</originaltripleset>
			<modifiedtripleset>
				<mtriple>Alan_Bean | timeInSpace | &quot;100305.0&quot;(minutes)</mtriple>
				<mtriple>Alan_Bean | was selected by NASA | 1963</mtriple>
			</modifiedtripleset>
			<lex comment="good" lid="Id1">
				<text>Alan Bean, hired by NASA in 1963, spent over 69 days in space.</text>
				<template>AGENT-1 , hired by NASA in PATIENT-2 , spent over PATIENT-1 in space .</template>
			</lex>
			<lex comment="good" lid="Id2">
				<text>After being recruited by NASA in 1963, Alan Bean spent 100305 minutes in space.</text>
				<template>After being recruited by NASA in PATIENT-2 , AGENT-1 spent PATIENT-1 in space .</template>
			</lex>
			<lex comment="good" lid="Id3">
				<text>Alan Bean, who was picked by NASA in 1963 for the space program, was in space for a total of 100,305 minutes.</text>
				<template>AGENT-1 , who was picked by NASA in PATIENT-2 for the space program , was in space for a total of PATIENT-1 .</template>
			</lex>
			<entitymap>
				<entity>AGENT-1 | Alan_Bean</entity>
				<entity>PATIENT-1 | &quot;100305.0&quot;(minutes)</entity>
				<entity>PATIENT-2 | 1963</entity>
			</entitymap>
		</entry>
		<entry category="Astronaut" eid="Id6" size="2">
			<originaltripleset>
				<otriple>Alan_Bean | mission | Apollo_12</otriple>
				<otriple>Alan_Bean | dateOfRet | &quot;June 1981&quot;</otriple>
			</originaltripleset>
			<modifiedtripleset>
				<mtriple>Alan_Bean | was a crew member of | Apollo_12</mtriple>
				<mtriple>Alan_Bean | dateOfRetirement | &quot;June 1981&quot;</mtriple>
			</modifiedtripleset>
			<lex comment="good" lid="Id1">
				<text>Astronaut Alan Bean, who was part of the Apollo 12 crew, retired in June 1981.</text>
				<template>AGENT-1 , who was part of the PATIENT-1 crew , retired in PATIENT-2 .</template>
			</lex>
			<lex comment="good" lid="Id2">
				<text>Before he retired in June 1981, Alan Bean was a member of Apollo 12.</text>
				<template>Before AGENT-1 retired in PATIENT-2 , AGENT-1 was a member of PATIENT-1 .</template>
			</lex>
			<lex comment="good" lid="Id3">
				<text>Alan Bean, who was one of the astronauts on Apollo 12, retired in June 1981.</text>
				<template>AGENT-1 , who was one of the astronauts on PATIENT-1 , retired in PATIENT-2 .</template>
			</lex>
			<lex comment="good" lid="Id4">
				<text>Alan Bean (retired June 1981) was a crew member of Apollo 12.</text>
				<template>AGENT-1 (retired PATIENT-2) was a crew member of PATIENT-1 .</template>
			</lex>
			<lex comment="good" lid="Id5">
				<text>Alan Bean, a crew member of Apollo 12, retired in June 1981.</text>
				<template>AGENT-1 , a crew member of PATIENT-1 , retired in PATIENT-2 .</template>
			</lex>
			<lex comment="good" lid="Id6">
				<text>Alan Bean, formerly a crew member of Apollo 12 retired in June 1981.</text>
				<template>AGENT-1 , formerly a crew member of PATIENT-1 retired in PATIENT-2 .</template>
			</lex>
			<entitymap>
				<entity>AGENT-1 | Alan_Bean</entity>
				<entity>PATIENT-1 | Apollo_12</entity>
				<entity>PATIENT-2 | &quot;June 1981&quot;</entity>
			</entitymap>
		</entry>
		<entry category="Astronaut" eid="Id7" size="2">
			<originaltripleset>
				<otriple>Alan_Bean | mission | Apollo_12</otriple>
				<otriple>Apollo_12 | operator | NASA</otriple>
			</originaltripleset>
			<modifiedtripleset>
				<mtriple>Alan_Bean | was a crew member of | Apollo_12</mtriple>
				<mtriple>Apollo_12 | operator | NASA</mtriple>
			</modifiedtripleset>
			<lex comment="good" lid="Id1">
				<text>NASA's Apollo 12 crew included Alan Bean.</text>
				<template>PATIENT-1 's BRIDGE-1 crew included AGENT-1 .</template>
			</lex>
			<lex comment="good" lid="Id2">
				<text>Alan Bean was part of Apollo 12 which was operated by NASA.</text>
				<template>AGENT-1 was part of BRIDGE-1 which was operated by PATIENT-1 .</template>
			</lex>
			<lex comment="good" lid="Id3">
				<text>Alan Bean was a crew member of the NASA operated Apollo 12.</text>
				<template>AGENT-1 was a crew member of PATIENT-1 operated BRIDGE-1 .</template>
			</lex>
			<lex comment="good" lid="Id4">
				<text>Alan Bean was a crew member of NASA's Apollo 12.</text>
				<template>AGENT-1 was a crew member of PATIENT-1 's BRIDGE-1 .</template>
			</lex>
			<lex comment="good" lid="Id5">
				<text>Alan Bean served as a crew member of Apollo 12 which is operated by NASA.</text>
				<template>AGENT-1 served as a crew member of BRIDGE-1 which is operated by PATIENT-1 .</template>
			</lex>
			<lex comment="good" lid="Id6">
				<text>Alan Bean was a crew member of Apollo 12, which was operated by nasa.</text>
				<template>AGENT-1 was a crew member of BRIDGE-1 , which was operated by PATIENT-1 .</template>
			</lex>
			<entitymap>
				<entity>BRIDGE-1 | Apollo_12</entity>
				<entity>AGENT-1 | Alan_Bean</entity>
				<entity>PATIENT-1 | NASA</entity>
			</entitymap>
		</entry>
		<entry category="Astronaut" eid="Id8" size="2">
			<originaltripleset>
				<otriple>Alan_Shepard | almaMater | &quot;NWC, M.A. 1957&quot;</otriple>
				<otriple>Alan_Shepard | awards | Distinguished_Service_Medal_(United_States_Navy)</otriple>
			</originaltripleset>
			<modifiedtripleset>
				<mtriple>Alan_Shepard | almaMater | &quot;NWC, M.A. 1957&quot;</mtriple>
				<mtriple>Alan_Shepard | awards | Distinguished_Service_Medal_(United_States_Navy)</mtriple>
			</modifiedtripleset>
			<lex comment="good" lid="Id1">
				<text>Alan Shepard, who was awarded the Distinguished Service Medal by the United States Navy, went to school at NWC and graduated with an MA in 1957.</text>
				<template>AGENT-1 , who was awarded PATIENT-2 , went to school at PATIENT-1 .</template>
			</lex>
			<lex comment="good" lid="Id2">
				<text>1957 NWC M.A. graduate Alan Shepard is a recipient of the United States Navy's Distinguished Service Medal.</text>
				<template>PATIENT-1 AGENT-1 is a recipient of PATIENT-2 .</template>
			</lex>
			<lex comment="good" lid="Id3">
				<text>Alan Shepard who graduated from NWC with an MA in 1957 was awarded the Distinguished Service Medal by the US Navy.</text>
				<template>AGENT-1 who graduated from PATIENT-1 was awarded PATIENT-2 .</template>
			</lex>
			<entitymap>
				<entity>AGENT-1 | Alan_Shepard</entity>
				<entity>PATIENT-1 | &quot;NWC, M.A. 1957&quot;</entity>
				<entity>PATIENT-2 | Distinguished_Service_Medal_(United_States_Navy)</entity>
			</entitymap>
		</entry>
		<entry category="Astronaut" eid="Id9" size="2">
			<originaltripleset>
				<otriple>Alan_Shepard | birthPlace | New_Hampshire</otriple>
				<otriple>Alan_Shepard | awards | Distinguished_Service_Medal_(United_States_Navy)</otriple>
			</originaltripleset>
			<modifiedtripleset>
				<mtriple>Alan_Shepard | birthPlace | New_Hampshire</mtriple>
				<mtriple>Alan_Shepard | awards | Distinguished_Service_Medal_(United_States_Navy)</mtriple>
			</modifiedtripleset>
			<lex comment="good" lid="Id1">
				<text>Born in New Hampshire, Alan Shepard got a distinguished Service Medal by the US Navy.</text>
				<template>Born in PATIENT-1 , AGENT-1 got PATIENT-2 .</template>
			</lex>
			<lex comment="good" lid="Id2">
				<text>Alan Shepard, who was born in New Hampshire, was awarded the United States Navy Distinguished Service Medal.</text>
				<template>AGENT-1 , who was born in PATIENT-1 , was awarded PATIENT-2 .</template>
			</lex>
			<lex comment="good" lid="Id3">
				<text>Alan Shepard, who was born in New Hampshire, was awarded the Distinguished Service Medal by the U.S. Navy.</text>
				<template>AGENT-1 , who was born in PATIENT-1 , was awarded PATIENT-2 .</template>
			</lex>
			<lex comment="good" lid="Id4">
				<text>Alan Shepard born in New Hampshire, was awarded the &quot; Distinguished Service Medal&quot;.</text>
				<template>AGENT-1 born in PATIENT-1 , was awarded the '' PATIENT-2 '' .</template>
			</lex>
			<lex comment="good" lid="Id5">
				<text>Alan Shepard (born in New Hampshire) was awarded the Distinguished Service Medal of United States Navy.</text>
				<template>AGENT-1 (born in PATIENT-1) was awarded PATIENT-2 .</template>
			</lex>
			<entitymap>
				<entity>AGENT-1 | Alan_Shepard</entity>
				<entity>PATIENT-1 | New_Hampshire</entity>
				<entity>PATIENT-2 | Distinguished_Service_Medal_(United_States_Navy)</entity>
			</entitymap>
		</entry>
		<entry category="Astronaut" eid="Id10" size="2">
			<originaltripleset>
				<otriple>Alan_Shepard | birthPlace | New_Hampshire</otriple>
				<otriple>Alan_Shepard | nationality | United_States</otriple>
			</originaltripleset>
			<modifiedtripleset>
				<mtriple>Alan_Shepard | birthPlace | New_Hampshire</mtriple>
				<mtriple>Alan_Shepard | nationality | United_States</mtriple>
			</modifiedtripleset>
			<lex comment="good" lid="Id1">
				<text>Alan Shepard is an American citizen who was born in New Hampshire.</text>
				<template>AGENT-1 is PATIENT-2 who was born in PATIENT-1 .</template>
			</lex>
			<lex comment="good" lid="Id2">
				<text>Alan Shepard was born in the American state of New Hampshire.</text>
				<template>AGENT-1 was born in PATIENT-2 of PATIENT-1 .</template>
			</lex>
			<lex comment="good" lid="Id3">
				<text>Alan Shepard is an American who was born in New Hampshire.</text>
				<template>AGENT-1 is PATIENT-2 who was born in PATIENT-1 .</template>
			</lex>
			<lex comment="good" lid="Id4">
				<text>Alan Shepard is a US citizen born in New Hampshire.</text>
				<template>AGENT-1 is PATIENT-2 born in PATIENT-1 .</template>
			</lex>
			<lex comment="good" lid="Id5">
				<text>Alan Shepard has a US nationality and was born in the New Hampshire.</text>
				<template>AGENT-1 has PATIENT-2 and was born in PATIENT-1 .</template>
			</lex>
			<lex comment="toFix" lid="Id6">
				<text>Alan Shepard was born in New Hampshire (US(.</text>
				<template>AGENT-1 was born in PATIENT-1 (PATIENT-2 (.</template>
			</lex>
			<entitymap>
				<entity>AGENT-1 | Alan_Shepard</entity>
				<entity>PATIENT-1 | New_Hampshire</entity>
				<entity>PATIENT-2 | United_States</entity>
			</entitymap>
		</entry>
		<entry category="Astronaut" eid="Id11" size="2">
			<originaltripleset>
				<otriple>Alan_Shepard | deathPlace | California</otriple>
				<otriple>Alan_Shepard | birthPlace | New_Hampshire</otriple>
			</originaltripleset>
			<modifiedtripleset>
				<mtriple>Alan_Shepard | deathPlace | California</mtriple>
				<mtriple>Alan_Shepard | birthPlace | New_Hampshire</mtriple>
			</modifiedtripleset>
			<lex comment="good" lid="Id1">
				<text>Alan Shepard was born in New Hampshire but died in California.</text>
				<template>AGENT-1 was born in PATIENT-2 but died in PATIENT-1 .</template>
			</lex>
			<lex comment="good" lid="Id2">
				<text>Alan Shepard was born in New Hampshire and died in California.</text>
				<template>AGENT-1 was born in PATIENT-2 and died in PATIENT-1 .</template>
			</lex>
			<lex comment="good" lid="Id3">
				<text>Alan Shepard (born in New Hampshire) died in California.</text>
				<template>AGENT-1 (born in PATIENT-2) died in PATIENT-1 .</template>
			</lex>
			<lex comment="good" lid="Id4">
				<text>Alan Shepard ( born in New Hampshire ) died in California.</text>
				<template>AGENT-1 (born in PATIENT-2) died in PATIENT-1 .</template>
			</lex>
			<entitymap>
				<entity>AGENT-1 | Alan_Shepard</entity>
				<entity>PATIENT-1 | California</entity>
				<entity>PATIENT-2 | New_Hampshire</entity>
			</entitymap>
		</entry>
		<entry category="Astronaut" eid="Id12" size="2">
			<originaltripleset>
				<otriple>Alan_Shepard | deathPlace | California</otriple>
				<otriple>Alan_Shepard | deathDate | &quot;1998-07-21&quot;</otriple>
			</originaltripleset>
			<modifiedtripleset>
				<mtriple>Alan_Shepard | deathPlace | California</mtriple>
				<mtriple>Alan_Shepard | deathDate | &quot;1998-07-21&quot;</mtriple>
			</modifiedtripleset>
			<lex comment="good" lid="Id1">
				<text>Alan Shepard died in California on July 21, 1998.</text>
				<template>AGENT-1 died in PATIENT-1 on PATIENT-2 .</template>
			</lex>
			<lex comment="good" lid="Id2">
				<text>Alan Shepard died in California om July 21, 1998.</text>
				<template>AGENT-1 died in PATIENT-1 om PATIENT-2 .</template>
			</lex>
			<lex comment="good" lid="Id3">
				<text>Alan Shepard died in California on July 21st, 1998.</text>
				<template>AGENT-1 died in PATIENT-1 on PATIENT-2 .</template>
			</lex>
			<lex comment="good" lid="Id4">
				<text>Alan Shepard died in California on 1998-07-21.</text>
				<template>AGENT-1 died in PATIENT-1 on PATIENT-2 .</template>
			</lex>
			<lex comment="toFix" lid="Id5">
				<text>Alan Shephard passed away on 1998-07-21 in California.</text>
				<template>AGENT-1 passed away on PATIENT-2 in PATIENT-1 .</template>
			</lex>
			<entitymap>
				<entity>AGENT-1 | Alan_Shepard</entity>
				<entity>PATIENT-1 | California</entity>
				<entity>PATIENT-2 | &quot;1998-07-21&quot;</entity>
			</entitymap>
		</entry>
		<entry category="Astronaut" eid="Id13" size="2">
			<originaltripleset>
				<otriple>Alan_Shepard | deathPlace | California</otriple>
				<otriple>California | senators | Dianne_Feinstein</otriple>
			</originaltripleset>
			<modifiedtripleset>
				<mtriple>Alan_Shepard | deathPlace | California</mtriple>
				<mtriple>California | senators | Dianne_Feinstein</mtriple>
			</modifiedtripleset>
			<lex comment="good" lid="Id1">
				<text>Dianne Feinstein is one of the senators of California, where Alan Shepard died.</text>
				<template>PATIENT-1 is one of the senators of BRIDGE-1 , where AGENT-1 died .</template>
			</lex>
			<lex comment="good" lid="Id2">
				<text>Alan Shepard died in California where Dianne Feinstein was the Senator representing the state.</text>
				<template>AGENT-1 died in BRIDGE-1 where PATIENT-1 was the Senator representing BRIDGE-1 .</template>
			</lex>
			<lex comment="good" lid="Id3">
				<text>Senator Dianne Feinstein and Alan Shepard are both Californians.</text>
				<template>PATIENT-1 and AGENT-1 are BRIDGE-1 .</template>
			</lex>
			<entitymap>
				<entity>BRIDGE-1 | California</entity>
				<entity>AGENT-1 | Alan_Shepard</entity>
				<entity>PATIENT-1 | Dianne_Feinstein</entity>
			</entitymap>
		</entry>
		<entry category="Astronaut" eid="Id14" size="2">
			<originaltripleset>
				<otriple>Alan_Shepard | nationality | United_States</otriple>
				<otriple>Alan_Shepard | birthDate | &quot;1923-11-18&quot;</otriple>
			</originaltripleset>
			<modifiedtripleset>
				<mtriple>Alan_Shepard | nationality | United_States</mtriple>
				<mtriple>Alan_Shepard | birthDate | &quot;1923-11-18&quot;</mtriple>
			</modifiedtripleset>
			<lex comment="good" lid="Id1">
				<text>American Alan Shepard was born on Nov. 18, 1923.</text>
				<template>PATIENT-1 AGENT-1 was born on PATIENT-2 .</template>
			</lex>
			<lex comment="good" lid="Id2">
				<text>Alan Shepard was born on the 18th November 1923 in the United States.</text>
				<template>AGENT-1 was born on PATIENT-2 in PATIENT-1 .</template>
			</lex>
			<lex comment="good" lid="Id3">
				<text>Alan Shepard was an American who was born on November 18th, 1923.</text>
				<template>AGENT-1 was PATIENT-1 who was born on PATIENT-2 .</template>
			</lex>
			<entitymap>
				<entity>AGENT-1 | Alan_Shepard</entity>
				<entity>PATIENT-1 | United_States</entity>
				<entity>PATIENT-2 | &quot;1923-11-18&quot;</entity>
			</entitymap>
		</entry>
		<entry category="Astronaut" eid="Id15" size="2">
			<originaltripleset>
				<otriple>Alan_Shepard | years | 1963</otriple>
				<otriple>Alan_Shepard | title | Chief_of_the_Astronaut_Office</otriple>
			</originaltripleset>
			<modifiedtripleset>
				<mtriple>Alan_Shepard | served as Chief of the Astronaut Office in | 1963</mtriple>
				<mtriple>Alan_Shepard | title | Chief_of_the_Astronaut_Office</mtriple>
			</modifiedtripleset>
			<lex comment="good" lid="Id1">
				<text>In 1963 the Chief of the Astronaut office was Alan Shepard.</text>
				<template>In PATIENT-1 PATIENT-2 was AGENT-1 .</template>
			</lex>
			<lex comment="good" lid="Id2">
				<text>In 1963 Alan Shepard was Chief of the Astronaut Office.</text>
				<template>In PATIENT-1 AGENT-1 was PATIENT-2 .</template>
			</lex>
			<lex comment="good" lid="Id3">
				<text>Alan Shepard held the position of the Chief of the Astronaut Office in 1963.</text>
				<template>AGENT-1 held the position of PATIENT-2 in PATIENT-1 .</template>
			</lex>
			<entitymap>
				<entity>AGENT-1 | Alan_Shepard</entity>
				<entity>PATIENT-1 | 1963</entity>
				<entity>PATIENT-2 | Chief_of_the_Astronaut_Office</entity>
			</entitymap>
		</entry>
		<entry category="Astronaut" eid="Id16" size="2">
			<originaltripleset>
				<otriple>Alan_Shepard | timeInSpace | &quot;13017.0&quot;(minutes)</otriple>
				<otriple>Alan_Shepard | birthPlace | New_Hampshire</otriple>
			</originaltripleset>
			<modifiedtripleset>
				<mtriple>Alan_Shepard | timeInSpace | &quot;13017.0&quot;(minutes)</mtriple>
				<mtriple>Alan_Shepard | birthPlace | New_Hampshire</mtriple>
			</modifiedtripleset>
			<lex comment="good" lid="Id1">
				<text>Alan Shepard, born in New Hampshire, spent 13017 minutes in space.</text>
				<template>AGENT-1 , born in PATIENT-2 , spent PATIENT-1 in space .</template>
			</lex>
			<lex comment="good" lid="Id2">
				<text>Alan Shepard, who was born in New Hampshire has spent 13017,0 minutes in space.</text>
				<template>AGENT-1 , who was born in PATIENT-2 has spent PATIENT-1 in space .</template>
			</lex>
			<lex comment="good" lid="Id3">
				<text>Alan Shepard was born in New Hampshire and spent 13017 minutes in space.</text>
				<template>AGENT-1 was born in PATIENT-2 and spent PATIENT-1 in space .</template>
			</lex>
			<lex comment="good" lid="Id4">
				<text>Alan Shepard was born in New Hampshire and spent 13017.0 minutes in space.</text>
				<template>AGENT-1 was born in PATIENT-2 and spent PATIENT-1 in space .</template>
			</lex>
			<entitymap>
				<entity>AGENT-1 | Alan_Shepard</entity>
				<entity>PATIENT-1 | &quot;13017.0&quot;(minutes)</entity>
				<entity>PATIENT-2 | New_Hampshire</entity>
			</entitymap>
		</entry>
		<entry category="Astronaut" eid="Id17" size="2">
			<originaltripleset>
				<otriple>Alan_Shepard | title | Chief_of_the_Astronaut_Office</otriple>
				<otriple>Alan_Shepard | birthPlace | New_Hampshire</otriple>
			</originaltripleset>
			<modifiedtripleset>
				<mtriple>Alan_Shepard | title | Chief_of_the_Astronaut_Office</mtriple>
				<mtriple>Alan_Shepard | birthPlace | New_Hampshire</mtriple>
			</modifiedtripleset>
			<lex comment="good" lid="Id1">
				<text>Alan Shepard was born in New Hampshire and he served as the Chief of the Astronaut Office.</text>
				<template>AGENT-1 was born in PATIENT-2 and AGENT-1 served as PATIENT-1 .</template>
			</lex>
			<lex comment="good" lid="Id2">
				<text>Alan Shepard, who was born in New Hampshire, later became the Chief of the Astronaut Office.</text>
				<template>AGENT-1 , who was born in PATIENT-2 , later became PATIENT-1 .</template>
			</lex>
			<lex comment="good" lid="Id3">
				<text>Alan Shepard , who was born in New Hampshire, held the position of the Chief of the Astronaut Office.</text>
				<template>AGENT-1 , who was born in PATIENT-2 , held the position of PATIENT-1 .</template>
			</lex>
			<lex comment="good" lid="Id4">
				<text>Alan Shepard is Chief of the Astronaut Office and was born in New Hampshire.</text>
				<template>AGENT-1 is PATIENT-1 and was born in PATIENT-2 .</template>
			</lex>
			<lex comment="good" lid="Id5">
				<text>Alan Shepard who was born in New Hampshire held the title Chief of the Astronaut Office.</text>
				<template>AGENT-1 who was born in PATIENT-2 held the title PATIENT-1 .</template>
			</lex>
			<lex comment="good" lid="Id6">
				<text>Alan Shepard, who was born in New Hampshire is the Chief of the Astronaut Office,.</text>
				<template>AGENT-1 , who was born in PATIENT-2 is PATIENT-1 , .</template>
			</lex>
			<entitymap>
				<entity>AGENT-1 | Alan_Shepard</entity>
				<entity>PATIENT-1 | Chief_of_the_Astronaut_Office</entity>
				<entity>PATIENT-2 | New_Hampshire</entity>
			</entitymap>
		</entry>
		<entry category="Astronaut" eid="Id18" size="2">
			<originaltripleset>
				<otriple>Alan_Shepard | mission | Apollo_14</otriple>
				<otriple>Apollo_14 | operator | NASA</otriple>
			</originaltripleset>
			<modifiedtripleset>
				<mtriple>Alan_Shepard | was a crew member of | Apollo_14</mtriple>
				<mtriple>Apollo_14 | operator | NASA</mtriple>
			</modifiedtripleset>
			<lex comment="good" lid="Id1">
				<text>Alan Shepard was a member of the crew of Apollo 14 which was operated by NASA.</text>
				<template>AGENT-1 was a member of the crew of BRIDGE-1 which was operated by PATIENT-1 .</template>
			</lex>
			<lex comment="good" lid="Id2">
				<text>NASA's Apollo 14 mission crew included Alan Shepard.</text>
				<template>PATIENT-1 @ BRIDGE-1 mission crew included AGENT-1 .</template>
			</lex>
			<lex comment="good" lid="Id3">
				<text>NASA's Apollo 14 saw Alan Shepard as one of its crew members.</text>
				<template>PATIENT-1 @ BRIDGE-1 saw AGENT-1 as one of BRIDGE-1 crew members .</template>
			</lex>
			<lex comment="good" lid="Id4">
				<text>Alan Shepard was a crew member of NASA's Apollo 14.</text>
				<template>AGENT-1 was a crew member of PATIENT-1 @ BRIDGE-1 .</template>
			</lex>
			<entitymap>
				<entity>BRIDGE-1 | Apollo_14</entity>
				<entity>AGENT-1 | Alan_Shepard</entity>
				<entity>PATIENT-1 | NASA</entity>
			</entitymap>
		</entry>
		<entry category="Astronaut" eid="Id19" size="2">
			<originaltripleset>
				<otriple>British_Hong_Kong | representative | Chris_Patten</otriple>
				<otriple>William_Anders | birthPlace | British_Hong_Kong</otriple>
			</originaltripleset>
			<modifiedtripleset>
				<mtriple>British_Hong_Kong | representative | Chris_Patten</mtriple>
				<mtriple>William_Anders | birthPlace | British_Hong_Kong</mtriple>
			</modifiedtripleset>
			<lex comment="good" lid="Id1">
				<text>William Anders was born in British Hong Kong represented by Chris Patten.</text>
				<template>AGENT-1 was born in BRIDGE-1 represented by PATIENT-1 .</template>
			</lex>
			<lex comment="good" lid="Id2">
				<text>Chris Patten is a representative of British Hong Kong which coincidentally is the birthplace of William Anders.</text>
				<template>PATIENT-1 is a representative of BRIDGE-1 which coincidentally is the birthplace of AGENT-1 .</template>
			</lex>
			<entitymap>
				<entity>BRIDGE-1 | British_Hong_Kong</entity>
				<entity>AGENT-1 | William_Anders</entity>
				<entity>PATIENT-1 | Chris_Patten</entity>
			</entitymap>
		</entry>
		<entry category="Astronaut" eid="Id20" size="2">
			<originaltripleset>
				<otriple>Buzz_Aldrin | alternativeNames | &quot;Edwin E. Aldrin, Jr.&quot;</otriple>
				<otriple>Buzz_Aldrin | birthDate | &quot;1930-01-20&quot;</otriple>
			</originaltripleset>
			<modifiedtripleset>
				<mtriple>Buzz_Aldrin | alternativeNames | &quot;Edwin E. Aldrin, Jr.&quot;</mtriple>
				<mtriple>Buzz_Aldrin | birthDate | &quot;1930-01-20&quot;</mtriple>
			</modifiedtripleset>
			<lex comment="good" lid="Id1">
				<text>Edwin E. Aldrin who was born on 20th January 1930, went on to be known as Buzz Aldrin.</text>
				<template>PATIENT-1 who was born on PATIENT-2 , went on to be known as AGENT-1 .</template>
			</lex>
			<lex comment="good" lid="Id2">
				<text>Edwin E. Aldrin, Jr. was commonly known as Buzz Aldrin and was born January 20, 1930.</text>
				<template>PATIENT-1 was commonly known as AGENT-1 and was born PATIENT-2 .</template>
			</lex>
			<lex comment="good" lid="Id3">
				<text>Edwin E. Aldrin Junior's nickname was Buzz Aldrin and he was born on January 20th, 1930.</text>
				<template>PATIENT-1 nickname was AGENT-1 and AGENT-1 was born on PATIENT-2 .</template>
			</lex>
			<entitymap>
				<entity>AGENT-1 | Buzz_Aldrin</entity>
				<entity>PATIENT-1 | &quot;Edwin E. Aldrin, Jr.&quot;</entity>
				<entity>PATIENT-2 | &quot;1930-01-20&quot;</entity>
			</entitymap>
		</entry>
		<entry category="Astronaut" eid="Id21" size="2">
			<originaltripleset>
				<otriple>Buzz_Aldrin | awards | 20</otriple>
				<otriple>Buzz_Aldrin | almaMater | &quot;Massachusetts Institute of Technology, Sc.D. 1963&quot;</otriple>
			</originaltripleset>
			<modifiedtripleset>
				<mtriple>Buzz_Aldrin | awards | 20</mtriple>
				<mtriple>Buzz_Aldrin | almaMater | &quot;Massachusetts Institute of Technology, Sc.D. 1963&quot;</mtriple>
			</modifiedtripleset>
			<lex comment="good" lid="Id1">
				<text>Buzz Aldrin, who graduated from Massachusetts Institute of Technology, Sc.D. in 1963, has received 20 awards.</text>
				<template>AGENT-1 , who graduated from PATIENT-2 , has received PATIENT-1 awards .</template>
			</lex>
			<lex comment="good" lid="Id2">
				<text>Buzz Aldrin, who graduated from Massachusetts Institute of Technology in 1963 with a doctorate in Science, has received 20 awards.</text>
				<template>AGENT-1 , who graduated from PATIENT-2 , has received PATIENT-1 awards .</template>
			</lex>
			<lex comment="good" lid="Id3">
				<text>Buzz Aldrin, who graduated from Massachusetts Institute of Technology with a Sc.D in 1963, has won 20 awards.</text>
				<template>AGENT-1 , who graduated from PATIENT-2 , has won PATIENT-1 awards .</template>
			</lex>
			<lex comment="good" lid="Id4">
				<text>Buzz Aldrin graduated from the Massachusetts Institute of Technology, Sc.D. 1963 and is the recipient of 20 awards.</text>
				<template>AGENT-1 graduated from PATIENT-2 and is the recipient of PATIENT-1 awards .</template>
			</lex>
			<lex comment="good" lid="Id5">
				<text>Buzz Aldrin graduated from Massachusetts Institute of Technology in 1963. He obtained 20 awards.</text>
				<template>AGENT-1 graduated from PATIENT-2 . AGENT-1 obtained PATIENT-1 awards .</template>
			</lex>
			<entitymap>
				<entity>AGENT-1 | Buzz_Aldrin</entity>
				<entity>PATIENT-1 | 20</entity>
				<entity>PATIENT-2 | &quot;Massachusetts Institute of Technology, Sc.D. 1963&quot;</entity>
			</entitymap>
		</entry>
		<entry category="Astronaut" eid="Id22" size="2">
			<originaltripleset>
				<otriple>Buzz_Aldrin | dateOfRet | &quot;1971-07-01&quot;</otriple>
				<otriple>Buzz_Aldrin | timeInSpace | &quot;52.0&quot;(minutes)</otriple>
			</originaltripleset>
			<modifiedtripleset>
				<mtriple>Buzz_Aldrin | dateOfRetirement | &quot;1971-07-01&quot;</mtriple>
				<mtriple>Buzz_Aldrin | timeInSpace | &quot;52.0&quot;(minutes)</mtriple>
			</modifiedtripleset>
			<lex comment="good" lid="Id1">
				<text>Buzz Aldrin, who retired on July 1, 1971, spent 52.0 minutes in space.</text>
				<template>AGENT-1 , who retired on PATIENT-1 , spent PATIENT-2 in space .</template>
			</lex>
			<lex comment="good" lid="Id2">
				<text>Buzz Aldrin spent 52 minutes in outer space before he retired on January 7th, 1971.</text>
				<template>AGENT-1 spent PATIENT-2 in outer space before AGENT-1 retired on PATIENT-1 .</template>
			</lex>
			<lex comment="good" lid="Id3">
				<text>Buzz Aldrin, who retired on July 1st 1971, once spent 52 minutes in outer space.</text>
				<template>AGENT-1 , who retired on PATIENT-1 , once spent PATIENT-2 in outer space .</template>
			</lex>
			<entitymap>
				<entity>AGENT-1 | Buzz_Aldrin</entity>
				<entity>PATIENT-1 | &quot;1971-07-01&quot;</entity>
				<entity>PATIENT-2 | &quot;52.0&quot;(minutes)</entity>
			</entitymap>
		</entry>
		<entry category="Astronaut" eid="Id23" size="2">
			<originaltripleset>
				<otriple>Buzz_Aldrin | nationality | United_States</otriple>
				<otriple>Buzz_Aldrin | status | &quot;Retired&quot;</otriple>
			</originaltripleset>
			<modifiedtripleset>
				<mtriple>Buzz_Aldrin | nationality | United_States</mtriple>
				<mtriple>Buzz_Aldrin | status | &quot;Retired&quot;</mtriple>
			</modifiedtripleset>
			<lex comment="good" lid="Id1">
				<text>The American Buzz Aldrin is now retired.</text>
				<template>PATIENT-1 AGENT-1 is now PATIENT-2 .</template>
			</lex>
			<lex comment="good" lid="Id2">
				<text>Buzz Aldrin, now retired, was born in the United States.</text>
				<template>AGENT-1 , now PATIENT-2 , was born in PATIENT-1 .</template>
			</lex>
			<entitymap>
				<entity>AGENT-1 | Buzz_Aldrin</entity>
				<entity>PATIENT-1 | United_States</entity>
				<entity>PATIENT-2 | &quot;Retired&quot;</entity>
			</entitymap>
		</entry>
		<entry category="Astronaut" eid="Id24" size="2">
			<originaltripleset>
				<otriple>Buzz_Aldrin | nationality | United_States</otriple>
				<otriple>United_States | leaderName | Joe_Biden</otriple>
			</originaltripleset>
			<modifiedtripleset>
				<mtriple>Buzz_Aldrin | nationality | United_States</mtriple>
				<mtriple>United_States | leaderName | Joe_Biden</mtriple>
			</modifiedtripleset>
			<lex comment="good" lid="Id1">
				<text>Leader, Joe Biden, and Buzz Aldrin are both American.</text>
				<template>Leader , PATIENT-1 , and AGENT-1 are both BRIDGE-1 .</template>
			</lex>
			<lex comment="good" lid="Id2">
				<text>Buzz Aldrin is a US national led by Joe Biden.</text>
				<template>AGENT-1 is BRIDGE-1 national led by PATIENT-1 .</template>
			</lex>
			<lex comment="good" lid="Id3">
				<text>Buzz Aldrin is united states citizen whose leader is Joe Biden.</text>
				<template>AGENT-1 is BRIDGE-1 whose leader is PATIENT-1 .</template>
			</lex>
			<entitymap>
				<entity>BRIDGE-1 | United_States</entity>
				<entity>AGENT-1 | Buzz_Aldrin</entity>
				<entity>PATIENT-1 | Joe_Biden</entity>
			</entitymap>
		</entry>
		<entry category="Astronaut" eid="Id25" size="2">
			<originaltripleset>
				<otriple>Buzz_Aldrin | ribbon | &quot;Legion of Merit ribbon.svg&quot;</otriple>
				<otriple>Buzz_Aldrin | birthName | &quot;Edwin Eugene Aldrin Jr.&quot;</otriple>
			</originaltripleset>
			<modifiedtripleset>
				<mtriple>Buzz_Aldrin | was awarded | &quot;Legion of Merit ribbon.svg&quot;</mtriple>
				<mtriple>Buzz_Aldrin | birthName | &quot;Edwin Eugene Aldrin Jr.&quot;</mtriple>
			</modifiedtripleset>
			<lex comment="good" lid="Id1">
				<text>Buzz Aldrin, real name Edwin Eugene Aldrin Jr., was awarded the Legion of Merit ribbon.</text>
				<template>AGENT-1 , real name PATIENT-2 , was awarded PATIENT-1 .</template>
			</lex>
			<lex comment="good" lid="Id2">
				<text>Buzz Aldrin, born Edwin Eugene Aldrin, was awarded the Legion of Merit ribbon.</text>
				<template>AGENT-1 , born PATIENT-2 , was awarded PATIENT-1 .</template>
			</lex>
			<lex comment="good" lid="Id3">
				<text>Buzz Aldrin's real name is Edwin Eugene Aldrin Jr. and he won the Legion of Merit ribbon.</text>
				<template>AGENT-1 real name is PATIENT-2 and AGENT-1 won PATIENT-1 .</template>
			</lex>
			<entitymap>
				<entity>AGENT-1 | Buzz_Aldrin</entity>
				<entity>PATIENT-1 | &quot;Legion of Merit ribbon.svg&quot;</entity>
				<entity>PATIENT-2 | &quot;Edwin Eugene Aldrin Jr.&quot;</entity>
			</entitymap>
		</entry>
		<entry category="Astronaut" eid="Id26" size="2">
			<originaltripleset>
				<otriple>Buzz_Aldrin | selection | 1963</otriple>
				<otriple>Buzz_Aldrin | status | &quot;Retired&quot;</otriple>
			</originaltripleset>
			<modifiedtripleset>
				<mtriple>Buzz_Aldrin | was selected by NASA | 1963</mtriple>
				<mtriple>Buzz_Aldrin | status | &quot;Retired&quot;</mtriple>
			</modifiedtripleset>
			<lex comment="good" lid="Id1">
				<text>Buzz Aldrin was selected to work for NASA in 1963 and has since retired.</text>
				<template>AGENT-1 was selected to work for NASA in PATIENT-1 and has since PATIENT-2 .</template>
			</lex>
			<lex comment="good" lid="Id2">
				<text>Buzz Aldrin, now retired, was hired by NASA in 1963.</text>
				<template>AGENT-1 , now PATIENT-2 , was hired by NASA in PATIENT-1 .</template>
			</lex>
			<lex comment="good" lid="Id3">
				<text>Retiree Buzz Aldrin joined NASA in 1963.</text>
				<template>PATIENT-2 AGENT-1 joined NASA in PATIENT-1 .</template>
			</lex>
			<entitymap>
				<entity>AGENT-1 | Buzz_Aldrin</entity>
				<entity>PATIENT-1 | 1963</entity>
				<entity>PATIENT-2 | &quot;Retired&quot;</entity>
			</entitymap>
		</entry>
		<entry category="Astronaut" eid="Id27" size="2">
			<originaltripleset>
				<otriple>California | gemstone | Benitoite</otriple>
				<otriple>Alan_Shepard | deathPlace | California</otriple>
			</originaltripleset>
			<modifiedtripleset>
				<mtriple>California | gemstone | Benitoite</mtriple>
				<mtriple>Alan_Shepard | deathPlace | California</mtriple>
			</modifiedtripleset>
			<lex comment="good" lid="Id1">
				<text>Alan Shepard died in California, the common place to find the gem Benitoite.</text>
				<template>AGENT-1 died in BRIDGE-1 , the common place to find PATIENT-1 .</template>
			</lex>
			<lex comment="good" lid="Id2">
				<text>California is well known for the gemstone benitoite, and as the state where Alan Shepard died.</text>
				<template>BRIDGE-1 is well known for the gemstone PATIENT-1 , and as the state where AGENT-1 died .</template>
			</lex>
			<lex comment="good" lid="Id3">
				<text>Alan Shepard died in California, which has as its gemstone, Benitoite.</text>
				<template>AGENT-1 died in BRIDGE-1 , which has as BRIDGE-1 gemstone , PATIENT-1 .</template>
			</lex>
			<entitymap>
				<entity>BRIDGE-1 | California</entity>
				<entity>AGENT-1 | Alan_Shepard</entity>
				<entity>PATIENT-1 | Benitoite</entity>
			</entitymap>
		</entry>
		<entry category="Astronaut" eid="Id28" size="2">
			<originaltripleset>
				<otriple>Dallas | partsType | List_of_counties_in_Texas</otriple>
				<otriple>Elliot_See | birthPlace | Dallas</otriple>
			</originaltripleset>
			<modifiedtripleset>
				<mtriple>Dallas | partsType | List_of_counties_in_Texas</mtriple>
				<mtriple>Elliot_See | birthPlace | Dallas</mtriple>
			</modifiedtripleset>
			<lex comment="good" lid="Id1">
				<text>Elliot See was born in Dallas, Texas.</text>
				<template>AGENT-1 was born in BRIDGE-1 , PATIENT-1 .</template>
			</lex>
			<lex comment="good" lid="Id2">
				<text>Elliot See was born in Dallas County, Dallas Texas.</text>
				<template>AGENT-1 was born in BRIDGE-1 , PATIENT-1 .</template>
			</lex>
			<entitymap>
				<entity>BRIDGE-1 | Dallas</entity>
				<entity>AGENT-1 | Elliot_See</entity>
				<entity>PATIENT-1 | List_of_counties_in_Texas</entity>
			</entitymap>
		</entry>
		<entry category="Astronaut" eid="Id29" size="2">
			<originaltripleset>
				<otriple>Distinguished_Service_Medal_(United_States_Navy) | higher | Department_of_Commerce_Gold_Medal</otriple>
				<otriple>Alan_Shepard | awards | Distinguished_Service_Medal_(United_States_Navy)</otriple>
			</originaltripleset>
			<modifiedtripleset>
				<mtriple>Distinguished_Service_Medal_(United_States_Navy) | higher | Department_of_Commerce_Gold_Medal</mtriple>
				<mtriple>Alan_Shepard | awards | Distinguished_Service_Medal_(United_States_Navy)</mtriple>
			</modifiedtripleset>
			<lex comment="good" lid="Id1">
				<text>Alan Shepard's Distinguished Service Medal from the U.S. Navy ranks higher than Department of Commerce Gold Medal.</text>
				<template>AGENT-1 @ BRIDGE-1 ranks higher than PATIENT-1 .</template>
			</lex>
			<lex comment="good" lid="Id2">
				<text>Alan Shepard was the recipient of the Distinguished Service Medal in the United States Navy and this is a medal that is ranked higher than Department of Commerce Gold Medal.</text>
				<template>AGENT-1 was the recipient of BRIDGE-1 and BRIDGE-1 that is ranked higher than PATIENT-1 .</template>
			</lex>
			<lex comment="toFix" lid="Id3">
				<text>in the higher rank of Department of Commerce Gold Medal Alan Shepard got one of the Distinguished Service Medal of United States Navy.</text>
				<template>in the higher rank of PATIENT-1 AGENT-1 got one of BRIDGE-1 .</template>
			</lex>
			<entitymap>
				<entity>BRIDGE-1 | Distinguished_Service_Medal_(United_States_Navy)</entity>
				<entity>AGENT-1 | Alan_Shepard</entity>
				<entity>PATIENT-1 | Department_of_Commerce_Gold_Medal</entity>
			</entitymap>
		</entry>
		<entry category="Astronaut" eid="Id30" size="2">
			<originaltripleset>
				<otriple>Elliot_See | almaMater | University_of_Texas_at_Austin</otriple>
				<otriple>Elliot_See | birthDate | &quot;1927-07-23&quot;</otriple>
			</originaltripleset>
			<modifiedtripleset>
				<mtriple>Elliot_See | almaMater | University_of_Texas_at_Austin</mtriple>
				<mtriple>Elliot_See | birthDate | &quot;1927-07-23&quot;</mtriple>
			</modifiedtripleset>
			<lex comment="good" lid="Id1">
				<text>Elliot See was born on July 23rd, 1927, and was a student at University of Texas at Austin.</text>
				<template>AGENT-1 was born on PATIENT-2 , and was a student at PATIENT-1 .</template>
			</lex>
			<lex comment="good" lid="Id2">
				<text>Elliot See, who was born on July 23, 1927, graduated from the University of Texas at Austin.</text>
				<template>AGENT-1 , who was born on PATIENT-2 , graduated from PATIENT-1 .</template>
			</lex>
			<lex comment="good" lid="Id3">
				<text>Elliot See, a student at University of Texas at Austin and was born on 23rd July 1927.</text>
				<template>AGENT-1 , a student at PATIENT-1 and was born on PATIENT-2 .</template>
			</lex>
			<entitymap>
				<entity>AGENT-1 | Elliot_See</entity>
				<entity>PATIENT-1 | University_of_Texas_at_Austin</entity>
				<entity>PATIENT-2 | &quot;1927-07-23&quot;</entity>
			</entitymap>
		</entry>
		<entry category="Astronaut" eid="Id31" size="2">
			<originaltripleset>
				<otriple>Elliot_See | almaMater | University_of_Texas_at_Austin</otriple>
				<otriple>Elliot_See | birthPlace | Dallas</otriple>
			</originaltripleset>
			<modifiedtripleset>
				<mtriple>Elliot_See | almaMater | University_of_Texas_at_Austin</mtriple>
				<mtriple>Elliot_See | birthPlace | Dallas</mtriple>
			</modifiedtripleset>
			<lex comment="good" lid="Id1">
				<text>Elliot See was was born in Dallas and was a student at University of Texas at Austin.</text>
				<template>AGENT-1 was was born in PATIENT-2 and was a student at PATIENT-1 .</template>
			</lex>
			<lex comment="good" lid="Id2">
				<text>Elliot See graduated from the University of Texas at Austin and was also born in Dallas, Texas.</text>
				<template>AGENT-1 graduated from PATIENT-1 and was also born in PATIENT-2 .</template>
			</lex>
			<lex comment="good" lid="Id3">
				<text>Elliot See was born in Dallas and went on to attend the University of Texas at Austin.</text>
				<template>AGENT-1 was born in PATIENT-2 and went on to attend PATIENT-1 .</template>
			</lex>
			<lex comment="good" lid="Id4">
				<text>Dallas native Eliot See's alma mater was the University of Texas at Austin.</text>
				<template>PATIENT-2 native Eliot See 's alma mater was PATIENT-1 .</template>
			</lex>
			<lex comment="good" lid="Id5">
				<text>Elliot See graduated from the University of Texas, Austin. He was born in Dallas.</text>
				<template>AGENT-1 graduated from PATIENT-1 . AGENT-1 was born in PATIENT-2 .</template>
			</lex>
			<entitymap>
				<entity>AGENT-1 | Elliot_See</entity>
				<entity>PATIENT-1 | University_of_Texas_at_Austin</entity>
				<entity>PATIENT-2 | Dallas</entity>
			</entitymap>
		</entry>
		<entry category="Astronaut" eid="Id32" size="2">
			<originaltripleset>
				<otriple>Elliot_See | almaMater | University_of_Texas_at_Austin</otriple>
				<otriple>University_of_Texas_at_Austin | affiliations | University_of_Texas_System</otriple>
			</originaltripleset>
			<modifiedtripleset>
				<mtriple>Elliot_See | almaMater | University_of_Texas_at_Austin</mtriple>
				<mtriple>University_of_Texas_at_Austin | affiliations | University_of_Texas_System</mtriple>
			</modifiedtripleset>
			<lex comment="good" lid="Id1">
				<text>Elliot See graduated from the University of Texas at Austin, affiliated to the university of Texas system.</text>
				<template>AGENT-1 graduated from BRIDGE-1 , affiliated to PATIENT-1 .</template>
			</lex>
			<lex comment="good" lid="Id2">
				<text>Elliot See was a student at the University of Texas at Austin which is part of the University of Texas system.</text>
				<template>AGENT-1 was a student at BRIDGE-1 which is part of PATIENT-1 .</template>
			</lex>
			<lex comment="good" lid="Id3">
				<text>Elliot See graduated from the University of Texas at Austin, which is affiliated with the University of Texas System.</text>
				<template>AGENT-1 graduated from BRIDGE-1 , which is affiliated with PATIENT-1 .</template>
			</lex>
			<lex comment="good" lid="Id4">
				<text>Elliot See's alma mater is the University of Texas at Austin which is affiliated with the University of Texas System.</text>
				<template>AGENT-1 alma mater is BRIDGE-1 which is affiliated with PATIENT-1 .</template>
			</lex>
			<entitymap>
				<entity>BRIDGE-1 | University_of_Texas_at_Austin</entity>
				<entity>AGENT-1 | Elliot_See</entity>
				<entity>PATIENT-1 | University_of_Texas_System</entity>
			</entitymap>
		</entry>
		<entry category="Astronaut" eid="Id33" size="2">
			<originaltripleset>
				<otriple>Elliot_See | deathPlace | St._Louis</otriple>
				<otriple>Elliot_See | deathDate | &quot;1966-02-28&quot;</otriple>
			</originaltripleset>
			<modifiedtripleset>
				<mtriple>Elliot_See | deathPlace | St._Louis</mtriple>
				<mtriple>Elliot_See | deathDate | &quot;1966-02-28&quot;</mtriple>
			</modifiedtripleset>
			<lex comment="good" lid="Id1">
				<text>Elliot See died on February 28, 1966, in St Louis.</text>
				<template>AGENT-1 died on PATIENT-2 , in PATIENT-1 .</template>
			</lex>
			<lex comment="good" lid="Id2">
				<text>Elliot See died in St Louis on February 28,1966.</text>
				<template>AGENT-1 died in PATIENT-1 on PATIENT-2 .</template>
			</lex>
			<lex comment="good" lid="Id3">
				<text>Elliot See died in St Louis on February 28, 1966..</text>
				<template>AGENT-1 died in PATIENT-1 on PATIENT-2 . .</template>
			</lex>
			<lex comment="good" lid="Id4">
				<text>Elliot See died in St. Louis on February 28th, 1966.</text>
				<template>AGENT-1 died in PATIENT-1 on PATIENT-2 .</template>
			</lex>
			<lex comment="good" lid="Id5">
				<text>Elliot See died in St. Louis on 1966-02-28.</text>
				<template>AGENT-1 died in PATIENT-1 on PATIENT-2 .</template>
			</lex>
			<lex comment="good" lid="Id6">
				<text>Elliot See died in St Louis on 28/02/1966.</text>
				<template>AGENT-1 died in PATIENT-1 on PATIENT-2 .</template>
			</lex>
			<lex comment="good" lid="Id7">
				<text>Elliot See passed away on 1966-02-28 in St. Louis.</text>
				<template>AGENT-1 passed away on PATIENT-2 in PATIENT-1 .</template>
			</lex>
			<entitymap>
				<entity>AGENT-1 | Elliot_See</entity>
				<entity>PATIENT-1 | St._Louis</entity>
				<entity>PATIENT-2 | &quot;1966-02-28&quot;</entity>
			</entitymap>
		</entry>
		<entry category="Astronaut" eid="Id34" size="2">
			<originaltripleset>
				<otriple>Elliot_See | deathPlace | St._Louis</otriple>
				<otriple>Elliot_See | selection | 1962</otriple>
			</originaltripleset>
			<modifiedtripleset>
				<mtriple>Elliot_See | deathPlace | St._Louis</mtriple>
				<mtriple>Elliot_See | was selected by NASA | 1962</mtriple>
			</modifiedtripleset>
			<lex comment="good" lid="Id1">
				<text>Elliot See, who worked for NASA beginning in 1962, died in St. Louis.</text>
				<template>AGENT-1 , who worked for NASA beginning in PATIENT-2 , died in PATIENT-1 .</template>
			</lex>
			<lex comment="good" lid="Id2">
				<text>Elliot See joined NASA in 1962 and died in St Louis.</text>
				<template>AGENT-1 joined NASA in PATIENT-2 and died in PATIENT-1 .</template>
			</lex>
			<lex comment="good" lid="Id3">
				<text>Elliot See, who was selected by NASA in 1962, died in St. Louis.</text>
				<template>AGENT-1 , who was selected by NASA in PATIENT-2 , died in PATIENT-1 .</template>
			</lex>
			<lex comment="good" lid="Id4">
				<text>Elliot See, who died in St. Louis, was selected by the NASA in 1962.</text>
				<template>AGENT-1 , who died in PATIENT-1 , was selected by the NASA in PATIENT-2 .</template>
			</lex>
			<lex comment="good" lid="Id5">
				<text>In 1962 Elliot See, who died later in St. Louis, was selected by NASA.</text>
				<template>In PATIENT-2 AGENT-1 , who died later in PATIENT-1 , was selected by NASA .</template>
			</lex>
			<lex comment="good" lid="Id6">
				<text>Elliot see selected by NASA in 1962 died in St. Louis.</text>
				<template>AGENT-1 see selected by NASA in PATIENT-2 died in PATIENT-1 .</template>
			</lex>
			<entitymap>
				<entity>AGENT-1 | Elliot_See</entity>
				<entity>PATIENT-1 | St._Louis</entity>
				<entity>PATIENT-2 | 1962</entity>
			</entitymap>
		</entry>
		<entry category="Astronaut" eid="Id35" size="2">
			<originaltripleset>
				<otriple>Elliot_See | deathPlace | St._Louis</otriple>
				<otriple>St._Louis | isPartOf | Kingdom_of_France</otriple>
			</originaltripleset>
			<modifiedtripleset>
				<mtriple>Elliot_See | deathPlace | St._Louis</mtriple>
				<mtriple>St._Louis | isPartOf | Kingdom_of_France</mtriple>
			</modifiedtripleset>
			<lex comment="good" lid="Id1">
				<text>Elliot See died in St. Louis, the Kingdom of France.</text>
				<template>AGENT-1 died in BRIDGE-1 , PATIENT-1 .</template>
			</lex>
			<lex comment="good" lid="Id2">
				<text>Elliot See died in St Louis situated in the Kingdom of France.</text>
				<template>AGENT-1 died in BRIDGE-1 situated in PATIENT-1 .</template>
			</lex>
			<lex comment="good" lid="Id3">
				<text>Elliot See died in St. Louis which was once part of the Kingdom of France.</text>
				<template>AGENT-1 died in BRIDGE-1 which was once part of PATIENT-1 .</template>
			</lex>
			<lex comment="good" lid="Id4">
				<text>Elliot See died in St. Louis ( part of Kingdom of France).</text>
				<template>AGENT-1 died in BRIDGE-1 (part of PATIENT-1) .</template>
			</lex>
			<entitymap>
				<entity>BRIDGE-1 | St._Louis</entity>
				<entity>AGENT-1 | Elliot_See</entity>
				<entity>PATIENT-1 | Kingdom_of_France</entity>
			</entitymap>
		</entry>
		<entry category="Astronaut" eid="Id36" size="2">
			<originaltripleset>
				<otriple>Elliot_See | status | &quot;Deceased&quot;</otriple>
				<otriple>Elliot_See | birthPlace | Dallas</otriple>
			</originaltripleset>
			<modifiedtripleset>
				<mtriple>Elliot_See | status | &quot;Deceased&quot;</mtriple>
				<mtriple>Elliot_See | birthPlace | Dallas</mtriple>
			</modifiedtripleset>
			<lex comment="good" lid="Id1">
				<text>Elliot See, who is now dead, was born in Dallas.</text>
				<template>AGENT-1 , who is now PATIENT-1 , was born in PATIENT-2 .</template>
			</lex>
			<lex comment="good" lid="Id2">
				<text>Elliot See, who was born in Dallas, has died.</text>
				<template>AGENT-1 , who was born in PATIENT-2 , has died .</template>
			</lex>
			<lex comment="good" lid="Id3">
				<text>Eliot See (deceased) was born in Dallas.</text>
				<template>AGENT-1 (PATIENT-1) was born in PATIENT-2 .</template>
			</lex>
			<lex comment="toFix" lid="Id4">
				<text>Elliot See, deceased. was born in Dallas.</text>
				<template>AGENT-1 , PATIENT-1 . was born in PATIENT-2 .</template>
			</lex>
			<lex comment="good" lid="Id5">
				<text>Elliot See, born in Dallas, has already passed away.</text>
				<template>AGENT-1 , born in PATIENT-2 , has already passed away .</template>
			</lex>
			<entitymap>
				<entity>AGENT-1 | Elliot_See</entity>
				<entity>PATIENT-1 | &quot;Deceased&quot;</entity>
				<entity>PATIENT-2 | Dallas</entity>
			</entitymap>
		</entry>
		<entry category="Astronaut" eid="Id37" size="2">
			<originaltripleset>
				<otriple>Elliot_See | status | &quot;Deceased&quot;</otriple>
				<otriple>Elliot_See | deathPlace | St._Louis</otriple>
			</originaltripleset>
			<modifiedtripleset>
				<mtriple>Elliot_See | status | &quot;Deceased&quot;</mtriple>
				<mtriple>Elliot_See | deathPlace | St._Louis</mtriple>
			</modifiedtripleset>
			<lex comment="toFix" lid="Id1">
				<text>Elliot See is died in St. Louis.</text>
				<template>AGENT-1 is died in PATIENT-2 .</template>
			</lex>
			<lex comment="good" lid="Id2">
				<text>Elliot See passed away in St Louis.</text>
				<template>AGENT-1 passed away in PATIENT-1 .</template>
			</lex>
			<lex comment="good" lid="Id3">
				<text>Elliot See is deceased and died in St. Louis.</text>
				<template>AGENT-1 is PATIENT-1 and died in PATIENT-2 .</template>
			</lex>
			<lex comment="good" lid="Id4">
				<text>Elliot See died in St. Louis.</text>
				<template>AGENT-1 died in PATIENT-2 .</template>
			</lex>
			<entitymap>
				<entity>AGENT-1 | Elliot_See</entity>
				<entity>PATIENT-1 | &quot;Deceased&quot;</entity>
				<entity>PATIENT-2 | St._Louis</entity>
			</entitymap>
		</entry>
		<entry category="Astronaut" eid="Id38" size="2">
			<originaltripleset>
				<otriple>New_Hampshire | bird | Purple_finch</otriple>
				<otriple>Alan_Shepard | birthPlace | New_Hampshire</otriple>
			</originaltripleset>
			<modifiedtripleset>
				<mtriple>New_Hampshire | bird | Purple_finch</mtriple>
				<mtriple>Alan_Shepard | birthPlace | New_Hampshire</mtriple>
			</modifiedtripleset>
			<lex comment="good" lid="Id1">
				<text>Alan Shepard was born in New Hampshire, where the purple finch is a native bird.</text>
				<template>AGENT-1 was born in BRIDGE-1 , where PATIENT-1 is a native bird .</template>
			</lex>
			<lex comment="good" lid="Id2">
				<text>Alan Shepard was born in New Hampshire, a state where one can find the purple finch bird.</text>
				<template>AGENT-1 was born in BRIDGE-1 , a state where one can find PATIENT-1 .</template>
			</lex>
			<lex comment="good" lid="Id3">
				<text>The purple finch is the bird of New Hampshire, the birthplace of Alan Shepard.</text>
				<template>PATIENT-1 is the bird of BRIDGE-1 , the birthplace of AGENT-1 .</template>
			</lex>
			<lex comment="good" lid="Id4">
				<text>purple finch is the bird of New Hampshire which is the birthplace of Alan Shepard.</text>
				<template>PATIENT-1 is the bird of BRIDGE-1 which is the birthplace of AGENT-1 .</template>
			</lex>
			<entitymap>
				<entity>BRIDGE-1 | New_Hampshire</entity>
				<entity>AGENT-1 | Alan_Shepard</entity>
				<entity>PATIENT-1 | Purple_finch</entity>
			</entitymap>
		</entry>
		<entry category="Astronaut" eid="Id39" size="2">
			<originaltripleset>
				<otriple>William_Anders | birthDate | &quot;1933-10-17&quot;</otriple>
				<otriple>William_Anders | almaMater | &quot;AFIT, M.S. 1962&quot;</otriple>
			</originaltripleset>
			<modifiedtripleset>
				<mtriple>William_Anders | birthDate | &quot;1933-10-17&quot;</mtriple>
				<mtriple>William_Anders | almaMater | &quot;AFIT, M.S. 1962&quot;</mtriple>
			</modifiedtripleset>
			<lex comment="good" lid="Id1">
				<text>William Anders was born on the 17th of October 1933 and graduated from AFIT in 1962 with an M.S.</text>
				<template>AGENT-1 was born on PATIENT-1 and graduated from PATIENT-2 .</template>
			</lex>
			<lex comment="good" lid="Id2">
				<text>William Anders, who was born on the 17th of October 1933, graduated from AFIT, M.S. in 1962.</text>
				<template>AGENT-1 , who was born on PATIENT-1 , graduated from PATIENT-2 .</template>
			</lex>
			<lex comment="good" lid="Id3">
				<text>William Anders was born 1933-10-17 and he received a MS from AFIT.</text>
				<template>AGENT-1 was born PATIENT-1 and AGENT-1 received PATIENT-2 .</template>
			</lex>
			<lex comment="good" lid="Id4">
				<text>William Anders (1933-10-17) graduated from AFIT, in 1962.</text>
				<template>AGENT-1 (PATIENT-1) graduated from PATIENT-2 .</template>
			</lex>
			<lex comment="good" lid="Id5">
				<text>William Anders was born on October 17th, 1933 and his Alma Mater was AFIT, M.S. which he attended in 1962.</text>
				<template>AGENT-1 was born on PATIENT-1 and AGENT-1 Alma Mater was PATIENT-2 .</template>
			</lex>
			<lex comment="good" lid="Id6">
				<text>William Anders ( born on 1933-10-17) graduated from AFIT, M.S. in 1962.</text>
				<template>AGENT-1 (born on PATIENT-1) graduated from PATIENT-2 .</template>
			</lex>
			<entitymap>
				<entity>AGENT-1 | William_Anders</entity>
				<entity>PATIENT-1 | &quot;1933-10-17&quot;</entity>
				<entity>PATIENT-2 | &quot;AFIT, M.S. 1962&quot;</entity>
			</entitymap>
		</entry>
		<entry category="Astronaut" eid="Id40" size="2">
			<originaltripleset>
				<otriple>William_Anders | dateOfRet | &quot;1969-09-01&quot;</otriple>
				<otriple>William_Anders | mission | Apollo_8</otriple>
			</originaltripleset>
			<modifiedtripleset>
				<mtriple>William_Anders | dateOfRetirement | &quot;1969-09-01&quot;</mtriple>
				<mtriple>William_Anders | was a crew member of | Apollo_8</mtriple>
			</modifiedtripleset>
			<lex comment="good" lid="Id1">
				<text>William Anders, who crewed Apollo 8, retired on September 1st, 1969.</text>
				<template>AGENT-1 , who crewed PATIENT-2 , retired on PATIENT-1 .</template>
			</lex>
			<lex comment="good" lid="Id2">
				<text>William Anders, who served as a crew member of Apollo 8, retired on September 1st, 1969.</text>
				<template>AGENT-1 , who served as a crew member of PATIENT-2 , retired on PATIENT-1 .</template>
			</lex>
			<lex comment="good" lid="Id3">
				<text>William Anders was once a crew member of Apollo 8 and he retired on September 1st, 1969.</text>
				<template>AGENT-1 was once a crew member of PATIENT-2 and AGENT-1 retired on PATIENT-1 .</template>
			</lex>
			<lex comment="good" lid="Id4">
				<text>William Anders, crew member of Apollo 8 retired as of 1969-09-01.</text>
				<template>AGENT-1 , crew member of PATIENT-2 retired as of PATIENT-1 .</template>
			</lex>
			<lex comment="good" lid="Id5">
				<text>William Anders, a crew member of Apollo 8, retired 1969/09/01.</text>
				<template>AGENT-1 , a crew member of PATIENT-2 , retired PATIENT-1 .</template>
			</lex>
			<lex comment="good" lid="Id6">
				<text>William Anders retired the 1st of August in 1969. He was a crew member of the Apollo 8.</text>
				<template>AGENT-1 retired PATIENT-1 . AGENT-1 was a crew member of PATIENT-2 .</template>
			</lex>
			<entitymap>
				<entity>AGENT-1 | William_Anders</entity>
				<entity>PATIENT-1 | &quot;1969-09-01&quot;</entity>
				<entity>PATIENT-2 | Apollo_8</entity>
			</entitymap>
		</entry>
		<entry category="Astronaut" eid="Id41" size="2">
			<originaltripleset>
				<otriple>William_Anders | nationality | United_States</otriple>
				<otriple>William_Anders | birthPlace | British_Hong_Kong</otriple>
			</originaltripleset>
			<modifiedtripleset>
				<mtriple>William_Anders | nationality | United_States</mtriple>
				<mtriple>William_Anders | birthPlace | British_Hong_Kong</mtriple>
			</modifiedtripleset>
			<lex comment="good" lid="Id1">
				<text>The American William Anders was born in British Hong Kong,.</text>
				<template>PATIENT-1 AGENT-1 was born in PATIENT-2 , .</template>
			</lex>
			<lex comment="toFix" lid="Id2">
				<text>William Anders, who was from the United States, was actually born in British Hong Kong.</text>
				<template>AGENT-1 , who was from PATIENT-1 , was actually born in PATIENT-2 .</template>
			</lex>
			<lex comment="good" lid="Id3">
				<text>Although William Anders was from the United States, he was actually born in British Hong Kong.</text>
				<template>Although AGENT-1 was from PATIENT-1 , AGENT-1 was actually born in PATIENT-2 .</template>
			</lex>
			<lex comment="good" lid="Id4">
				<text>William Anders nationality is the United States, but he was born in Hong Kong.</text>
				<template>AGENT-1 nationality is PATIENT-1 , but AGENT-1 was born in PATIENT-2 .</template>
			</lex>
			<lex comment="good" lid="Id5">
				<text>William Anders was born in British Hong Kong but has a United States nationality.</text>
				<template>AGENT-1 was born in PATIENT-2 but has a PATIENT-1 nationality .</template>
			</lex>
			<lex comment="good" lid="Id6">
				<text>William Anders from the United States was born in British Hong Kong.</text>
				<template>AGENT-1 from PATIENT-1 was born in PATIENT-2 .</template>
			</lex>
			<lex comment="good" lid="Id7">
				<text>William Anders was born in British Hong Kong and is a citizen of the United States.</text>
				<template>AGENT-1 was born in PATIENT-2 and is a citizen of PATIENT-1 .</template>
			</lex>
			<entitymap>
				<entity>AGENT-1 | William_Anders</entity>
				<entity>PATIENT-1 | United_States</entity>
				<entity>PATIENT-2 | British_Hong_Kong</entity>
			</entitymap>
		</entry>
		<entry category="Astronaut" eid="Id42" size="2">
			<originaltripleset>
				<otriple>William_Anders | occupation | Fighter_pilot</otriple>
				<otriple>William_Anders | birthPlace | British_Hong_Kong</otriple>
			</originaltripleset>
			<modifiedtripleset>
				<mtriple>William_Anders | occupation | Fighter_pilot</mtriple>
				<mtriple>William_Anders | birthPlace | British_Hong_Kong</mtriple>
			</modifiedtripleset>
			<lex comment="good" lid="Id1">
				<text>William Anders was born in British Hong Kong and later in life became a fighter pilot.</text>
				<template>AGENT-1 was born in PATIENT-2 and later in life became PATIENT-1 .</template>
			</lex>
			<lex comment="good" lid="Id2">
				<text>William Anders was a fighter pilot who was born in British, Hong Kong.</text>
				<template>AGENT-1 was PATIENT-1 who was born in PATIENT-2 .</template>
			</lex>
			<lex comment="good" lid="Id3">
				<text>William Anders (born in British Hong Kong) served as a Fighter pilot.</text>
				<template>AGENT-1 (born in PATIENT-2) served as PATIENT-1 .</template>
			</lex>
			<lex comment="toFix" lid="Id4">
				<text>Willian Anders born in British Hong Kong served as a fighter pilot.</text>
				<template>AGENT-1 born in PATIENT-2 served as PATIENT-1 .</template>
			</lex>
			<lex comment="good" lid="Id5">
				<text>William Anders, born in British Hong Kong, was a fighter pilot.</text>
				<template>AGENT-1 , born in PATIENT-2 , was PATIENT-1 .</template>
			</lex>
			<entitymap>
				<entity>AGENT-1 | William_Anders</entity>
				<entity>PATIENT-1 | Fighter_pilot</entity>
				<entity>PATIENT-2 | British_Hong_Kong</entity>
			</entitymap>
		</entry>
		<entry category="Astronaut" eid="Id43" size="2">
			<originaltripleset>
				<otriple>William_Anders | occupation | Fighter_pilot</otriple>
				<otriple>William_Anders | mission | Apollo_8</otriple>
			</originaltripleset>
			<modifiedtripleset>
				<mtriple>William_Anders | occupation | Fighter_pilot</mtriple>
				<mtriple>William_Anders | was a crew member of | Apollo_8</mtriple>
			</modifiedtripleset>
			<lex comment="good" lid="Id1">
				<text>William Anders is a test pilot and member of Apollo 8's crew.</text>
				<template>AGENT-1 is PATIENT-1 and member of PATIENT-2 crew .</template>
			</lex>
			<lex comment="good" lid="Id2">
				<text>William Anders was part of the Apollo 8 crew and was once a fighter pilot.</text>
				<template>AGENT-1 was part of the PATIENT-2 crew and was once PATIENT-1 .</template>
			</lex>
			<lex comment="good" lid="Id3">
				<text>Williams Anders was a fighter pilot and a crew member of Apollo 8.</text>
				<template>AGENT-1 was PATIENT-1 and a crew member of PATIENT-2 .</template>
			</lex>
			<entitymap>
				<entity>AGENT-1 | William_Anders</entity>
				<entity>PATIENT-1 | Fighter_pilot</entity>
				<entity>PATIENT-2 | Apollo_8</entity>
			</entitymap>
		</entry>
		<entry category="Astronaut" eid="Id44" size="2">
			<originaltripleset>
				<otriple>William_Anders | years | 1976</otriple>
				<otriple>William_Anders | title | United_States_Ambassador_to_Norway</otriple>
			</originaltripleset>
			<modifiedtripleset>
				<mtriple>William_Anders | served as Chief of the Astronaut Office in | 1976</mtriple>
				<mtriple>William_Anders | title | United_States_Ambassador_to_Norway</mtriple>
			</modifiedtripleset>
			<lex comment="good" lid="Id1">
				<text>William Anders served as Chief of the Astronaut Office in 1976 and had a title as the United States Ambassador to Norway.</text>
				<template>AGENT-1 served as Chief of the Astronaut Office in PATIENT-1 and had a title as PATIENT-2 .</template>
			</lex>
			<lex comment="good" lid="Id2">
				<text>William Anders time as Chief of the Astronaut Office in 1976 has prepared him well for his new position as United States Ambassador to Norway.</text>
				<template>AGENT-1 time as Chief of the Astronaut Office in PATIENT-1 has prepared AGENT-1 well for AGENT-1 new position as PATIENT-2 .</template>
			</lex>
			<lex comment="good" lid="Id3">
				<text>Th United States Ambassador to Norway, William Anders, served as Chief of the Astronaut Office in 1976.</text>
				<template>PATIENT-2 , AGENT-1 , served as Chief of the Astronaut Office in PATIENT-1 .</template>
			</lex>
			<entitymap>
				<entity>AGENT-1 | William_Anders</entity>
				<entity>PATIENT-1 | 1976</entity>
				<entity>PATIENT-2 | United_States_Ambassador_to_Norway</entity>
			</entitymap>
		</entry>
		<entry category="Astronaut" eid="Id45" size="2">
			<originaltripleset>
				<otriple>William_Anders | mission | Apollo_8</otriple>
				<otriple>Apollo_8 | crewMembers | Frank_Borman</otriple>
			</originaltripleset>
			<modifiedtripleset>
				<mtriple>William_Anders | was a crew member of | Apollo_8</mtriple>
				<mtriple>Apollo_8 | crewMembers | Frank_Borman</mtriple>
			</modifiedtripleset>
			<lex comment="good" lid="Id1">
				<text>Both William Anders and Frank Borman were crew members aboard Apollo 8.</text>
				<template>Both AGENT-1 and PATIENT-1 were crew members aboard BRIDGE-1 .</template>
			</lex>
			<lex comment="good" lid="Id2">
				<text>Both William Anders and Frank Borman served as crew members on Apollo 8.</text>
				<template>Both AGENT-1 and PATIENT-1 served as crew members on BRIDGE-1 .</template>
			</lex>
			<lex comment="good" lid="Id3">
				<text>Among the crew of Apollo 8 were William Anders and Frank Borman.</text>
				<template>Among the crew of BRIDGE-1 were AGENT-1 and PATIENT-1 .</template>
			</lex>
			<lex comment="good" lid="Id4">
				<text>Among the crew members of Apollo 8 were William Anders and Frank Borman.</text>
				<template>Among the crew members of BRIDGE-1 were AGENT-1 and PATIENT-1 .</template>
			</lex>
			<lex comment="good" lid="Id5">
				<text>William Anders and Frank Borman were Apollo 8 were crew members.</text>
				<template>AGENT-1 and PATIENT-1 were BRIDGE-1 were crew members .</template>
			</lex>
			<entitymap>
				<entity>BRIDGE-1 | Apollo_8</entity>
				<entity>AGENT-1 | William_Anders</entity>
				<entity>PATIENT-1 | Frank_Borman</entity>
			</entitymap>
		</entry>
		<entry category="Astronaut" eid="Id46" size="2">
			<originaltripleset>
				<otriple>William_Anders | selection | 1963</otriple>
				<otriple>William_Anders | birthDate | &quot;1933-10-17&quot;</otriple>
			</originaltripleset>
			<modifiedtripleset>
				<mtriple>William_Anders | was selected by NASA | 1963</mtriple>
				<mtriple>William_Anders | birthDate | &quot;1933-10-17&quot;</mtriple>
			</modifiedtripleset>
			<lex comment="good" lid="Id1">
				<text>Born on 17 October, 1933, William Anders joined NASA in 1963.</text>
				<template>Born on PATIENT-2 , AGENT-1 joined NASA in PATIENT-1 .</template>
			</lex>
			<lex comment="good" lid="Id2">
				<text>Born on October 17, 1933, William Anders was selected by NASA in 1963.</text>
				<template>Born on PATIENT-2 , AGENT-1 was selected by NASA in PATIENT-1 .</template>
			</lex>
			<lex comment="good" lid="Id3">
				<text>William Anders was born on October 17th, 1933 and joined NASA in 1963.</text>
				<template>AGENT-1 was born on PATIENT-2 and joined NASA in PATIENT-1 .</template>
			</lex>
			<entitymap>
				<entity>AGENT-1 | William_Anders</entity>
				<entity>PATIENT-1 | 1963</entity>
				<entity>PATIENT-2 | &quot;1933-10-17&quot;</entity>
			</entitymap>
		</entry>
	</entries>
</benchmark>
