<?xml version="1.0" ?>
<benchmark>
	<entries>
		<entry category="Monument" eid="Id1" size="2">
			<originaltripleset>
				<otriple>11th_Mississippi_Infantry_Monument | category | Contributing_property</otriple>
				<otriple>11th_Mississippi_Infantry_Monument | municipality | Gettysburg,_Pennsylvania</otriple>
			</originaltripleset>
			<modifiedtripleset>
				<mtriple>11th_Mississippi_Infantry_Monument | category | Contributing_property</mtriple>
				<mtriple>11th_Mississippi_Infantry_Monument | municipality | Gettysburg,_Pennsylvania</mtriple>
			</modifiedtripleset>
			<lex comment="good" lid="Id1">
				<text>The 11th Mississippi Infantry Monument is in the municipality of Gettysburg, Pennsylvania and is categorised as a contributing property.</text>
				<template>AGENT-1 is in the municipality of PATIENT-2 and is categorised as PATIENT-1 .</template>
			</lex>
			<lex comment="good" lid="Id2">
				<text>The 11th Mississippi Infantry Monument is categorised as a contributing property and can be found in Gettysburg, Pennsylvania.</text>
				<template>AGENT-1 is categorised as PATIENT-1 and can be found in PATIENT-2 .</template>
			</lex>
			<lex comment="good" lid="Id3">
				<text>The 11th Mississippi Infantry Monument falls under the category of Contributing property and is placed in the municipality of Gettysburg in Pennsylvania.</text>
				<template>AGENT-1 falls under the category of PATIENT-1 and is placed in the municipality of PATIENT-2 .</template>
			</lex>
			<entitymap>
				<entity>AGENT-1 | 11th_Mississippi_Infantry_Monument</entity>
				<entity>PATIENT-1 | Contributing_property</entity>
				<entity>PATIENT-2 | Gettysburg,_Pennsylvania</entity>
			</entitymap>
		</entry>
		<entry category="Monument" eid="Id2" size="2">
			<originaltripleset>
				<otriple>11th_Mississippi_Infantry_Monument | country | &quot;United States&quot;@en</otriple>
				<otriple>11th_Mississippi_Infantry_Monument | category | Contributing_property</otriple>
			</originaltripleset>
			<modifiedtripleset>
				<mtriple>11th_Mississippi_Infantry_Monument | country | &quot;United States&quot;</mtriple>
				<mtriple>11th_Mississippi_Infantry_Monument | category | Contributing_property</mtriple>
			</modifiedtripleset>
			<lex comment="good" lid="Id1">
				<text>The 11th Mississippi Infantry Monument is in the United States and falls under the category of Contributing property.</text>
				<template>AGENT-1 is in PATIENT-1 and falls under the category of PATIENT-2 .</template>
			</lex>
			<lex comment="good" lid="Id2">
				<text>The 11th Mississippi Infantry Monument falls under the category of Contributing property and is in the United States.</text>
				<template>AGENT-1 falls under the category of PATIENT-2 and is in PATIENT-1 .</template>
			</lex>
			<lex comment="good" lid="Id3">
				<text>The 11th Mississippi Infantry Monument, located in the United States, falls under the category of Contributing property.</text>
				<template>AGENT-1 , located in PATIENT-1 , falls under the category of PATIENT-2 .</template>
			</lex>
			<entitymap>
				<entity>AGENT-1 | 11th_Mississippi_Infantry_Monument</entity>
				<entity>PATIENT-1 | &quot;United States&quot;</entity>
				<entity>PATIENT-2 | Contributing_property</entity>
			</entitymap>
		</entry>
		<entry category="Monument" eid="Id3" size="2">
			<originaltripleset>
				<otriple>11th_Mississippi_Infantry_Monument | established | 2000</otriple>
				<otriple>11th_Mississippi_Infantry_Monument | municipality | Gettysburg,_Pennsylvania</otriple>
			</originaltripleset>
			<modifiedtripleset>
				<mtriple>11th_Mississippi_Infantry_Monument | established | 2000</mtriple>
				<mtriple>11th_Mississippi_Infantry_Monument | municipality | Gettysburg,_Pennsylvania</mtriple>
			</modifiedtripleset>
			<lex comment="good" lid="Id1">
				<text>The 11th Mississippi Infantry Monument, established in 2000, is in the municipality of Gettysburg, Pennsylvania.</text>
				<template>AGENT-1 , established in PATIENT-1 , is in the municipality of PATIENT-2 .</template>
			</lex>
			<lex comment="good" lid="Id2">
				<text>The 11th Mississippi Infantry Monument is placed in the municipality of Gettysburg in Pennsylvania and erected in 2000.</text>
				<template>AGENT-1 is placed in the municipality of PATIENT-2 and erected in PATIENT-1 .</template>
			</lex>
			<lex comment="good" lid="Id3">
				<text>The 11th Mississippi Infantry Monument is in the municipality of Gettysburg Pennsylvania and was erected in 2000.</text>
				<template>AGENT-1 is in the municipality of PATIENT-2 and was erected in PATIENT-1 .</template>
			</lex>
			<entitymap>
				<entity>AGENT-1 | 11th_Mississippi_Infantry_Monument</entity>
				<entity>PATIENT-1 | 2000</entity>
				<entity>PATIENT-2 | Gettysburg,_Pennsylvania</entity>
			</entitymap>
		</entry>
		<entry category="Monument" eid="Id4" size="2">
			<originaltripleset>
				<otriple>11th_Mississippi_Infantry_Monument | region | Adams_County,_Pennsylvania</otriple>
				<otriple>11th_Mississippi_Infantry_Monument | category | Contributing_property</otriple>
			</originaltripleset>
			<modifiedtripleset>
				<mtriple>11th_Mississippi_Infantry_Monument | location | Adams_County,_Pennsylvania</mtriple>
				<mtriple>11th_Mississippi_Infantry_Monument | category | Contributing_property</mtriple>
			</modifiedtripleset>
			<lex comment="good" lid="Id1">
				<text>The 11th Mississippi Infantry Monument, situated in Adams County, Pennsylvania, is categorised as a contributing property.</text>
				<template>AGENT-1 , situated in PATIENT-1 , is categorised as PATIENT-2 .</template>
			</lex>
			<lex comment="good" lid="Id2">
				<text>The 11th Mississippi Infantry Monument is located in Adams County, Pennsylvania falls under the category of Contributing property.</text>
				<template>AGENT-1 is located in PATIENT-1 falls under the category of PATIENT-2 .</template>
			</lex>
			<lex comment="good" lid="Id3">
				<text>The 11th Mississippi Infantry Monument is located in Adams County, Pennsylvania and is categorised as a contributing property.</text>
				<template>AGENT-1 is located in PATIENT-1 and is categorised as PATIENT-2 .</template>
			</lex>
			<entitymap>
				<entity>AGENT-1 | 11th_Mississippi_Infantry_Monument</entity>
				<entity>PATIENT-1 | Adams_County,_Pennsylvania</entity>
				<entity>PATIENT-2 | Contributing_property</entity>
			</entitymap>
		</entry>
		<entry category="Monument" eid="Id5" size="2">
			<originaltripleset>
				<otriple>11th_Mississippi_Infantry_Monument | region | Adams_County,_Pennsylvania</otriple>
				<otriple>11th_Mississippi_Infantry_Monument | established | 2000</otriple>
			</originaltripleset>
			<modifiedtripleset>
				<mtriple>11th_Mississippi_Infantry_Monument | location | Adams_County,_Pennsylvania</mtriple>
				<mtriple>11th_Mississippi_Infantry_Monument | established | 2000</mtriple>
			</modifiedtripleset>
			<lex comment="good" lid="Id1">
				<text>The 11th Mississippi Infantry Monument was established in 2000 and is located in Adams County, Pennsylvania.</text>
				<template>AGENT-1 was established in PATIENT-2 and is located in PATIENT-1 .</template>
			</lex>
			<lex comment="good" lid="Id2">
				<text>11th Mississippi Infantry Monument's location is Adams County, Pennsylvania and was established in 2000.</text>
				<template>AGENT-1 location is PATIENT-1 and was established in PATIENT-2 .</template>
			</lex>
			<lex comment="good" lid="Id3">
				<text>The 11th Mississippi Infantry Monument is in Adams County, PA and was founded in 2000.</text>
				<template>AGENT-1 is in PATIENT-1 and was founded in PATIENT-2 .</template>
			</lex>
			<lex comment="good" lid="Id4">
				<text>11th Mississippi Infantry Monument was established in 2000 in Adams County, Pennsylvania.</text>
				<template>AGENT-1 was established in PATIENT-2 in PATIENT-1 .</template>
			</lex>
			<lex comment="good" lid="Id5">
				<text>The 11th Mississippi Infantry Monument in Adams County, Pennsylvania was established in 2000.</text>
				<template>AGENT-1 in PATIENT-1 was established in PATIENT-2 .</template>
			</lex>
			<lex comment="good" lid="Id6">
				<text>The 11th Mississippi Infantry Monument established in 2000 is found in Adams County, Pennsylvania.</text>
				<template>AGENT-1 established in PATIENT-2 is found in PATIENT-1 .</template>
			</lex>
			<entitymap>
				<entity>AGENT-1 | 11th_Mississippi_Infantry_Monument</entity>
				<entity>PATIENT-1 | Adams_County,_Pennsylvania</entity>
				<entity>PATIENT-2 | 2000</entity>
			</entitymap>
		</entry>
		<entry category="Monument" eid="Id6" size="2">
			<originaltripleset>
				<otriple>11th_Mississippi_Infantry_Monument | region | Adams_County,_Pennsylvania</otriple>
				<otriple>11th_Mississippi_Infantry_Monument | municipality | Gettysburg,_Pennsylvania</otriple>
			</originaltripleset>
			<modifiedtripleset>
				<mtriple>11th_Mississippi_Infantry_Monument | location | Adams_County,_Pennsylvania</mtriple>
				<mtriple>11th_Mississippi_Infantry_Monument | municipality | Gettysburg,_Pennsylvania</mtriple>
			</modifiedtripleset>
			<lex comment="good" lid="Id1">
				<text>The 11th Mississippi Infantry Monument is in the municipality of Gettysburg, PA in Adams County.</text>
				<template>AGENT-1 is in the municipality of PATIENT-2 in PATIENT-1 .</template>
			</lex>
			<lex comment="good" lid="Id2">
				<text>The 11th Mississippi Infantry Monument is in the municipality of Gettysburg, Adams County, in Pennsylvania.</text>
				<template>AGENT-1 is in the municipality of PATIENT-2 , in PATIENT-1 .</template>
			</lex>
			<lex comment="good" lid="Id3">
				<text>The municipality for the 11th Mississippi Infantry Monument is Gettysburg,Adams County, Pennsylvania.</text>
				<template>The municipality for AGENT-1 is PATIENT-2 , PATIENT-1 .</template>
			</lex>
			<lex comment="good" lid="Id4">
				<text>The 11th Mississippi Infantry Monument is found in Adams County, Gettysburg, Pennsylvania.</text>
				<template>AGENT-1 is found in PATIENT-1 , PATIENT-2 .</template>
			</lex>
			<lex comment="good" lid="Id5">
				<text>The 11th Mississippi Infantry Monument is located in Adams County, in Gettysburg, Pennsylvania.</text>
				<template>AGENT-1 is located in PATIENT-1 , in PATIENT-2 .</template>
			</lex>
			<entitymap>
				<entity>AGENT-1 | 11th_Mississippi_Infantry_Monument</entity>
				<entity>PATIENT-1 | Adams_County,_Pennsylvania</entity>
				<entity>PATIENT-2 | Gettysburg,_Pennsylvania</entity>
			</entitymap>
		</entry>
		<entry category="Monument" eid="Id7" size="2">
			<originaltripleset>
				<otriple>11th_Mississippi_Infantry_Monument | state | &quot;Pennsylvania&quot;@en</otriple>
				<otriple>11th_Mississippi_Infantry_Monument | category | Contributing_property</otriple>
			</originaltripleset>
			<modifiedtripleset>
				<mtriple>11th_Mississippi_Infantry_Monument | state | &quot;Pennsylvania&quot;</mtriple>
				<mtriple>11th_Mississippi_Infantry_Monument | category | Contributing_property</mtriple>
			</modifiedtripleset>
			<lex comment="good" lid="Id1">
				<text>The 11th Mississippi Infantry Monument falls under the category of Contributing property and is in Pennsylvania.</text>
				<template>AGENT-1 falls under the category of PATIENT-2 and is in PATIENT-1 .</template>
			</lex>
			<lex comment="good" lid="Id2">
				<text>The 11th Mississippi Infantry Monument, which falls under the category of Contributing property, is in Pennsylvania.</text>
				<template>AGENT-1 , which falls under the category of PATIENT-2 , is in PATIENT-1 .</template>
			</lex>
			<lex comment="good" lid="Id3">
				<text>The 11th Mississippi Infantry Monument, in Pennsylvania, falls under the category of Contributing property.</text>
				<template>AGENT-1 , in PATIENT-1 , falls under the category of PATIENT-2 .</template>
			</lex>
			<entitymap>
				<entity>AGENT-1 | 11th_Mississippi_Infantry_Monument</entity>
				<entity>PATIENT-1 | &quot;Pennsylvania&quot;</entity>
				<entity>PATIENT-2 | Contributing_property</entity>
			</entitymap>
		</entry>
		<entry category="Monument" eid="Id8" size="2">
			<originaltripleset>
				<otriple>11th_Mississippi_Infantry_Monument | state | &quot;Pennsylvania&quot;@en</otriple>
				<otriple>11th_Mississippi_Infantry_Monument | established | 2000</otriple>
			</originaltripleset>
			<modifiedtripleset>
				<mtriple>11th_Mississippi_Infantry_Monument | state | &quot;Pennsylvania&quot;</mtriple>
				<mtriple>11th_Mississippi_Infantry_Monument | established | 2000</mtriple>
			</modifiedtripleset>
			<lex comment="good" lid="Id1">
				<text>The 11th Mississippi Infantry Monument is found in Pennsylvania and was established in 2000.</text>
				<template>AGENT-1 is found in PATIENT-1 and was established in PATIENT-2 .</template>
			</lex>
			<lex comment="good" lid="Id2">
				<text>11th Mississippi Infantry Monument, established in 2000 is in Pennsylvania.</text>
				<template>AGENT-1 , established in PATIENT-2 is in PATIENT-1 .</template>
			</lex>
			<lex comment="good" lid="Id3">
				<text>The 11th Mississippi Infantry Monument stands in the state of Pennsylvania and was established in 2000.</text>
				<template>AGENT-1 stands in the state of PATIENT-1 and was established in PATIENT-2 .</template>
			</lex>
			<lex comment="good" lid="Id4">
				<text>11th Mississippi Infantry Monument was established in 2000 in Pennsylvania.</text>
				<template>AGENT-1 was established in PATIENT-2 in PATIENT-1 .</template>
			</lex>
			<lex comment="good" lid="Id5">
				<text>The 11th Mississippi Infantry Monument was established in Pennsylvania in the year 2000.</text>
				<template>AGENT-1 was established in PATIENT-1 in PATIENT-2 .</template>
			</lex>
			<entitymap>
				<entity>AGENT-1 | 11th_Mississippi_Infantry_Monument</entity>
				<entity>PATIENT-1 | &quot;Pennsylvania&quot;</entity>
				<entity>PATIENT-2 | 2000</entity>
			</entitymap>
		</entry>
		<entry category="Monument" eid="Id9" size="2">
			<originaltripleset>
				<otriple>11th_Mississippi_Infantry_Monument | state | &quot;Pennsylvania&quot;@en</otriple>
				<otriple>11th_Mississippi_Infantry_Monument | municipality | Gettysburg,_Pennsylvania</otriple>
			</originaltripleset>
			<modifiedtripleset>
				<mtriple>11th_Mississippi_Infantry_Monument | state | &quot;Pennsylvania&quot;</mtriple>
				<mtriple>11th_Mississippi_Infantry_Monument | municipality | Gettysburg,_Pennsylvania</mtriple>
			</modifiedtripleset>
			<lex comment="good" lid="Id1">
				<text>The 11th Mississippi Infantry is found in Gettysburg, Pennsylvania.</text>
				<template>AGENT-1 is found in PATIENT-2 .</template>
			</lex>
			<lex comment="good" lid="Id2">
				<text>The 11th Mississippi Infantry Monument is in Pennsylvania, in the municipality of Gettysburg.</text>
				<template>AGENT-1 is in PATIENT-1 , in the municipality of PATIENT-2 .</template>
			</lex>
			<lex comment="good" lid="Id3">
				<text>11th Mississippi Infantry Monument can be found in Gettysburg, Pennsylvania.</text>
				<template>AGENT-1 can be found in PATIENT-2 .</template>
			</lex>
			<lex comment="good" lid="Id4">
				<text>The 11th Mississippi Infantry Monument is located in Gettysburg, Pennsylvania.</text>
				<template>AGENT-1 is located in PATIENT-2 .</template>
			</lex>
			<entitymap>
				<entity>AGENT-1 | 11th_Mississippi_Infantry_Monument</entity>
				<entity>PATIENT-1 | &quot;Pennsylvania&quot;</entity>
				<entity>PATIENT-2 | Gettysburg,_Pennsylvania</entity>
			</entitymap>
		</entry>
		<entry category="Monument" eid="Id10" size="2">
			<originaltripleset>
				<otriple>14th_New_Jersey_Volunteer_Infantry_Monument | category | Historic_districts_in_the_United_States</otriple>
				<otriple>14th_New_Jersey_Volunteer_Infantry_Monument | district | Monocacy_National_Battlefield</otriple>
			</originaltripleset>
			<modifiedtripleset>
				<mtriple>14th_New_Jersey_Volunteer_Infantry_Monument | category | Historic_districts_in_the_United_States</mtriple>
				<mtriple>14th_New_Jersey_Volunteer_Infantry_Monument | district | Monocacy_National_Battlefield</mtriple>
			</modifiedtripleset>
			<lex comment="good" lid="Id1">
				<text>The 14th New Jersey Volunteer Infantry Monument, found in the Monocacy National Battlefield, is categorised as a historic district in the United States.</text>
				<template>AGENT-1 , found in PATIENT-2 , is categorised as PATIENT-1 .</template>
			</lex>
			<lex comment="good" lid="Id2">
				<text>The 14th New Jersey Volunteer Infantry Monument belongs to the category of Historic districts in the United States and is found in the Monocacy National Battlefield.</text>
				<template>AGENT-1 belongs to the category of PATIENT-1 and is found in PATIENT-2 .</template>
			</lex>
			<lex comment="good" lid="Id3">
				<text>The 14th New Jersey Volunteer Infantry Monument is categorised as a historic district in the United States and is located in the Monocacy National Battlefield.</text>
				<template>AGENT-1 is categorised as PATIENT-1 and is located in PATIENT-2 .</template>
			</lex>
			<entitymap>
				<entity>AGENT-1 | 14th_New_Jersey_Volunteer_Infantry_Monument</entity>
				<entity>PATIENT-1 | Historic_districts_in_the_United_States</entity>
				<entity>PATIENT-2 | Monocacy_National_Battlefield</entity>
			</entitymap>
		</entry>
		<entry category="Monument" eid="Id11" size="2">
			<originaltripleset>
				<otriple>14th_New_Jersey_Volunteer_Infantry_Monument | category | Historic_districts_in_the_United_States</otriple>
				<otriple>14th_New_Jersey_Volunteer_Infantry_Monument | established | &quot;1907-07-11&quot;^^xsd:date</otriple>
			</originaltripleset>
			<modifiedtripleset>
				<mtriple>14th_New_Jersey_Volunteer_Infantry_Monument | category | Historic_districts_in_the_United_States</mtriple>
				<mtriple>14th_New_Jersey_Volunteer_Infantry_Monument | established | &quot;1907-07-11&quot;</mtriple>
			</modifiedtripleset>
			<lex comment="good" lid="Id1">
				<text>The 14th New Jersey Volunteer Infantry Monument, which was established on July 11th 1907, belongs to the category of Historic districts in the United States.</text>
				<template>AGENT-1 , which was established on PATIENT-2 , belongs to the category of PATIENT-1 .</template>
			</lex>
			<lex comment="good" lid="Id2">
				<text>The 14th New Jersey Volunteer Infantry Monument was founded on July 11, 1907 and belongs to the Historic districts of the U.S.</text>
				<template>AGENT-1 was founded on PATIENT-2 and belongs to PATIENT-1</template>
			</lex>
			<lex comment="good" lid="Id3">
				<text>The 14th New Jersey Volunteer Infantry Monument is categorised as a historic district in the United States and was established in 1907-07-11.</text>
				<template>AGENT-1 is categorised as PATIENT-1 and was established in PATIENT-2 .</template>
			</lex>
			<entitymap>
				<entity>AGENT-1 | 14th_New_Jersey_Volunteer_Infantry_Monument</entity>
				<entity>PATIENT-1 | Historic_districts_in_the_United_States</entity>
				<entity>PATIENT-2 | &quot;1907-07-11&quot;</entity>
			</entitymap>
		</entry>
		<entry category="Monument" eid="Id12" size="2">
			<originaltripleset>
				<otriple>14th_New_Jersey_Volunteer_Infantry_Monument | country | &quot;United States&quot;@en</otriple>
				<otriple>14th_New_Jersey_Volunteer_Infantry_Monument | category | Historic_districts_in_the_United_States</otriple>
			</originaltripleset>
			<modifiedtripleset>
				<mtriple>14th_New_Jersey_Volunteer_Infantry_Monument | country | &quot;United States&quot;</mtriple>
				<mtriple>14th_New_Jersey_Volunteer_Infantry_Monument | category | Historic_districts_in_the_United_States</mtriple>
			</modifiedtripleset>
			<lex comment="good" lid="Id1">
				<text>The 14th New Jersey Volunteer Infantry Monument belongs to the category of Historic districts and is found in the United States.</text>
				<template>AGENT-1 belongs to the category of PATIENT-2 and is found in PATIENT-1 .</template>
			</lex>
			<lex comment="good" lid="Id2">
				<text>The 14th New Jersey Volunteer Infantry Monument is located in the United States of America and is labelled as a historic district.</text>
				<template>AGENT-1 is located in PATIENT-1 and is labelled as PATIENT-2 .</template>
			</lex>
			<lex comment="good" lid="Id3">
				<text>The 14th New Jersey Volunteer Infantry Monument belongs to the category of Historic districts and is located in United States.</text>
				<template>AGENT-1 belongs to the category of PATIENT-2 and is located in PATIENT-1 .</template>
			</lex>
			<entitymap>
				<entity>AGENT-1 | 14th_New_Jersey_Volunteer_Infantry_Monument</entity>
				<entity>PATIENT-1 | &quot;United States&quot;</entity>
				<entity>PATIENT-2 | Historic_districts_in_the_United_States</entity>
			</entitymap>
		</entry>
		<entry category="Monument" eid="Id13" size="2">
			<originaltripleset>
				<otriple>14th_New_Jersey_Volunteer_Infantry_Monument | country | &quot;United States&quot;@en</otriple>
				<otriple>14th_New_Jersey_Volunteer_Infantry_Monument | district | Monocacy_National_Battlefield</otriple>
			</originaltripleset>
			<modifiedtripleset>
				<mtriple>14th_New_Jersey_Volunteer_Infantry_Monument | country | &quot;United States&quot;</mtriple>
				<mtriple>14th_New_Jersey_Volunteer_Infantry_Monument | district | Monocacy_National_Battlefield</mtriple>
			</modifiedtripleset>
			<lex comment="good" lid="Id1">
				<text>The 14th New Jersey Volunteer Infantry Monument is located in the United States at the Monocacy National Battlefield.</text>
				<template>AGENT-1 is located in PATIENT-1 at PATIENT-2 .</template>
			</lex>
			<lex comment="good" lid="Id2">
				<text>The 14th New Jersey Volunteer Infantry Monument is located in the district of the Monocacy National Battlefield in the United States.</text>
				<template>AGENT-1 is located in the district of PATIENT-2 in PATIENT-1 .</template>
			</lex>
			<lex comment="good" lid="Id3">
				<text>The 14th New Jersey Volunteer Infantry Monument is located in the Monocacy National Battlefield in the United States.</text>
				<template>AGENT-1 is located in PATIENT-2 in PATIENT-1 .</template>
			</lex>
			<entitymap>
				<entity>AGENT-1 | 14th_New_Jersey_Volunteer_Infantry_Monument</entity>
				<entity>PATIENT-1 | &quot;United States&quot;</entity>
				<entity>PATIENT-2 | Monocacy_National_Battlefield</entity>
			</entitymap>
		</entry>
		<entry category="Monument" eid="Id14" size="2">
			<originaltripleset>
				<otriple>14th_New_Jersey_Volunteer_Infantry_Monument | country | &quot;United States&quot;@en</otriple>
				<otriple>14th_New_Jersey_Volunteer_Infantry_Monument | established | &quot;1907-07-11&quot;^^xsd:date</otriple>
			</originaltripleset>
			<modifiedtripleset>
				<mtriple>14th_New_Jersey_Volunteer_Infantry_Monument | country | &quot;United States&quot;</mtriple>
				<mtriple>14th_New_Jersey_Volunteer_Infantry_Monument | established | &quot;1907-07-11&quot;</mtriple>
			</modifiedtripleset>
			<lex comment="good" lid="Id1">
				<text>The 14th New Jersey Volunteer Infantry Monument was made on July 11, 1907 and is located in the U.S.</text>
				<template>AGENT-1 was made on PATIENT-2 and is located in PATIENT-1</template>
			</lex>
			<lex comment="good" lid="Id2">
				<text>The 14th New Jersey Volunteer Infantry Monument was established on July 11th, 1907 and is in the United States.</text>
				<template>AGENT-1 was established on PATIENT-2 and is in PATIENT-1 .</template>
			</lex>
			<entitymap>
				<entity>AGENT-1 | 14th_New_Jersey_Volunteer_Infantry_Monument</entity>
				<entity>PATIENT-1 | &quot;United States&quot;</entity>
				<entity>PATIENT-2 | &quot;1907-07-11&quot;</entity>
			</entitymap>
		</entry>
		<entry category="Monument" eid="Id15" size="2">
			<originaltripleset>
				<otriple>14th_New_Jersey_Volunteer_Infantry_Monument | district | Monocacy_National_Battlefield</otriple>
				<otriple>14th_New_Jersey_Volunteer_Infantry_Monument | established | &quot;1907-07-11&quot;^^xsd:date</otriple>
			</originaltripleset>
			<modifiedtripleset>
				<mtriple>14th_New_Jersey_Volunteer_Infantry_Monument | district | Monocacy_National_Battlefield</mtriple>
				<mtriple>14th_New_Jersey_Volunteer_Infantry_Monument | established | &quot;1907-07-11&quot;</mtriple>
			</modifiedtripleset>
			<lex comment="good" lid="Id1">
				<text>The 14th New Jersey Volunteer Infantry Monument is in the Monocacy National Battlefield and was founded July 11, 1907.</text>
				<template>AGENT-1 is in PATIENT-1 and was founded PATIENT-2 .</template>
			</lex>
			<lex comment="good" lid="Id2">
				<text>The 14th New Jersey Volunteer Infantry Monument is located on the Monocacy National Battlefield and was established on 11th July 1907.</text>
				<template>AGENT-1 is located on PATIENT-1 and was established on PATIENT-2 .</template>
			</lex>
			<lex comment="good" lid="Id3">
				<text>The 14th New Jersey Volunteer Infantry Monument is in the Monocacy National Battlefield and was established July 11, 1907.</text>
				<template>AGENT-1 is in PATIENT-1 and was established PATIENT-2 .</template>
			</lex>
			<entitymap>
				<entity>AGENT-1 | 14th_New_Jersey_Volunteer_Infantry_Monument</entity>
				<entity>PATIENT-1 | Monocacy_National_Battlefield</entity>
				<entity>PATIENT-2 | &quot;1907-07-11&quot;</entity>
			</entitymap>
		</entry>
		<entry category="Monument" eid="Id16" size="2">
			<originaltripleset>
				<otriple>14th_New_Jersey_Volunteer_Infantry_Monument | owner | National_Park_Service</otriple>
				<otriple>14th_New_Jersey_Volunteer_Infantry_Monument | state | &quot;Maryland&quot;@en</otriple>
			</originaltripleset>
			<modifiedtripleset>
				<mtriple>14th_New_Jersey_Volunteer_Infantry_Monument | owner | National_Park_Service</mtriple>
				<mtriple>14th_New_Jersey_Volunteer_Infantry_Monument | state | &quot;Maryland&quot;</mtriple>
			</modifiedtripleset>
			<lex comment="good" lid="Id1">
				<text>The 14th New Jersey Volunteer Infantry Monuments are in Maryland and are owned by the National Park Service.</text>
				<template>AGENT-1 are in PATIENT-2 and are owned by PATIENT-1 .</template>
			</lex>
			<lex comment="good" lid="Id2">
				<text>The National Park Service is the owner of the 14th New Jersey Volunteer Infantry Monument and located in the state of Maryland.</text>
				<template>PATIENT-1 is the owner of AGENT-1 and located in the state of PATIENT-2 .</template>
			</lex>
			<lex comment="good" lid="Id3">
				<text>The 14th New Jersey Volunteer Infantry Monument is owned by the National Park Service and is in the state of Maryland.</text>
				<template>AGENT-1 is owned by PATIENT-1 and is in the state of PATIENT-2 .</template>
			</lex>
			<entitymap>
				<entity>AGENT-1 | 14th_New_Jersey_Volunteer_Infantry_Monument</entity>
				<entity>PATIENT-1 | National_Park_Service</entity>
				<entity>PATIENT-2 | &quot;Maryland&quot;</entity>
			</entitymap>
		</entry>
		<entry category="Monument" eid="Id17" size="2">
			<originaltripleset>
				<otriple>Adams_County,_Pennsylvania | southeast | Carroll_County,_Maryland</otriple>
				<otriple>11th_Mississippi_Infantry_Monument | region | Adams_County,_Pennsylvania</otriple>
			</originaltripleset>
			<modifiedtripleset>
				<mtriple>Adams_County,_Pennsylvania | has to its southeast | Carroll_County,_Maryland</mtriple>
				<mtriple>11th_Mississippi_Infantry_Monument | location | Adams_County,_Pennsylvania</mtriple>
			</modifiedtripleset>
			<lex comment="good" lid="Id1">
				<text>Carrol County Maryland is southeast of Adams County Pennsylvania, where the 11th Mississippi Infantry Monument is located.</text>
				<template>PATIENT-1 is southeast of BRIDGE-1 , where AGENT-1 is located .</template>
			</lex>
			<lex comment="good" lid="Id2">
				<text>To the southeast of Adams County , Pennsylvania where 11th Mississippi Infantry Monument is found lies Carroll County, Maryland.</text>
				<template>To the southeast of BRIDGE-1 where AGENT-1 is found lies PATIENT-1 .</template>
			</lex>
			<lex comment="good" lid="Id3">
				<text>To the southeast of Adams County, Pennsylvania, where11th Mississippi Infantry Monument is located, lies Carroll County, Maryland.</text>
				<template>To the southeast of BRIDGE-1 , whereAGENT-1 is located , lies PATIENT-1 .</template>
			</lex>
			<lex comment="good" lid="Id4">
				<text>11th Mississippi Infantry Monument is located in Adams County, Pennsylvania which has Carroll County, Maryland to its southeast.</text>
				<template>AGENT-1 is located in BRIDGE-1 which has PATIENT-1 to PATIENT-1 southeast .</template>
			</lex>
			<lex comment="good" lid="Id5">
				<text>The 11th Mississippi Infantry Monument is located in Adams County, Pennsylvania, which is northwest of Carroll County, Maryland.</text>
				<template>AGENT-1 is located in BRIDGE-1 , which is northwest of PATIENT-1 .</template>
			</lex>
			<entitymap>
				<entity>BRIDGE-1 | Adams_County,_Pennsylvania</entity>
				<entity>AGENT-1 | 11th_Mississippi_Infantry_Monument</entity>
				<entity>PATIENT-1 | Carroll_County,_Maryland</entity>
			</entitymap>
		</entry>
		<entry category="Monument" eid="Id18" size="2">
			<originaltripleset>
				<otriple>Atatürk_Monument_(İzmir) | open | &quot;1932-07-27&quot;^^xsd:date</otriple>
				<otriple>Atatürk_Monument_(İzmir) | material | &quot;Bronze&quot;@en</otriple>
			</originaltripleset>
			<modifiedtripleset>
				<mtriple>Atatürk_Monument_(İzmir) | inaugurationDate | &quot;1932-07-27&quot;</mtriple>
				<mtriple>Atatürk_Monument_(İzmir) | material | &quot;Bronze&quot;</mtriple>
			</modifiedtripleset>
			<lex comment="good" lid="Id1">
				<text>The inauguration date for the Atatürk Monument (İzmir), made of bronze, is 1932-07-27.</text>
				<template>The inauguration date for AGENT-1 , made of PATIENT-2 , is PATIENT-1 .</template>
			</lex>
			<lex comment="good" lid="Id2">
				<text>The inauguration date of the Atatürk Monument, made of bronze, in Izmir is the 27th of July, 1932.</text>
				<template>The inauguration date of AGENT-1 , made of PATIENT-2 , is PATIENT-1 .</template>
			</lex>
			<lex comment="good" lid="Id3">
				<text>Ataturk Monument (Izmir) was bronze and was inaugurated on 1932-07-27.</text>
				<template>AGENT-1 was PATIENT-2 and was inaugurated on PATIENT-1 .</template>
			</lex>
			<lex comment="good" lid="Id4">
				<text>The Atatürk Monument (made of bronze) in Izmir was inaugurated on 1932-07-27.</text>
				<template>AGENT-1 (made of PATIENT-2) was inaugurated on PATIENT-1 .</template>
			</lex>
			<lex comment="good" lid="Id5">
				<text>The inauguration date of the bronze Ataturk Monument was July 27th, 1932.</text>
				<template>The inauguration date of AGENT-1 was PATIENT-1 .</template>
			</lex>
			<entitymap>
				<entity>AGENT-1 | Atatürk_Monument_(İzmir)</entity>
				<entity>PATIENT-1 | &quot;1932-07-27&quot;</entity>
				<entity>PATIENT-2 | &quot;Bronze&quot;</entity>
			</entitymap>
		</entry>
		<entry category="Monument" eid="Id19" size="2">
			<originaltripleset>
				<otriple>Atatürk_Monument_(İzmir) | material | &quot;Bronze&quot;@en</otriple>
				<otriple>Atatürk_Monument_(İzmir) | designer | Pietro_Canonica</otriple>
			</originaltripleset>
			<modifiedtripleset>
				<mtriple>Atatürk_Monument_(İzmir) | material | &quot;Bronze&quot;</mtriple>
				<mtriple>Atatürk_Monument_(İzmir) | designer | Pietro_Canonica</mtriple>
			</modifiedtripleset>
			<lex comment="good" lid="Id1">
				<text>Pietro Canonica is the designer of the Ataturk Monument in Izmir, which is made of bronze.</text>
				<template>PATIENT-2 is the designer of AGENT-1 , which is made of PATIENT-1 .</template>
			</lex>
			<lex comment="good" lid="Id2">
				<text>The Atatürk Monument in Izmir, made of bronze, was designed by Pietro Canonica.</text>
				<template>AGENT-1 , made of PATIENT-1 , was designed by PATIENT-2 .</template>
			</lex>
			<lex comment="good" lid="Id3">
				<text>The Ataturk Monument designed by Pietro Canonica is made of Bronze.</text>
				<template>AGENT-1 designed by PATIENT-2 is made of PATIENT-1 .</template>
			</lex>
			<entitymap>
				<entity>AGENT-1 | Atatürk_Monument_(İzmir)</entity>
				<entity>PATIENT-1 | &quot;Bronze&quot;</entity>
				<entity>PATIENT-2 | Pietro_Canonica</entity>
			</entitymap>
		</entry>
		<entry category="Monument" eid="Id20" size="2">
			<originaltripleset>
				<otriple>Azerbaijan | capital | Baku</otriple>
				<otriple>Baku_Turkish_Martyrs'_Memorial | location | Azerbaijan</otriple>
			</originaltripleset>
			<modifiedtripleset>
				<mtriple>Azerbaijan | capital | Baku</mtriple>
				<mtriple>Baku_Turkish_Martyrs'_Memorial | location | Azerbaijan</mtriple>
			</modifiedtripleset>
			<lex comment="good" lid="Id1">
				<text>Turkish Martyrs' Memorial is located in Baku, the capital of Azerbaijan.</text>
				<template>AGENT-1 is located in PATIENT-1 , the capital of BRIDGE-1 .</template>
			</lex>
			<lex comment="good" lid="Id2">
				<text>Baku Turkish Martyrs' Memorial is in Azerbaijan. The capital is Baku.</text>
				<template>AGENT-1 is in BRIDGE-1 . The capital is PATIENT-1 .</template>
			</lex>
			<lex comment="good" lid="Id3">
				<text>The Turkish martyrs memorial is located in Baku, the capital of Azerbaijan.</text>
				<template>AGENT-1 is located in PATIENT-1 , the capital of BRIDGE-1 .</template>
			</lex>
			<entitymap>
				<entity>BRIDGE-1 | Azerbaijan</entity>
				<entity>AGENT-1 | Baku_Turkish_Martyrs_Memorial</entity>
				<entity>PATIENT-1 | Baku</entity>
			</entitymap>
		</entry>
		<entry category="Monument" eid="Id21" size="2">
			<originaltripleset>
				<otriple>Azerbaijan | leaderTitle | Prime_Minister_of_Azerbaijan</otriple>
				<otriple>Baku_Turkish_Martyrs'_Memorial | location | Azerbaijan</otriple>
			</originaltripleset>
			<modifiedtripleset>
				<mtriple>Azerbaijan | leaderTitle | Prime_Minister_of_Azerbaijan</mtriple>
				<mtriple>Baku_Turkish_Martyrs'_Memorial | location | Azerbaijan</mtriple>
			</modifiedtripleset>
			<lex comment="good" lid="Id1">
				<text>The leader of Azerbaijan is called the Prime Minister. The Baku Turkish Martyr's Memorial is in Azerbaijan.</text>
				<template>The leader of BRIDGE-1 is called PATIENT-1 . AGENT-1 is in BRIDGE-1 .</template>
			</lex>
			<lex comment="good" lid="Id2">
				<text>Baku Turkish Martyrs' Memorial is located in Azerbaijan and the leader is The Prime Minister of Azerbaijan.</text>
				<template>AGENT-1 is located in BRIDGE-1 and the leader is PATIENT-1 .</template>
			</lex>
			<lex comment="good" lid="Id3">
				<text>Azerbaijan's leader is the Prime Minister. The Baku Turkish Martyr's Memorial is in Azerbaijan.</text>
				<template>BRIDGE-1 leader is PATIENT-1 . AGENT-1 is in BRIDGE-1 .</template>
			</lex>
			<entitymap>
				<entity>BRIDGE-1 | Azerbaijan</entity>
				<entity>AGENT-1 | Baku_Turkish_Martyrs_Memorial</entity>
				<entity>PATIENT-1 | Prime_Minister_of_Azerbaijan</entity>
			</entitymap>
		</entry>
		<entry category="Monument" eid="Id22" size="2">
			<originaltripleset>
				<otriple>Baku_Turkish_Martyrs'_Memorial | designer | &quot;Hüseyin Bütüner and Hilmi Güner&quot;@en</otriple>
				<otriple>Baku_Turkish_Martyrs'_Memorial | material | &quot;Red granite and white marble&quot;@en</otriple>
			</originaltripleset>
			<modifiedtripleset>
				<mtriple>Baku_Turkish_Martyrs'_Memorial | designer | &quot;Hüseyin Bütüner and Hilmi Güner&quot;</mtriple>
				<mtriple>Baku_Turkish_Martyrs'_Memorial | material | &quot;Red granite and white marble&quot;</mtriple>
			</modifiedtripleset>
			<lex comment="good" lid="Id1">
				<text>Huseyin Butuner and Hilmi Guner created the Baku Turkish Martyrs' Memorial. It is made of red granite and white marble.</text>
				<template>PATIENT-1 created AGENT-1 . AGENT-1 is made of PATIENT-2 .</template>
			</lex>
			<lex comment="good" lid="Id2">
				<text>The designers of the Red granite and white marble Baku Turkish Martyrs' Memorial are Hüseyin Bütüner and Hilmi Güner.</text>
				<template>The designers of PATIENT-2 AGENT-1 are PATIENT-1 .</template>
			</lex>
			<lex comment="good" lid="Id3">
				<text>The Baku Turkish Martyrs' Memorial is designed by Huseyin Butuner and Hilmi Guner and is made with red granite and white marble.</text>
				<template>AGENT-1 is designed by PATIENT-1 and is made with PATIENT-2 .</template>
			</lex>
			<lex comment="good" lid="Id4">
				<text>The Baku Turkish Martyr's Memorial, designed by Hüseyin Bütüner and Hilmi Güner, is made out of red granite and white marble.</text>
				<template>AGENT-1 , designed by PATIENT-1 , is made out of PATIENT-2 .</template>
			</lex>
			<lex comment="good" lid="Id5">
				<text>Huseyin Butuner and Hilmi Guner designed the Baku Turkish Martyrs' Monument which is made of red granite and white marble.</text>
				<template>PATIENT-1 designed AGENT-1 which is made of PATIENT-2 .</template>
			</lex>
			<entitymap>
				<entity>AGENT-1 | Baku_Turkish_Martyrs_Memorial</entity>
				<entity>PATIENT-1 | &quot;Hüseyin Bütüner and Hilmi Güner&quot;</entity>
				<entity>PATIENT-2 | &quot;Red granite and white marble&quot;</entity>
			</entitymap>
		</entry>
		<entry category="Monument" eid="Id23" size="2">
			<originaltripleset>
				<otriple>Baku_Turkish_Martyrs'_Memorial | location | Azerbaijan</otriple>
				<otriple>Azerbaijan | legislature | National_Assembly_(Azerbaijan)</otriple>
			</originaltripleset>
			<modifiedtripleset>
				<mtriple>Baku_Turkish_Martyrs'_Memorial | location | Azerbaijan</mtriple>
				<mtriple>Azerbaijan | legislature | National_Assembly_(Azerbaijan)</mtriple>
			</modifiedtripleset>
			<lex comment="good" lid="Id1">
				<text>The National Assembly dictates the legislature of Azerbaijan, where the Baku Turkish Martyrs' Memorial is found.</text>
				<template>PATIENT-1 dictates the legislature of BRIDGE-1 , where AGENT-1 is found .</template>
			</lex>
			<lex comment="good" lid="Id2">
				<text>The National Assembly (Azerbaijan) is the source of legislature in Azerbaijan, where the Baku Turkish Martyrs' Memorial is located.</text>
				<template>PATIENT-1 is the source of legislature in BRIDGE-1 , where AGENT-1 is located .</template>
			</lex>
			<entitymap>
				<entity>BRIDGE-1 | Azerbaijan</entity>
				<entity>AGENT-1 | Baku_Turkish_Martyrs_Memorial</entity>
				<entity>PATIENT-1 | National_Assembly_(Azerbaijan)</entity>
			</entitymap>
		</entry>
		<entry category="Monument" eid="Id24" size="2">
			<originaltripleset>
				<otriple>Baku_Turkish_Martyrs'_Memorial | location | Azerbaijan</otriple>
				<otriple>Baku_Turkish_Martyrs'_Memorial | material | &quot;Red granite and white marble&quot;@en</otriple>
			</originaltripleset>
			<modifiedtripleset>
				<mtriple>Baku_Turkish_Martyrs'_Memorial | location | Azerbaijan</mtriple>
				<mtriple>Baku_Turkish_Martyrs'_Memorial | material | &quot;Red granite and white marble&quot;</mtriple>
			</modifiedtripleset>
			<lex comment="good" lid="Id1">
				<text>The Baku Turkish Martyrs' Memorial made of red granite and white marble can be found in Azerbaijan.</text>
				<template>AGENT-1 made of PATIENT-2 can be found in PATIENT-1 .</template>
			</lex>
			<lex comment="good" lid="Id2">
				<text>Baku Turkish Martyrs' Memorial is located in Azerbaijan and made of red granite and white marble.</text>
				<template>AGENT-1 is located in PATIENT-1 and made of PATIENT-2 .</template>
			</lex>
			<entitymap>
				<entity>AGENT-1 | Baku_Turkish_Martyrs_Memorial</entity>
				<entity>PATIENT-1 | Azerbaijan</entity>
				<entity>PATIENT-2 | &quot;Red granite and white marble&quot;</entity>
			</entitymap>
		</entry>
		<entry category="Monument" eid="Id25" size="2">
			<originaltripleset>
				<otriple>Baku_Turkish_Martyrs'_Memorial | nativeName | &quot;Türk Şehitleri Anıtı&quot;@en</otriple>
				<otriple>Baku_Turkish_Martyrs'_Memorial | designer | &quot;Hüseyin Bütüner and Hilmi Güner&quot;@en</otriple>
			</originaltripleset>
			<modifiedtripleset>
				<mtriple>Baku_Turkish_Martyrs'_Memorial | nativeName | &quot;Türk Şehitleri Anıtı&quot;</mtriple>
				<mtriple>Baku_Turkish_Martyrs'_Memorial | designer | &quot;Hüseyin Bütüner and Hilmi Güner&quot;</mtriple>
			</modifiedtripleset>
			<lex comment="good" lid="Id1">
				<text>The native name for the Baku Turkish Martyrs' Memorial, designed by Hüseyin Bütüner and Hilmi Güner is Türk Şehitleri Anıtı.</text>
				<template>The native name for AGENT-1 , designed by PATIENT-2 is PATIENT-1 .</template>
			</lex>
			<lex comment="good" lid="Id2">
				<text>The Baku Turkish Martyrs'Memorial which is know locally as Turk Sehitleri Anti was designed by Huseyin Butuner and Hilmi Guner.</text>
				<template>AGENT-1 which is know locally as PATIENT-1 was designed by PATIENT-2 .</template>
			</lex>
			<lex comment="good" lid="Id3">
				<text>The Baku Turkish Martyrs' Memorial is known in Turkish as Turk Sehitleri Aniti and the designers are Hüseyin Bütüner and Hilmi Güner.</text>
				<template/>
			</lex>
			<entitymap>
				<entity>AGENT-1 | Baku_Turkish_Martyrs_Memorial</entity>
				<entity>PATIENT-1 | &quot;Türk Şehitleri Anıtı&quot;</entity>
				<entity>PATIENT-2 | &quot;Hüseyin Bütüner and Hilmi Güner&quot;</entity>
			</entitymap>
		</entry>
		<entry category="Monument" eid="Id26" size="2">
			<originaltripleset>
				<otriple>Dead_Man's_Plack | location | England</otriple>
				<otriple>Dead_Man's_Plack | material | Rock_(geology)</otriple>
			</originaltripleset>
			<modifiedtripleset>
				<mtriple>Dead_Man's_Plack | location | England</mtriple>
				<mtriple>Dead_Man's_Plack | material | Rock_(geology)</mtriple>
			</modifiedtripleset>
			<lex comment="good" lid="Id1">
				<text>The Dead Man's Plack is made from rock and is in ENgland.</text>
				<template>AGENT-1 is made from PATIENT-2 and is in PATIENT-1 .</template>
			</lex>
			<entitymap>
				<entity>AGENT-1 | Dead_Mans_Plack</entity>
				<entity>PATIENT-1 | England</entity>
				<entity>PATIENT-2 | Rock_(geology)</entity>
			</entitymap>
		</entry>
		<entry category="Monument" eid="Id27" size="2">
			<originaltripleset>
				<otriple>Dead_Man's_Plack | location | England</otriple>
				<otriple>England | capital | London</otriple>
			</originaltripleset>
			<modifiedtripleset>
				<mtriple>Dead_Man's_Plack | location | England</mtriple>
				<mtriple>England | capital | London</mtriple>
			</modifiedtripleset>
			<lex comment="good" lid="Id1">
				<text>The Dead Man's Plack is located in England, the capital of which is London.</text>
				<template>AGENT-1 is located in BRIDGE-1 , the capital of which is PATIENT-1 .</template>
			</lex>
			<lex comment="good" lid="Id2">
				<text>The Dead Man's Plack is in London, England.</text>
				<template>AGENT-1 is in PATIENT-1 , BRIDGE-1 .</template>
			</lex>
			<entitymap>
				<entity>BRIDGE-1 | England</entity>
				<entity>AGENT-1 | Dead_Mans_Plack</entity>
				<entity>PATIENT-1 | London</entity>
			</entitymap>
		</entry>
		<entry category="Monument" eid="Id28" size="2">
			<originaltripleset>
				<otriple>Dead_Man's_Plack | location | England</otriple>
				<otriple>England | ethnicGroups | British_Arabs</otriple>
			</originaltripleset>
			<modifiedtripleset>
				<mtriple>Dead_Man's_Plack | location | England</mtriple>
				<mtriple>England | ethnicGroups | British_Arabs</mtriple>
			</modifiedtripleset>
			<lex comment="good" lid="Id1">
				<text>Dead Man's Plack is in England and one of the ethnic groups found in England is the British Arabs.</text>
				<template>AGENT-1 is in BRIDGE-1 and one of the ethnic groups found in BRIDGE-1 is PATIENT-1 .</template>
			</lex>
			<lex comment="good" lid="Id2">
				<text>The Dead Man's Plack is in England honoring the British Arab ethnic group.</text>
				<template>AGENT-1 is in BRIDGE-1 honoring the PATIENT-1 ethnic group .</template>
			</lex>
			<lex comment="good" lid="Id3">
				<text>The Dead Man's Plack is located in England, where one of the ethnic groups is the British Arabs.</text>
				<template>AGENT-1 is located in BRIDGE-1 , where one of the ethnic groups is PATIENT-1 .</template>
			</lex>
			<entitymap>
				<entity>BRIDGE-1 | England</entity>
				<entity>AGENT-1 | Dead_Mans_Plack</entity>
				<entity>PATIENT-1 | British_Arabs</entity>
			</entitymap>
		</entry>
		<entry category="Monument" eid="Id29" size="2">
			<originaltripleset>
				<otriple>Monocacy_National_Battlefield | location | Frederick_County,_Maryland</otriple>
				<otriple>14th_New_Jersey_Volunteer_Infantry_Monument | district | Monocacy_National_Battlefield</otriple>
			</originaltripleset>
			<modifiedtripleset>
				<mtriple>Monocacy_National_Battlefield | location | Frederick_County,_Maryland</mtriple>
				<mtriple>14th_New_Jersey_Volunteer_Infantry_Monument | district | Monocacy_National_Battlefield</mtriple>
			</modifiedtripleset>
			<lex comment="good" lid="Id1">
				<text>The 14th New Jersey Volunteer Infantry Monument is found in the Monocacy National Battlefield which is located in Frederick County, Maryland.</text>
				<template>AGENT-1 is found in BRIDGE-1 which is located in PATIENT-1 .</template>
			</lex>
			<lex comment="good" lid="Id2">
				<text>The 14th New Jersey Volunteer Infantry Monument is located in the district of the Monocacy National Battlefield which is located Frederick County, Maryland.</text>
				<template>AGENT-1 is located in the district of BRIDGE-1 which is located PATIENT-1 .</template>
			</lex>
			<lex comment="good" lid="Id3">
				<text>The 14th New Jersey Volunteer Infantry Monument is in the Monacacy National Battlefield in Frederick, Maryland.</text>
				<template>AGENT-1 is in BRIDGE-1 in PATIENT-1 .</template>
			</lex>
			<entitymap>
				<entity>BRIDGE-1 | Monocacy_National_Battlefield</entity>
				<entity>AGENT-1 | 14th_New_Jersey_Volunteer_Infantry_Monument</entity>
				<entity>PATIENT-1 | Frederick_County,_Maryland</entity>
			</entitymap>
		</entry>
		<entry category="Monument" eid="Id30" size="2">
			<originaltripleset>
				<otriple>Turkey | capital | Ankara</otriple>
				<otriple>Atatürk_Monument_(İzmir) | location | Turkey</otriple>
			</originaltripleset>
			<modifiedtripleset>
				<mtriple>Turkey | capital | Ankara</mtriple>
				<mtriple>Atatürk_Monument_(İzmir) | location | Turkey</mtriple>
			</modifiedtripleset>
			<lex comment="good" lid="Id1">
				<text>The Atatürk Monument is located in Izmir, Turkey, where the capital is Ankara.</text>
				<template>AGENT-1 , BRIDGE-1 , where the capital is PATIENT-1 .</template>
			</lex>
			<lex comment="good" lid="Id2">
				<text>The Atatürk Monument is located in İzmir, Turkey which capital is Ankara.</text>
				<template>AGENT-1 , BRIDGE-1 which capital is PATIENT-1 .</template>
			</lex>
			<entitymap>
				<entity>BRIDGE-1 | Turkey</entity>
				<entity>AGENT-1 | Atatürk_Monument_(İzmir)</entity>
				<entity>PATIENT-1 | Ankara</entity>
			</entitymap>
		</entry>
		<entry category="Monument" eid="Id31" size="2">
			<originaltripleset>
				<otriple>Turkey | currency | Turkish_lira</otriple>
				<otriple>Atatürk_Monument_(İzmir) | location | Turkey</otriple>
			</originaltripleset>
			<modifiedtripleset>
				<mtriple>Turkey | currency | Turkish_lira</mtriple>
				<mtriple>Atatürk_Monument_(İzmir) | location | Turkey</mtriple>
			</modifiedtripleset>
			<lex comment="good" lid="Id1">
				<text>The Atatürk Monument (İzmir) is found in Turkey where the currency is the Turkish Lira.</text>
				<template>AGENT-1 is found in BRIDGE-1 where the currency is PATIENT-1 .</template>
			</lex>
			<lex comment="good" lid="Id2">
				<text>The Atatürk Monument is in Turkey, where the currency is the lira.</text>
				<template>AGENT-1 is in BRIDGE-1 , where the currency is PATIENT-1 .</template>
			</lex>
			<entitymap>
				<entity>BRIDGE-1 | Turkey</entity>
				<entity>AGENT-1 | Atatürk_Monument_(İzmir)</entity>
				<entity>PATIENT-1 | Turkish_lira</entity>
			</entitymap>
		</entry>
		<entry category="Monument" eid="Id32" size="2">
			<originaltripleset>
				<otriple>Turkey | largestCity | Istanbul</otriple>
				<otriple>Atatürk_Monument_(İzmir) | location | Turkey</otriple>
			</originaltripleset>
			<modifiedtripleset>
				<mtriple>Turkey | largestCity | Istanbul</mtriple>
				<mtriple>Atatürk_Monument_(İzmir) | location | Turkey</mtriple>
			</modifiedtripleset>
			<lex comment="good" lid="Id1">
				<text>The Atatürk Monument is in Turkey which largest city is Istanbul.</text>
				<template>AGENT-1 is in BRIDGE-1 which largest city is PATIENT-1 .</template>
			</lex>
			<lex comment="good" lid="Id2">
				<text>Istanbul is the largest city in Turkey, where the Atatürk Monument is located.</text>
				<template>PATIENT-1 is the largest city in BRIDGE-1 , where AGENT-1 is located .</template>
			</lex>
			<entitymap>
				<entity>BRIDGE-1 | Turkey</entity>
				<entity>AGENT-1 | Atatürk_Monument_(İzmir)</entity>
				<entity>PATIENT-1 | Istanbul</entity>
			</entitymap>
		</entry>
	</entries>
</benchmark>
