<?xml version="1.0" ?>
<benchmark>
	<entries>
		<entry category="University" eid="Id1" size="2">
			<originaltripleset>
				<otriple>1_Decembrie_1918_University,_Alba_Iulia | country | Romania</otriple>
				<otriple>Romania | anthem | Deșteaptă-te,_române!</otriple>
			</originaltripleset>
			<modifiedtripleset>
				<mtriple>1_Decembrie_1918_University | country | Romania</mtriple>
				<mtriple>Romania | anthem | Deșteaptă-te,_române!</mtriple>
			</modifiedtripleset>
			<lex comment="good" lid="Id1">
				<text>1 Decembrie 1918 University is located in Romania where the anthem is Deșteaptă-te, române!</text>
				<template>AGENT-1 is located in BRIDGE-1 where the anthem is PATIENT-1 !</template>
			</lex>
			<lex comment="good" lid="Id2">
				<text>The 1 Decembrie 1918 University is in Romania whose national anthem is Deșteaptă-te, române!</text>
				<template>AGENT-1 is in BRIDGE-1 whose national anthem is PATIENT-1 !</template>
			</lex>
			<entitymap>
				<entity>BRIDGE-1 | Romania</entity>
				<entity>AGENT-1 | 1_Decembrie_1918_University</entity>
				<entity>PATIENT-1 | Deșteaptă-te,_române!</entity>
			</entitymap>
		</entry>
		<entry category="University" eid="Id2" size="2">
			<originaltripleset>
				<otriple>1_Decembrie_1918_University,_Alba_Iulia | latinName | &quot;Universitas Apulensis&quot;@en</otriple>
				<otriple>1_Decembrie_1918_University,_Alba_Iulia | country | Romania</otriple>
			</originaltripleset>
			<modifiedtripleset>
				<mtriple>1_Decembrie_1918_University | latinName | &quot;Universitas Apulensis&quot;</mtriple>
				<mtriple>1_Decembrie_1918_University | country | Romania</mtriple>
			</modifiedtripleset>
			<lex comment="good" lid="Id1">
				<text>The 1 Decembrie 1918 University of Romania has the latin name Universitas Apulensis.</text>
				<template>AGENT-1 of PATIENT-2 has the latin name PATIENT-1 .</template>
			</lex>
			<lex comment="good" lid="Id2">
				<text>1 Decembrie 1918 University 's latin name is Universitas Apulensis and is located in Romania.</text>
				<template>AGENT-1 latin name is PATIENT-1 and is located in PATIENT-2 .</template>
			</lex>
			<entitymap>
				<entity>AGENT-1 | 1_Decembrie_1918_University</entity>
				<entity>PATIENT-1 | &quot;Universitas Apulensis&quot;</entity>
				<entity>PATIENT-2 | Romania</entity>
			</entitymap>
		</entry>
		<entry category="University" eid="Id3" size="2">
			<originaltripleset>
				<otriple>1_Decembrie_1918_University,_Alba_Iulia | rector | &quot;Breaz Valer Daniel&quot;@en</otriple>
				<otriple>1_Decembrie_1918_University,_Alba_Iulia | city | Alba_Iulia</otriple>
			</originaltripleset>
			<modifiedtripleset>
				<mtriple>1_Decembrie_1918_University | rector | &quot;Breaz Valer Daniel&quot;</mtriple>
				<mtriple>1_Decembrie_1918_University | city | Alba_Iulia</mtriple>
			</modifiedtripleset>
			<lex comment="good" lid="Id1">
				<text>Breaz Valer Daniel is the rector of the 1 Decembrie 1918 University in the city of Alba Iulia.</text>
				<template>PATIENT-1 is the rector of AGENT-1 in the city of PATIENT-2 .</template>
			</lex>
			<lex comment="good" lid="Id2">
				<text>The 1 Decembrie 1918 University is situated in the city of Alba lulia and the rector is Breaz Valer Daniel.</text>
				<template>AGENT-1 is situated in the city of PATIENT-2 and the rector is PATIENT-1 .</template>
			</lex>
			<entitymap>
				<entity>AGENT-1 | 1_Decembrie_1918_University</entity>
				<entity>PATIENT-1 | &quot;Breaz Valer Daniel&quot;</entity>
				<entity>PATIENT-2 | Alba_Iulia</entity>
			</entitymap>
		</entry>
		<entry category="University" eid="Id4" size="2">
			<originaltripleset>
				<otriple>1_Decembrie_1918_University,_Alba_Iulia | state | Alba</otriple>
				<otriple>1_Decembrie_1918_University,_Alba_Iulia | country | Romania</otriple>
			</originaltripleset>
			<modifiedtripleset>
				<mtriple>1_Decembrie_1918_University | state | Alba</mtriple>
				<mtriple>1_Decembrie_1918_University | country | Romania</mtriple>
			</modifiedtripleset>
			<lex comment="good" lid="Id1">
				<text>The 1 Decembrie 1918 University is situated in the state of Alba, Romania.</text>
				<template>AGENT-1 is situated in the state of PATIENT-1 , PATIENT-2 .</template>
			</lex>
			<lex comment="good" lid="Id2">
				<text>1 Decembrie 1918 University is in the state of Alba, Romania.</text>
				<template>AGENT-1 is in the state of PATIENT-1 , PATIENT-2 .</template>
			</lex>
			<entitymap>
				<entity>AGENT-1 | 1_Decembrie_1918_University</entity>
				<entity>PATIENT-1 | Alba</entity>
				<entity>PATIENT-2 | Romania</entity>
			</entitymap>
		</entry>
		<entry category="University" eid="Id5" size="2">
			<originaltripleset>
				<otriple>AWH_Engineering_College | facultySize | &quot;250&quot;^^xsd:nonNegativeInteger</otriple>
				<otriple>AWH_Engineering_College | city | &quot;Kuttikkattoor&quot;@en</otriple>
			</originaltripleset>
			<modifiedtripleset>
				<mtriple>AWH_Engineering_College | academicStaffSize | 250</mtriple>
				<mtriple>AWH_Engineering_College | city | &quot;Kuttikkattoor&quot;</mtriple>
			</modifiedtripleset>
			<lex comment="good" lid="Id1">
				<text>There are 250 academic staff at the AWH Engineering College in the city of Kuttikkattoor.</text>
				<template>There are PATIENT-1 academic staff at AGENT-1 in the city of PATIENT-2 .</template>
			</lex>
			<lex comment="good" lid="Id2">
				<text>AWH Engineering College in Kuttikkattoor has an academic staff size of 250 people.</text>
				<template>AGENT-1 in PATIENT-2 has an academic staff size of PATIENT-1 people .</template>
			</lex>
			<lex comment="good" lid="Id3">
				<text>AWH Engineering College has a staff size of 250 and is in the city of Kuttikkattoor.</text>
				<template>AGENT-1 has a staff size of PATIENT-1 and is in the city of PATIENT-2 .</template>
			</lex>
			<entitymap>
				<entity>AGENT-1 | AWH_Engineering_College</entity>
				<entity>PATIENT-1 | 250</entity>
				<entity>PATIENT-2 | &quot;Kuttikkattoor&quot;</entity>
			</entitymap>
		</entry>
		<entry category="University" eid="Id6" size="2">
			<originaltripleset>
				<otriple>AWH_Engineering_College | country | India</otriple>
				<otriple>AWH_Engineering_College | state | Kerala</otriple>
			</originaltripleset>
			<modifiedtripleset>
				<mtriple>AWH_Engineering_College | country | India</mtriple>
				<mtriple>AWH_Engineering_College | state | Kerala</mtriple>
			</modifiedtripleset>
			<lex comment="good" lid="Id1">
				<text>The AWH Engineering College is located in the state of Kerala, India.</text>
				<template>AGENT-1 is located in the state of PATIENT-2 , PATIENT-1 .</template>
			</lex>
			<lex comment="good" lid="Id2">
				<text>AWH Engineering College is in the State of Kerala in India.</text>
				<template>AGENT-1 is in the State of PATIENT-2 in PATIENT-1 .</template>
			</lex>
			<lex comment="good" lid="Id3">
				<text>AWH Engineering College is situated in the state of Kerala, India.</text>
				<template>AGENT-1 is situated in the state of PATIENT-2 , PATIENT-1 .</template>
			</lex>
			<entitymap>
				<entity>AGENT-1 | AWH_Engineering_College</entity>
				<entity>PATIENT-1 | India</entity>
				<entity>PATIENT-2 | Kerala</entity>
			</entitymap>
		</entry>
		<entry category="University" eid="Id7" size="2">
			<originaltripleset>
				<otriple>AWH_Engineering_College | country | India</otriple>
				<otriple>India | river | Ganges</otriple>
			</originaltripleset>
			<modifiedtripleset>
				<mtriple>AWH_Engineering_College | country | India</mtriple>
				<mtriple>India | river | Ganges</mtriple>
			</modifiedtripleset>
			<lex comment="good" lid="Id1">
				<text>AWH Engineering College is located in India where the Ganges river flows.</text>
				<template>AGENT-1 is located in BRIDGE-1 where the PATIENT-1 river flows .</template>
			</lex>
			<lex comment="good" lid="Id2">
				<text>AWH Engineering College is in India where the Ganges River can be found.</text>
				<template>AGENT-1 is in BRIDGE-1 where PATIENT-1 can be found .</template>
			</lex>
			<lex comment="good" lid="Id3">
				<text>The biggest river of India is the Ganges. The AWH Engineering College is also located in India.</text>
				<template>The biggest river of BRIDGE-1 is PATIENT-1 . AGENT-1 is also located in BRIDGE-1 .</template>
			</lex>
			<entitymap>
				<entity>BRIDGE-1 | India</entity>
				<entity>AGENT-1 | AWH_Engineering_College</entity>
				<entity>PATIENT-1 | Ganges</entity>
			</entitymap>
		</entry>
		<entry category="University" eid="Id8" size="2">
			<originaltripleset>
				<otriple>AWH_Engineering_College | established | 2001</otriple>
				<otriple>AWH_Engineering_College | city | &quot;Kuttikkattoor&quot;@en</otriple>
			</originaltripleset>
			<modifiedtripleset>
				<mtriple>AWH_Engineering_College | established | 2001</mtriple>
				<mtriple>AWH_Engineering_College | city | &quot;Kuttikkattoor&quot;</mtriple>
			</modifiedtripleset>
			<lex comment="good" lid="Id1">
				<text>In 2001 the AWH Engineering College was established in the city of Kuttikkattoor.</text>
				<template>In PATIENT-1 AGENT-1 was established in the city of PATIENT-2 .</template>
			</lex>
			<lex comment="good" lid="Id2">
				<text>AWH Engineering College in Kuttikkattoor was established in 2001.</text>
				<template>AGENT-1 in PATIENT-2 was established in PATIENT-1 .</template>
			</lex>
			<lex comment="good" lid="Id3">
				<text>AWH Engineering College of the city Kuttikkattoor was established in 2001.</text>
				<template>AGENT-1 of the city PATIENT-2 was established in PATIENT-1 .</template>
			</lex>
			<entitymap>
				<entity>AGENT-1 | AWH_Engineering_College</entity>
				<entity>PATIENT-1 | 2001</entity>
				<entity>PATIENT-2 | &quot;Kuttikkattoor&quot;</entity>
			</entitymap>
		</entry>
		<entry category="University" eid="Id9" size="2">
			<originaltripleset>
				<otriple>Accademia_di_Architettura_di_Mendrisio | country | Switzerland</otriple>
				<otriple>Accademia_di_Architettura_di_Mendrisio | city | Mendrisio</otriple>
			</originaltripleset>
			<modifiedtripleset>
				<mtriple>Accademia_di_Architettura_di_Mendrisio | country | Switzerland</mtriple>
				<mtriple>Accademia_di_Architettura_di_Mendrisio | city | Mendrisio</mtriple>
			</modifiedtripleset>
			<lex comment="good" lid="Id1">
				<text>The Accademia di Architettura di Mendrisio is located in the city of Mendrisio in Switzerland.</text>
				<template>AGENT-1 is located in the city of PATIENT-2 in PATIENT-1 .</template>
			</lex>
			<lex comment="good" lid="Id2">
				<text>Accademia di Architettura di Mendrisio is in Mendrisio, Switzerland.</text>
				<template>AGENT-1 is in PATIENT-2 , PATIENT-1 .</template>
			</lex>
			<lex comment="good" lid="Id3">
				<text>The Accademia di Architettura di Mendrisio is located in the city of Mendrisio, Switzerland.</text>
				<template>AGENT-1 is located in the city of PATIENT-2 , PATIENT-1 .</template>
			</lex>
			<entitymap>
				<entity>AGENT-1 | Accademia_di_Architettura_di_Mendrisio</entity>
				<entity>PATIENT-1 | Switzerland</entity>
				<entity>PATIENT-2 | Mendrisio</entity>
			</entitymap>
		</entry>
		<entry category="University" eid="Id10" size="2">
			<originaltripleset>
				<otriple>Accademia_di_Architettura_di_Mendrisio | country | Switzerland</otriple>
				<otriple>Switzerland | leaderName | Johann_Schneider-Ammann</otriple>
			</originaltripleset>
			<modifiedtripleset>
				<mtriple>Accademia_di_Architettura_di_Mendrisio | country | Switzerland</mtriple>
				<mtriple>Switzerland | leaderName | Johann_Schneider-Ammann</mtriple>
			</modifiedtripleset>
			<lex comment="good" lid="Id1">
				<text>The Accademia di Architettura di Mendrisio is located in Switzerland where the leader of the country is Johann Schneider-Ammann.</text>
				<template>AGENT-1 is located in BRIDGE-1 where the leader of BRIDGE-1 is PATIENT-1 .</template>
			</lex>
			<lex comment="good" lid="Id2">
				<text>Switzerland, which is home to Accademia di Architettura di Mendrisio, is led by Johann Schneider-Ammann.</text>
				<template>BRIDGE-1 , which is home to AGENT-1 , is led by PATIENT-1 .</template>
			</lex>
			<lex comment="good" lid="Id3">
				<text>Accademia di Architettura di Mendrisio is located in Switzerland and the leader is Johann Schneider-Ammann.</text>
				<template>AGENT-1 is located in BRIDGE-1 and the leader is PATIENT-1 .</template>
			</lex>
			<entitymap>
				<entity>BRIDGE-1 | Switzerland</entity>
				<entity>AGENT-1 | Accademia_di_Architettura_di_Mendrisio</entity>
				<entity>PATIENT-1 | Johann_Schneider-Ammann</entity>
			</entitymap>
		</entry>
		<entry category="University" eid="Id11" size="2">
			<originaltripleset>
				<otriple>Accademia_di_Architettura_di_Mendrisio | dean | Mario_Botta</otriple>
				<otriple>Accademia_di_Architettura_di_Mendrisio | faculty | 100</otriple>
			</originaltripleset>
			<modifiedtripleset>
				<mtriple>Accademia_di_Architettura_di_Mendrisio | dean | Mario_Botta</mtriple>
				<mtriple>Accademia_di_Architettura_di_Mendrisio | academicStaffSize | 100</mtriple>
			</modifiedtripleset>
			<lex comment="good" lid="Id1">
				<text>Mario Botta is dean of the Accademia di Architettura di Mendrisio where there is an academic staff of 100.</text>
				<template>PATIENT-1 is dean of AGENT-1 where there is an academic staff of PATIENT-2 .</template>
			</lex>
			<lex comment="good" lid="Id2">
				<text>The Dean of Accademia di Architettura di Mendrisio is Mario Botto and the school has an academic staff size of 100 people.</text>
				<template>The Dean of AGENT-1 is PATIENT-1 and AGENT-1 has an academic staff size of PATIENT-2 people .</template>
			</lex>
			<lex comment="good" lid="Id3">
				<text>The Accademia di Architettura di Mendrisio has an academic staff of 100 and the dean is called Mario Botta.</text>
				<template>AGENT-1 has an academic staff of PATIENT-2 and the dean is called PATIENT-1 .</template>
			</lex>
			<entitymap>
				<entity>AGENT-1 | Accademia_di_Architettura_di_Mendrisio</entity>
				<entity>PATIENT-1 | Mario_Botta</entity>
				<entity>PATIENT-2 | 100</entity>
			</entitymap>
		</entry>
		<entry category="University" eid="Id12" size="2">
			<originaltripleset>
				<otriple>Accademia_di_Architettura_di_Mendrisio | dean | Mario_Botta</otriple>
				<otriple>Accademia_di_Architettura_di_Mendrisio | established | 1996</otriple>
			</originaltripleset>
			<modifiedtripleset>
				<mtriple>Accademia_di_Architettura_di_Mendrisio | dean | Mario_Botta</mtriple>
				<mtriple>Accademia_di_Architettura_di_Mendrisio | established | 1996</mtriple>
			</modifiedtripleset>
			<lex comment="good" lid="Id1">
				<text>Accademia di Architettura di Mendrisio was established in 1996 and the dean is Mario Botta.</text>
				<template>AGENT-1 was established in PATIENT-2 and the dean is PATIENT-1 .</template>
			</lex>
			<lex comment="good" lid="Id2">
				<text>The Dean of Accademia di Architettura di Mendrisio, which was created in 1996, is Mario Botta.</text>
				<template>The Dean of AGENT-1 , which was created in PATIENT-2 , is PATIENT-1 .</template>
			</lex>
			<lex comment="good" lid="Id3">
				<text>Mario Botta is Dean of the Accademia di Architettura di Mendrisio which was established in 1996.</text>
				<template>PATIENT-1 is Dean of AGENT-1 which was established in PATIENT-2 .</template>
			</lex>
			<entitymap>
				<entity>AGENT-1 | Accademia_di_Architettura_di_Mendrisio</entity>
				<entity>PATIENT-1 | Mario_Botta</entity>
				<entity>PATIENT-2 | 1996</entity>
			</entitymap>
		</entry>
		<entry category="University" eid="Id13" size="2">
			<originaltripleset>
				<otriple>Accademia_di_Architettura_di_Mendrisio | students | 600</otriple>
				<otriple>Accademia_di_Architettura_di_Mendrisio | established | 1996</otriple>
			</originaltripleset>
			<modifiedtripleset>
				<mtriple>Accademia_di_Architettura_di_Mendrisio | numberOfStudents | 600</mtriple>
				<mtriple>Accademia_di_Architettura_di_Mendrisio | established | 1996</mtriple>
			</modifiedtripleset>
			<lex comment="good" lid="Id1">
				<text>The number of students at the Accademia di Architettura di Mendrisio which was established in 1996, is 600.</text>
				<template>The number of students at AGENT-1 which was established in PATIENT-2 , is PATIENT-1 .</template>
			</lex>
			<lex comment="good" lid="Id2">
				<text>Accademia di Architettura di Mendrisio, which has 600 students, was established in 1996.</text>
				<template>AGENT-1 , which has PATIENT-1 students , was established in PATIENT-2 .</template>
			</lex>
			<lex comment="good" lid="Id3">
				<text>Accademia di Architettura di Mendrisio was established in 1996 and has 600 students.</text>
				<template>AGENT-1 was established in PATIENT-2 and has PATIENT-1 students .</template>
			</lex>
			<entitymap>
				<entity>AGENT-1 | Accademia_di_Architettura_di_Mendrisio</entity>
				<entity>PATIENT-1 | 600</entity>
				<entity>PATIENT-2 | 1996</entity>
			</entitymap>
		</entry>
		<entry category="University" eid="Id14" size="2">
			<originaltripleset>
				<otriple>Acharya_Institute_of_Technology | academicStaff | &quot;~500&quot;@en</otriple>
				<otriple>Acharya_Institute_of_Technology | motto | &quot;Nurturing Excellence&quot;@en</otriple>
			</originaltripleset>
			<modifiedtripleset>
				<mtriple>Acharya_Institute_of_Technology | academicStaffSize | &quot;~500&quot;</mtriple>
				<mtriple>Acharya_Institute_of_Technology | motto | &quot;Nurturing Excellence&quot;</mtriple>
			</modifiedtripleset>
			<lex comment="good" lid="Id1">
				<text>The motto of the Acharya Institute of Technology is &quot;Nurturing Excellence&quot; and there is an academic staff of 500.</text>
				<template>The motto of AGENT-1 is `` PATIENT-2 '' and there is an academic staff of PATIENT-1 .</template>
			</lex>
			<lex comment="good" lid="Id2">
				<text>The motto of Acharya Institute of Technology, which has about 500 employees, is Nurturing Excellence.</text>
				<template>The motto of AGENT-1 , which has about PATIENT-1 employees , is PATIENT-2 .</template>
			</lex>
			<lex comment="good" lid="Id3">
				<text>Acharya Institute of Technology has an academic staff size of 500 and their motto is Nurturing Excellence.</text>
				<template>AGENT-1 has an academic staff size of PATIENT-1 and AGENT-1 motto is PATIENT-2 .</template>
			</lex>
			<entitymap>
				<entity>AGENT-1 | Acharya_Institute_of_Technology</entity>
				<entity>PATIENT-1 | &quot;~500&quot;</entity>
				<entity>PATIENT-2 | &quot;Nurturing Excellence&quot;</entity>
			</entitymap>
		</entry>
		<entry category="University" eid="Id15" size="2">
			<originaltripleset>
				<otriple>Acharya_Institute_of_Technology | affiliation | Visvesvaraya_Technological_University</otriple>
				<otriple>Acharya_Institute_of_Technology | state | Karnataka</otriple>
			</originaltripleset>
			<modifiedtripleset>
				<mtriple>Acharya_Institute_of_Technology | affiliation | Visvesvaraya_Technological_University</mtriple>
				<mtriple>Acharya_Institute_of_Technology | state | Karnataka</mtriple>
			</modifiedtripleset>
			<lex comment="good" lid="Id1">
				<text>Located in the state of Karnataka, Acharya Institute of Technology is an affiliate of Visvesvaraya Technological University.</text>
				<template>Located in the state of PATIENT-2 , AGENT-1 is an affiliate of PATIENT-1 .</template>
			</lex>
			<lex comment="good" lid="Id2">
				<text>Acharya Institute of Technology in Karnataka is affiliated with Visvesvaraya Technological University.</text>
				<template>AGENT-1 in PATIENT-2 is affiliated with PATIENT-1 .</template>
			</lex>
			<entitymap>
				<entity>AGENT-1 | Acharya_Institute_of_Technology</entity>
				<entity>PATIENT-1 | Visvesvaraya_Technological_University</entity>
				<entity>PATIENT-2 | Karnataka</entity>
			</entitymap>
		</entry>
		<entry category="University" eid="Id16" size="2">
			<originaltripleset>
				<otriple>Acharya_Institute_of_Technology | city | Bangalore</otriple>
				<otriple>Acharya_Institute_of_Technology | affiliations | Visvesvaraya_Technological_University</otriple>
			</originaltripleset>
			<modifiedtripleset>
				<mtriple>Acharya_Institute_of_Technology | city | Bangalore</mtriple>
				<mtriple>Acharya_Institute_of_Technology | affiliation | Visvesvaraya_Technological_University</mtriple>
			</modifiedtripleset>
			<lex comment="good" lid="Id1">
				<text>The Acharya Institute of Technology in Bangalore is affiliated with Visvesvaraya Technological University.</text>
				<template>AGENT-1 in PATIENT-1 is affiliated with PATIENT-2 .</template>
			</lex>
			<lex comment="good" lid="Id2">
				<text>The Acharya Institute of Technology, in the city of Bangalore, is affiliated with Visvesvaraya Technological University.</text>
				<template>AGENT-1 , in the city of PATIENT-1 , is affiliated with PATIENT-2 .</template>
			</lex>
			<lex comment="good" lid="Id3">
				<text>Acharya Institute of Technology in Bangalore is affiliated with Visvesvaraya Technological University.</text>
				<template>AGENT-1 in PATIENT-1 is affiliated with PATIENT-2 .</template>
			</lex>
			<entitymap>
				<entity>AGENT-1 | Acharya_Institute_of_Technology</entity>
				<entity>PATIENT-1 | Bangalore</entity>
				<entity>PATIENT-2 | Visvesvaraya_Technological_University</entity>
			</entitymap>
		</entry>
		<entry category="University" eid="Id17" size="2">
			<originaltripleset>
				<otriple>Acharya_Institute_of_Technology | country | &quot;India&quot;@en</otriple>
				<otriple>Acharya_Institute_of_Technology | affiliations | Visvesvaraya_Technological_University</otriple>
			</originaltripleset>
			<modifiedtripleset>
				<mtriple>Acharya_Institute_of_Technology | country | &quot;India&quot;</mtriple>
				<mtriple>Acharya_Institute_of_Technology | affiliation | Visvesvaraya_Technological_University</mtriple>
			</modifiedtripleset>
			<lex comment="good" lid="Id1">
				<text>The Acharya Institue of Technology in India is affiliated with the Visvesvaraya Technological University.</text>
				<template>AGENT-1 in PATIENT-1 is affiliated with PATIENT-2 .</template>
			</lex>
			<lex comment="good" lid="Id2">
				<text>Acharya Institute of Technology in India is affiliated with Visvesvaraya Technological University.</text>
				<template>AGENT-1 in PATIENT-1 is affiliated with PATIENT-2 .</template>
			</lex>
			<lex comment="good" lid="Id3">
				<text>Acharya Institute of Technology is affiliated with Visvesvaraya Technological University in India.</text>
				<template>AGENT-1 is affiliated with PATIENT-2 in PATIENT-1 .</template>
			</lex>
			<entitymap>
				<entity>AGENT-1 | Acharya_Institute_of_Technology</entity>
				<entity>PATIENT-1 | &quot;India&quot;</entity>
				<entity>PATIENT-2 | Visvesvaraya_Technological_University</entity>
			</entitymap>
		</entry>
		<entry category="University" eid="Id18" size="2">
			<originaltripleset>
				<otriple>Acharya_Institute_of_Technology | established | 2000</otriple>
				<otriple>Acharya_Institute_of_Technology | country | &quot;India&quot;@en</otriple>
			</originaltripleset>
			<modifiedtripleset>
				<mtriple>Acharya_Institute_of_Technology | established | 2000</mtriple>
				<mtriple>Acharya_Institute_of_Technology | country | &quot;India&quot;</mtriple>
			</modifiedtripleset>
			<lex comment="good" lid="Id1">
				<text>The Acharya Institute of Technology was established in India in 2000.</text>
				<template>AGENT-1 was established in PATIENT-2 in PATIENT-1 .</template>
			</lex>
			<lex comment="good" lid="Id2">
				<text>Acharya Institute of Technology in India was created in 2000.</text>
				<template>AGENT-1 in PATIENT-2 was created in PATIENT-1 .</template>
			</lex>
			<lex comment="good" lid="Id3">
				<text>Acharya Institute of Technology of India was established in the year 2000.</text>
				<template>AGENT-1 of PATIENT-2 was established in PATIENT-1 .</template>
			</lex>
			<entitymap>
				<entity>AGENT-1 | Acharya_Institute_of_Technology</entity>
				<entity>PATIENT-1 | 2000</entity>
				<entity>PATIENT-2 | &quot;India&quot;</entity>
			</entitymap>
		</entry>
		<entry category="University" eid="Id19" size="2">
			<originaltripleset>
				<otriple>Acharya_Institute_of_Technology | undergrad | &quot;~10000&quot;@en</otriple>
				<otriple>Acharya_Institute_of_Technology | country | &quot;India&quot;@en</otriple>
			</originaltripleset>
			<modifiedtripleset>
				<mtriple>Acharya_Institute_of_Technology | numberOfUndergraduateStudents | 10000</mtriple>
				<mtriple>Acharya_Institute_of_Technology | country | &quot;India&quot;</mtriple>
			</modifiedtripleset>
			<lex comment="good" lid="Id1">
				<text>Acharya Institute of Technology of India has 10000 Undergraduate students.</text>
				<template>AGENT-1 of PATIENT-2 has PATIENT-1 Undergraduate students .</template>
			</lex>
			<lex comment="good" lid="Id2">
				<text>The Archarya Institute of Technology in India has 10000 undergraduate students.</text>
				<template>AGENT-1 in PATIENT-2 has PATIENT-1 undergraduate students .</template>
			</lex>
			<lex comment="good" lid="Id3">
				<text>Acharya Institute of Technology in India has 10000 Undergraduate students.</text>
				<template>AGENT-1 in PATIENT-2 has PATIENT-1 Undergraduate students .</template>
			</lex>
			<entitymap>
				<entity>AGENT-1 | Acharya_Institute_of_Technology</entity>
				<entity>PATIENT-1 | 10000</entity>
				<entity>PATIENT-2 | &quot;India&quot;</entity>
			</entitymap>
		</entry>
		<entry category="University" eid="Id20" size="2">
			<originaltripleset>
				<otriple>Acharya_Institute_of_Technology | outlook | 63</otriple>
				<otriple>Acharya_Institute_of_Technology | colours | &quot;Blue, White and Orange&quot;@en</otriple>
			</originaltripleset>
			<modifiedtripleset>
				<mtriple>Acharya_Institute_of_Technology | outlookRanking | 63</mtriple>
				<mtriple>Acharya_Institute_of_Technology | officialSchoolColour | &quot;Blue, White and Orange&quot;</mtriple>
			</modifiedtripleset>
			<lex comment="good" lid="Id1">
				<text>The Acharya Institute of Technology has the official school colours of blue, white and orange and has the Outlook Ranking of 63.</text>
				<template>AGENT-1 has the official school colours of PATIENT-2 and has the Outlook Ranking of PATIENT-1 .</template>
			</lex>
			<lex comment="good" lid="Id2">
				<text>Acharya Institute of Technology's ranking is 63 and its school colors are Blue, White and Orange.</text>
				<template>AGENT-1 ranking is PATIENT-1 and AGENT-1 school colors are PATIENT-2 .</template>
			</lex>
			<lex comment="good" lid="Id3">
				<text>The outlook ranking of the Acharya Institute of Technology is 63, and the official school colours are blue, white and orange.</text>
				<template>The outlook ranking of AGENT-1 is PATIENT-1 , and the official school colours are PATIENT-2 .</template>
			</lex>
			<entitymap>
				<entity>AGENT-1 | Acharya_Institute_of_Technology</entity>
				<entity>PATIENT-1 | 63</entity>
				<entity>PATIENT-2 | &quot;Blue, White and Orange&quot;</entity>
			</entitymap>
		</entry>
		<entry category="University" eid="Id21" size="2">
			<originaltripleset>
				<otriple>Alba_Iulia | country | Romania</otriple>
				<otriple>1_Decembrie_1918_University,_Alba_Iulia | city | Alba_Iulia</otriple>
			</originaltripleset>
			<modifiedtripleset>
				<mtriple>Alba_Iulia | country | Romania</mtriple>
				<mtriple>1_Decembrie_1918_University | city | Alba_Iulia</mtriple>
			</modifiedtripleset>
			<lex comment="good" lid="Id1">
				<text>Alba Iulia in Romania is the location of the 1 Decembrie 1918 University.</text>
				<template>BRIDGE-1 in PATIENT-1 is the location of AGENT-1 .</template>
			</lex>
			<lex comment="good" lid="Id2">
				<text>1 Decembrie 1918 University is located in Alba Iulia in Romania.</text>
				<template>AGENT-1 is located in BRIDGE-1 in PATIENT-1 .</template>
			</lex>
			<entitymap>
				<entity>BRIDGE-1 | Alba_Iulia</entity>
				<entity>AGENT-1 | 1_Decembrie_1918_University</entity>
				<entity>PATIENT-1 | Romania</entity>
			</entitymap>
		</entry>
		<entry category="University" eid="Id22" size="2">
			<originaltripleset>
				<otriple>Alba_Iulia | isPartOf | Alba_County</otriple>
				<otriple>1_Decembrie_1918_University,_Alba_Iulia | city | Alba_Iulia</otriple>
			</originaltripleset>
			<modifiedtripleset>
				<mtriple>Alba_Iulia | isPartOf | Alba_County</mtriple>
				<mtriple>1_Decembrie_1918_University | city | Alba_Iulia</mtriple>
			</modifiedtripleset>
			<lex comment="good" lid="Id1">
				<text>Alba Iulia is a part of Alba County and is the location of the 1 Decembrie 1918 University.</text>
				<template>BRIDGE-1 is a part of PATIENT-1 and is the location of AGENT-1 .</template>
			</lex>
			<lex comment="good" lid="Id2">
				<text>1 Decembrie 1918 University is located in Alba lulia which is part of Alba County.</text>
				<template>AGENT-1 is located in BRIDGE-1 which is part of PATIENT-1 .</template>
			</lex>
			<entitymap>
				<entity>BRIDGE-1 | Alba_Iulia</entity>
				<entity>AGENT-1 | 1_Decembrie_1918_University</entity>
				<entity>PATIENT-1 | Alba_County</entity>
			</entitymap>
		</entry>
		<entry category="University" eid="Id23" size="2">
			<originaltripleset>
				<otriple>Denmark | leaderName | Lars_Løkke_Rasmussen</otriple>
				<otriple>Aarhus_University,_School_of_Business_and_Social_Sciences | country | Denmark</otriple>
			</originaltripleset>
			<originaltripleset>
				<otriple>Aarhus_University,_School_of_Business_and_Social_Sciences | country | Denmark</otriple>
				<otriple>Denmark | leader | Lars_Løkke_Rasmussen</otriple>
			</originaltripleset>
			<modifiedtripleset>
				<mtriple>Denmark | leaderName | Lars_Løkke_Rasmussen</mtriple>
				<mtriple>School of Business and Social Sciences at the Aarhus University | country | Denmark</mtriple>
			</modifiedtripleset>
			<lex comment="good" lid="Id1">
				<text>The leader of Denmark is Lars Lokke Rasmussen. Denmark is the home of the School of Business Studies and Social Sciences at the Aarhus University.</text>
				<template>The leader of BRIDGE-1 is PATIENT-1 . BRIDGE-1 is the home of AGENT-1 .</template>
			</lex>
			<lex comment="good" lid="Id2">
				<text>Denmark, which is home to the School of Business and Social Sciences at the Aarhus University, is led by Lars Løkke Rasmussen.</text>
				<template>BRIDGE-1 , which is home to AGENT-1 , is led by PATIENT-1 .</template>
			</lex>
			<lex comment="good" lid="Id3">
				<text>The School of Business and Social Sciences at the Aarhus University is located in the country of Denmark whose leader is Lars Løkke Rasmussen.</text>
				<template>AGENT-1 is located in the country of BRIDGE-1 whose leader is PATIENT-1 .</template>
			</lex>
			<entitymap>
				<entity>BRIDGE-1 | Denmark</entity>
				<entity>AGENT-1 | School of Business and Social Sciences at the Aarhus University</entity>
				<entity>PATIENT-1 | Lars_Løkke_Rasmussen</entity>
			</entitymap>
		</entry>
		<entry category="University" eid="Id24" size="2">
			<originaltripleset>
				<otriple>Mendrisio | neighboringMunicipalities | Meride</otriple>
				<otriple>Accademia_di_Architettura_di_Mendrisio | city | Mendrisio</otriple>
			</originaltripleset>
			<modifiedtripleset>
				<mtriple>Mendrisio | neighboringMunicipality | Meride</mtriple>
				<mtriple>Accademia_di_Architettura_di_Mendrisio | city | Mendrisio</mtriple>
			</modifiedtripleset>
			<lex comment="good" lid="Id1">
				<text>The Accademia di Archiettura di Mendrisio is located in the city of Mendrisio, the neighboring municipality of Mendrisio is Meride.</text>
				<template>AGENT-1 is located in the city of BRIDGE-1 , the neighboring municipality of BRIDGE-1 is PATIENT-1 .</template>
			</lex>
			<lex comment="good" lid="Id2">
				<text>Accademia di Architettura di Mendrisio in Mendrisio is bordered by the Municipality of Meride.</text>
				<template>AGENT-1 in BRIDGE-1 is bordered by the Municipality of PATIENT-1 .</template>
			</lex>
			<lex comment="good" lid="Id3">
				<text>Accademia di Architettura di Mendrisio is located in Meride in Mendrisio.</text>
				<template>AGENT-1 is located in PATIENT-1 in BRIDGE-1 .</template>
			</lex>
			<entitymap>
				<entity>BRIDGE-1 | Mendrisio</entity>
				<entity>AGENT-1 | Accademia_di_Architettura_di_Mendrisio</entity>
				<entity>PATIENT-1 | Meride</entity>
			</entitymap>
		</entry>
		<entry category="University" eid="Id25" size="2">
			<originaltripleset>
				<otriple>Romania | capital | Bucharest</otriple>
				<otriple>1_Decembrie_1918_University,_Alba_Iulia | country | Romania</otriple>
			</originaltripleset>
			<modifiedtripleset>
				<mtriple>Romania | capital | Bucharest</mtriple>
				<mtriple>1_Decembrie_1918_University | country | Romania</mtriple>
			</modifiedtripleset>
			<lex comment="good" lid="Id1">
				<text>The 1 Decembrie 1918 University is located in Romania where the capital is Bucharest.</text>
				<template>AGENT-1 is located in BRIDGE-1 where the capital is PATIENT-1 .</template>
			</lex>
			<lex comment="good" lid="Id2">
				<text>The 1 Decembrie 1918 University is located in the country of Romania, whose capital is Bucharest.</text>
				<template>AGENT-1 is located in the country of BRIDGE-1 , whose capital is PATIENT-1 .</template>
			</lex>
			<entitymap>
				<entity>BRIDGE-1 | Romania</entity>
				<entity>AGENT-1 | 1_Decembrie_1918_University</entity>
				<entity>PATIENT-1 | Bucharest</entity>
			</entitymap>
		</entry>
		<entry category="University" eid="Id26" size="2">
			<originaltripleset>
				<otriple>Romania | ethnicGroups | Germans_of_Romania</otriple>
				<otriple>1_Decembrie_1918_University,_Alba_Iulia | country | Romania</otriple>
			</originaltripleset>
			<originaltripleset>
				<otriple>Romania | ethnicGroup | Germans_of_Romania</otriple>
				<otriple>1_Decembrie_1918_University,_Alba_Iulia | country | Romania</otriple>
			</originaltripleset>
			<modifiedtripleset>
				<mtriple>Romania | ethnicGroup | Germans_of_Romania</mtriple>
				<mtriple>1_Decembrie_1918_University | country | Romania</mtriple>
			</modifiedtripleset>
			<lex comment="toFix" lid="Id1">
				<text>The 1 Decembrie 1918 University in Romania has an ethnic group called Germans of Romania.</text>
				<template>AGENT-1 in BRIDGE-1 has an ethnic group called PATIENT-1 .</template>
			</lex>
			<lex comment="toFix" lid="Id2">
				<text>The 1 Decembrie 1918 University in Romania, has a large percentage of students from the native ethnic group, Germans of Romania.</text>
				<template>AGENT-1 in BRIDGE-1 , has a large percentage of students from the native ethnic group , PATIENT-1 .</template>
			</lex>
			<lex comment="toFix" lid="Id3">
				<text>1 Decembrie 1918 University is located in Romania and is primarily German.</text>
				<template>AGENT-1 is located in BRIDGE-1 and is primarily PATIENT-1 .</template>
			</lex>
			<entitymap>
				<entity>BRIDGE-1 | Romania</entity>
				<entity>AGENT-1 | 1_Decembrie_1918_University</entity>
				<entity>PATIENT-1 | Germans_of_Romania</entity>
			</entitymap>
		</entry>
		<entry category="University" eid="Id27" size="2">
			<originaltripleset>
				<otriple>Romania | leader | Klaus_Iohannis</otriple>
				<otriple>1_Decembrie_1918_University,_Alba_Iulia | country | Romania</otriple>
			</originaltripleset>
			<originaltripleset>
				<otriple>Romania | leaderName | Klaus_Iohannis</otriple>
				<otriple>1_Decembrie_1918_University,_Alba_Iulia | country | Romania</otriple>
			</originaltripleset>
			<modifiedtripleset>
				<mtriple>Romania | leaderName | Klaus_Iohannis</mtriple>
				<mtriple>1_Decembrie_1918_University | country | Romania</mtriple>
			</modifiedtripleset>
			<lex comment="good" lid="Id1">
				<text>1 Decembrie 1918 University is located in Romania whose leader is Klaus Johannis.</text>
				<template>AGENT-1 is located in BRIDGE-1 whose leader is PATIENT-1 .</template>
			</lex>
			<entitymap>
				<entity>BRIDGE-1 | Romania</entity>
				<entity>AGENT-1 | 1_Decembrie_1918_University</entity>
				<entity>PATIENT-1 | Klaus_Iohannis</entity>
			</entitymap>
		</entry>
		<entry category="University" eid="Id28" size="2">
			<originaltripleset>
				<otriple>Romania | patronSaint | Andrew_the_Apostle</otriple>
				<otriple>1_Decembrie_1918_University,_Alba_Iulia | country | Romania</otriple>
			</originaltripleset>
			<modifiedtripleset>
				<mtriple>Romania | patronSaint | Andrew_the_Apostle</mtriple>
				<mtriple>1_Decembrie_1918_University | country | Romania</mtriple>
			</modifiedtripleset>
			<lex comment="good" lid="Id1">
				<text>The 1 Decembrie 1918 University is in the country of Romania who has the patron saint Andrew the Apostle.</text>
				<template>AGENT-1 is in the country of BRIDGE-1 who has PATIENT-1 .</template>
			</lex>
			<lex comment="good" lid="Id2">
				<text>The 1 Decembrie 1981 University, in Romania, is dedicated to the country's patron saint, Andrew the Apostle.</text>
				<template>AGENT-1 , in BRIDGE-1 , is dedicated to BRIDGE-1 patron saint , PATIENT-1 .</template>
			</lex>
			<entitymap>
				<entity>BRIDGE-1 | Romania</entity>
				<entity>AGENT-1 | 1_Decembrie_1918_University</entity>
				<entity>PATIENT-1 | Andrew_the_Apostle</entity>
			</entitymap>
		</entry>
		<entry category="University" eid="Id29" size="2">
			<originaltripleset>
				<otriple>Aarhus_University,_School_of_Business_and_Social_Sciences | faculty | 737</otriple>
				<otriple>Aarhus_University,_School_of_Business_and_Social_Sciences | country | Denmark</otriple>
			</originaltripleset>
			<modifiedtripleset>
				<mtriple>School of Business and Social Sciences at the Aarhus University | academicStaffSize | 737</mtriple>
				<mtriple>School of Business and Social Sciences at the Aarhus University | country | Denmark</mtriple>
			</modifiedtripleset>
			<lex comment="good" lid="Id1">
				<text>Denmark's School of Business and Social Sciences at the Aarhus University has an academic staff size of 737 people.</text>
				<template>PATIENT-2 @ AGENT-1 has an academic staff size of PATIENT-1 people .</template>
			</lex>
			<lex comment="good" lid="Id2">
				<text>School of Business and Social Sciences at the Aarhus University has a staff size of 737 and is located in Denmark.</text>
				<template>AGENT-1 has a staff size of PATIENT-1 and is located in PATIENT-2 .</template>
			</lex>
			<entitymap>
				<entity>AGENT-1 | School of Business and Social Sciences at the Aarhus University</entity>
				<entity>PATIENT-1 | 737</entity>
				<entity>PATIENT-2 | Denmark</entity>
			</entitymap>
		</entry>
		<entry category="University" eid="Id30" size="2">
			<originaltripleset>
				<otriple>Aarhus_University,_School_of_Business_and_Social_Sciences | faculty | 737</otriple>
				<otriple>Aarhus_University,_School_of_Business_and_Social_Sciences | established | 1928</otriple>
			</originaltripleset>
			<modifiedtripleset>
				<mtriple>School of Business and Social Sciences at the Aarhus University | academicStaffSize | 737</mtriple>
				<mtriple>School of Business and Social Sciences at the Aarhus University | established | 1928</mtriple>
			</modifiedtripleset>
			<lex comment="good" lid="Id1">
				<text>The School of Business and Social Sciences at the Aarhus University was established in 1928 and has an academic staff of 737.</text>
				<template>AGENT-1 was established in PATIENT-2 and has an academic staff of PATIENT-1 .</template>
			</lex>
			<lex comment="good" lid="Id2">
				<text>The School of Business and Social Sciences at Aarhus University was created in 1928 and has an academic staff size of 737 people.</text>
				<template>AGENT-1 was created in PATIENT-2 and has an academic staff size of PATIENT-1 people .</template>
			</lex>
			<lex comment="good" lid="Id3">
				<text>School of Business and Social Sciences at the Aarhus University was established in 1928 with a staff size of 737.</text>
				<template>AGENT-1 was established in PATIENT-2 with a staff size of PATIENT-1 .</template>
			</lex>
			<entitymap>
				<entity>AGENT-1 | School of Business and Social Sciences at the Aarhus University</entity>
				<entity>PATIENT-1 | 737</entity>
				<entity>PATIENT-2 | 1928</entity>
			</entitymap>
		</entry>
		<entry category="University" eid="Id31" size="2">
			<originaltripleset>
				<otriple>Aarhus_University,_School_of_Business_and_Social_Sciences | affiliation | European_University_Association</otriple>
				<otriple>Aarhus_University,_School_of_Business_and_Social_Sciences | established | 1928</otriple>
			</originaltripleset>
			<modifiedtripleset>
				<mtriple>School of Business and Social Sciences at the Aarhus University | affiliation | European_University_Association</mtriple>
				<mtriple>School of Business and Social Sciences at the Aarhus University | established | 1928</mtriple>
			</modifiedtripleset>
			<lex comment="good" lid="Id1">
				<text>The School of Business and Social Sciences at the Aarhus University, which was established in 1928, is affiliated with the European University Association.</text>
				<template>AGENT-1 , which was established in PATIENT-2 , is affiliated with PATIENT-1 .</template>
			</lex>
			<lex comment="good" lid="Id2">
				<text>The School of Business and Social Sciences at the Aarhus University, which was created in 1928, is affiliated with the European University Association.</text>
				<template>AGENT-1 , which was created in PATIENT-2 , is affiliated with PATIENT-1 .</template>
			</lex>
			<lex comment="good" lid="Id3">
				<text>School of Business and Social Sciences at the Aarhus University was established in 1928 and is affiliated with the European University Association.</text>
				<template>AGENT-1 was established in PATIENT-2 and is affiliated with PATIENT-1 .</template>
			</lex>
			<entitymap>
				<entity>AGENT-1 | School of Business and Social Sciences at the Aarhus University</entity>
				<entity>PATIENT-1 | European_University_Association</entity>
				<entity>PATIENT-2 | 1928</entity>
			</entitymap>
		</entry>
		<entry category="University" eid="Id32" size="2">
			<originaltripleset>
				<otriple>Aarhus_University,_School_of_Business_and_Social_Sciences | city | Aarhus</otriple>
				<otriple>Aarhus | governmentType | Magistrate</otriple>
			</originaltripleset>
			<modifiedtripleset>
				<mtriple>School of Business and Social Sciences at the Aarhus University | city | Aarhus</mtriple>
				<mtriple>Aarhus | governmentType | Magistrate</mtriple>
			</modifiedtripleset>
			<lex comment="good" lid="Id1">
				<text>The type of government in Aarhus is that of magistrate. The city of Aarhus is where the School of Business and Social Sciences at the Aarhus University is located.</text>
				<template>The type of government in BRIDGE-1 is that of PATIENT-1 . The city of BRIDGE-1 is where AGENT-1 is located .</template>
			</lex>
			<lex comment="good" lid="Id2">
				<text>The School of Business and Social Sciences at Aarhus University in Aarhus has a Magistrate as its government.</text>
				<template>AGENT-1 in BRIDGE-1 has PATIENT-1 as BRIDGE-1 government .</template>
			</lex>
			<lex comment="good" lid="Id3">
				<text>The School of Business and Social Sciences at the Aarhus University is found in the city of Aarhus which has Magistrate as its government type.</text>
				<template>AGENT-1 is found in the city of BRIDGE-1 which has PATIENT-1 as BRIDGE-1 government type .</template>
			</lex>
			<entitymap>
				<entity>BRIDGE-1 | Aarhus</entity>
				<entity>AGENT-1 | School of Business and Social Sciences at the Aarhus University</entity>
				<entity>PATIENT-1 | Magistrate</entity>
			</entitymap>
		</entry>
		<entry category="University" eid="Id33" size="2">
			<originaltripleset>
				<otriple>Aarhus_University,_School_of_Business_and_Social_Sciences | city | Aarhus</otriple>
				<otriple>Aarhus | northeast | Mols</otriple>
			</originaltripleset>
			<modifiedtripleset>
				<mtriple>School of Business and Social Sciences at the Aarhus University | city | Aarhus</mtriple>
				<mtriple>Aarhus | has to its northeast | Mols</mtriple>
			</modifiedtripleset>
			<lex comment="good" lid="Id1">
				<text>Mols is situated to the northeast of Aarhus where the School of Business and Social Sciences at Aarhus University is located.</text>
				<template>PATIENT-1 is situated to the northeast of BRIDGE-1 where AGENT-1 is located .</template>
			</lex>
			<lex comment="good" lid="Id2">
				<text>The School of Business and Social Sciences at Aarhus University is in the city of Aarhus which has Mols to its northeast.</text>
				<template>AGENT-1 is in the city of BRIDGE-1 which has PATIENT-1 to BRIDGE-1 northeast .</template>
			</lex>
			<lex comment="good" lid="Id3">
				<text>The School of Business and Social Sciences at the Aarhus University is located in the city of Aarhus, which has Mols to its northeast.</text>
				<template>AGENT-1 is located in the city of BRIDGE-1 , which has PATIENT-1 to BRIDGE-1 northeast .</template>
			</lex>
			<entitymap>
				<entity>BRIDGE-1 | Aarhus</entity>
				<entity>AGENT-1 | School of Business and Social Sciences at the Aarhus University</entity>
				<entity>PATIENT-1 | Mols</entity>
			</entitymap>
		</entry>
		<entry category="University" eid="Id34" size="2">
			<originaltripleset>
				<otriple>Aarhus_University,_School_of_Business_and_Social_Sciences | city | Aarhus</otriple>
				<otriple>Aarhus_University,_School_of_Business_and_Social_Sciences | country | Denmark</otriple>
			</originaltripleset>
			<modifiedtripleset>
				<mtriple>School of Business and Social Sciences at the Aarhus University | city | Aarhus</mtriple>
				<mtriple>School of Business and Social Sciences at the Aarhus University | country | Denmark</mtriple>
			</modifiedtripleset>
			<lex comment="good" lid="Id1">
				<text>The School of Business and Social Sciences at Aaarhus University is located in Aarhus, Denmark.</text>
				<template>AGENT-1 is located in PATIENT-1 , PATIENT-2 .</template>
			</lex>
			<lex comment="good" lid="Id2">
				<text>School of Business and Social Sciences at the Aarhus University is in Aarhus, Denmark.</text>
				<template>AGENT-1 is in PATIENT-1 , PATIENT-2 .</template>
			</lex>
			<lex comment="good" lid="Id3">
				<text>The School of Business and Social Sciences at the Aarhus University is located in the city of Aarhus in Denmark.</text>
				<template>AGENT-1 is located in the city of PATIENT-1 in PATIENT-2 .</template>
			</lex>
			<entitymap>
				<entity>AGENT-1 | School of Business and Social Sciences at the Aarhus University</entity>
				<entity>PATIENT-1 | Aarhus</entity>
				<entity>PATIENT-2 | Denmark</entity>
			</entitymap>
		</entry>
		<entry category="University" eid="Id35" size="2">
			<originaltripleset>
				<otriple>Aarhus_University,_School_of_Business_and_Social_Sciences | country | Denmark</otriple>
				<otriple>Denmark | religion | Church_of_Denmark</otriple>
			</originaltripleset>
			<modifiedtripleset>
				<mtriple>School of Business and Social Sciences at the Aarhus University | country | Denmark</mtriple>
				<mtriple>Denmark | religion | Church_of_Denmark</mtriple>
			</modifiedtripleset>
			<lex comment="good" lid="Id1">
				<text>The School of Business and Social Sciences at the Aarhus University is located in the country of Denmark which has the religion The Church of Denmark.</text>
				<template>AGENT-1 is located in the country of BRIDGE-1 which has the religion PATIENT-1 .</template>
			</lex>
			<lex comment="good" lid="Id2">
				<text>The School of Business and Social Sciences at the Aarhus University in Denmark is also where the Church of Denmark is located.</text>
				<template>AGENT-1 in BRIDGE-1 is also where PATIENT-1 is located .</template>
			</lex>
			<lex comment="good" lid="Id3">
				<text>School of Business and Social Sciences at the Aarhus University is in Denmark as well as the Church of Denmark.</text>
				<template>AGENT-1 is in BRIDGE-1 as well as PATIENT-1 .</template>
			</lex>
			<entitymap>
				<entity>BRIDGE-1 | Denmark</entity>
				<entity>AGENT-1 | School of Business and Social Sciences at the Aarhus University</entity>
				<entity>PATIENT-1 | Church_of_Denmark</entity>
			</entitymap>
		</entry>
		<entry category="University" eid="Id36" size="2">
			<originaltripleset>
				<otriple>Aarhus_University,_School_of_Business_and_Social_Sciences | dean | &quot;Thomas Pallesen&quot;@en</otriple>
				<otriple>Aarhus_University,_School_of_Business_and_Social_Sciences | facultySize | &quot;737&quot;^^xsd:nonNegativeInteger</otriple>
			</originaltripleset>
			<modifiedtripleset>
				<mtriple>School of Business and Social Sciences at the Aarhus University | dean | &quot;Thomas Pallesen&quot;</mtriple>
				<mtriple>School of Business and Social Sciences at the Aarhus University | academicStaffSize | 737</mtriple>
			</modifiedtripleset>
			<lex comment="good" lid="Id1">
				<text>Thomas Pallesen is dean of the School of Business and Social Sciences at the Aarhus University where there is an academic staff of 737.</text>
				<template>PATIENT-1 is dean of AGENT-1 where there is an academic staff of PATIENT-2 .</template>
			</lex>
			<lex comment="good" lid="Id2">
				<text>The School of Business and Social Sciences at Aarhus University, which has an academic staff size of 737, has Thomas Pallesen as its Dean.</text>
				<template>AGENT-1 , which has an academic staff size of PATIENT-2 , has PATIENT-1 as AGENT-1 Dean .</template>
			</lex>
			<lex comment="good" lid="Id3">
				<text>School of Business and Social Sciences at the Aarhus University has an academic staff size of 737 and the dean is Thomas Pallesen.</text>
				<template>AGENT-1 has an academic staff size of PATIENT-2 and the dean is PATIENT-1 .</template>
			</lex>
			<entitymap>
				<entity>AGENT-1 | School of Business and Social Sciences at the Aarhus University</entity>
				<entity>PATIENT-1 | &quot;Thomas Pallesen&quot;</entity>
				<entity>PATIENT-2 | 737</entity>
			</entitymap>
		</entry>
		<entry category="University" eid="Id37" size="2">
			<originaltripleset>
				<otriple>Aarhus_University,_School_of_Business_and_Social_Sciences | latinName | &quot;Universitas Aarhusiensis&quot;@en</otriple>
				<otriple>Aarhus_University,_School_of_Business_and_Social_Sciences | affiliations | European_University_Association</otriple>
			</originaltripleset>
			<originaltripleset>
				<otriple>Aarhus_University,_School_of_Business_and_Social_Sciences | affiliation | European_University_Association</otriple>
				<otriple>Aarhus_University,_School_of_Business_and_Social_Sciences | latinName | &quot;Universitas Aarhusiensis&quot;@en</otriple>
			</originaltripleset>
			<modifiedtripleset>
				<mtriple>School of Business and Social Sciences at the Aarhus University | latinName | &quot;Universitas Aarhusiensis&quot;</mtriple>
				<mtriple>School of Business and Social Sciences at the Aarhus University | affiliation | European_University_Association</mtriple>
			</modifiedtripleset>
			<lex comment="good" lid="Id1">
				<text>Universitas Aarhusiensis is the latin name of the School of Business and Social Sciences at the Aarhus University which is affiliated to the European University Association.</text>
				<template>PATIENT-1 is the latin name of AGENT-1 which is affiliated to PATIENT-2 .</template>
			</lex>
			<lex comment="good" lid="Id2">
				<text>The Latin name for the School of Business and Social Sciences at Aarhus University, which is affiliated with the European University Association, is &quot;Universitas Aarhusiensis&quot;.</text>
				<template>The Latin name for AGENT-1 , which is affiliated with PATIENT-2 , is `` PATIENT-1 '' .</template>
			</lex>
			<lex comment="good" lid="Id3">
				<text>School of Business and Social Sciences at the Aarhus University is affiliated with the European University Association and its called Universitas Aarhusiensis in latin.</text>
				<template>AGENT-1 is affiliated with PATIENT-2 and AGENT-1 called PATIENT-1 in latin .</template>
			</lex>
			<entitymap>
				<entity>AGENT-1 | School of Business and Social Sciences at the Aarhus University</entity>
				<entity>PATIENT-1 | &quot;Universitas Aarhusiensis&quot;</entity>
				<entity>PATIENT-2 | European_University_Association</entity>
			</entitymap>
		</entry>
		<entry category="University" eid="Id38" size="2">
			<originaltripleset>
				<otriple>Aarhus_University,_School_of_Business_and_Social_Sciences | students | 16000</otriple>
				<otriple>Aarhus_University,_School_of_Business_and_Social_Sciences | affiliations | European_University_Association</otriple>
			</originaltripleset>
			<modifiedtripleset>
				<mtriple>School of Business and Social Sciences at the Aarhus University | numberOfStudents | 16000</mtriple>
				<mtriple>School of Business and Social Sciences at the Aarhus University | affiliation | European_University_Association</mtriple>
			</modifiedtripleset>
			<lex comment="good" lid="Id1">
				<text>The School of Business and Social Sciences at Aarhus University takes 16000 students and is affiliated to the European University Association.</text>
				<template>AGENT-1 takes PATIENT-1 students and is affiliated to PATIENT-2 .</template>
			</lex>
			<lex comment="good" lid="Id2">
				<text>The School of Business and Social Sciences at Aarhus University has 16,000 students and is affiliated with the European University Association.</text>
				<template>AGENT-1 has PATIENT-1 and is affiliated with PATIENT-2 .</template>
			</lex>
			<lex comment="good" lid="Id3">
				<text>The School of Business and Social Sciences at the Aarhus University has 16000 students and is affiliated with the European University Association.</text>
				<template>AGENT-1 has PATIENT-1 students and is affiliated with PATIENT-2 .</template>
			</lex>
			<entitymap>
				<entity>AGENT-1 | School of Business and Social Sciences at the Aarhus University</entity>
				<entity>PATIENT-1 | 16000</entity>
				<entity>PATIENT-2 | European_University_Association</entity>
			</entitymap>
		</entry>
		<entry category="University" eid="Id39" size="2">
			<originaltripleset>
				<otriple>Aarhus_University,_School_of_Business_and_Social_Sciences | students | 16000</otriple>
				<otriple>Aarhus_University,_School_of_Business_and_Social_Sciences | country | Denmark</otriple>
			</originaltripleset>
			<modifiedtripleset>
				<mtriple>School of Business and Social Sciences at the Aarhus University | numberOfStudents | 16000</mtriple>
				<mtriple>School of Business and Social Sciences at the Aarhus University | country | Denmark</mtriple>
			</modifiedtripleset>
			<lex comment="good" lid="Id1">
				<text>The School of Business and Social Sciences at the Aarhus University has 16000 students and is located in Denmark.</text>
				<template>AGENT-1 has PATIENT-1 students and is located in PATIENT-2 .</template>
			</lex>
			<lex comment="good" lid="Id2">
				<text>The School of Business and Social Sciences at Aarhus University in Denmark has 16,000 students.</text>
				<template>AGENT-1 in PATIENT-2 has PATIENT-1 students .</template>
			</lex>
			<lex comment="good" lid="Id3">
				<text>The School of Business and Social Sciences at the Aarhus University in Denmark has 16000 students.</text>
				<template>AGENT-1 in PATIENT-2 has PATIENT-1 students .</template>
			</lex>
			<entitymap>
				<entity>AGENT-1 | School of Business and Social Sciences at the Aarhus University</entity>
				<entity>PATIENT-1 | 16000</entity>
				<entity>PATIENT-2 | Denmark</entity>
			</entitymap>
		</entry>
	</entries>
</benchmark>
