<?xml version="1.0" ?>
<benchmark>
	<entries>
		<entry category="Monument" eid="Id1" size="7">
			<originaltripleset>
				<otriple>11th_Mississippi_Infantry_Monument | country | &quot;United States&quot;@en</otriple>
				<otriple>11th_Mississippi_Infantry_Monument | range | Seminary_Ridge</otriple>
				<otriple>11th_Mississippi_Infantry_Monument | region | Adams_County,_Pennsylvania</otriple>
				<otriple>11th_Mississippi_Infantry_Monument | state | &quot;Pennsylvania&quot;@en</otriple>
				<otriple>11th_Mississippi_Infantry_Monument | established | 2000</otriple>
				<otriple>11th_Mississippi_Infantry_Monument | category | Contributing_property</otriple>
				<otriple>11th_Mississippi_Infantry_Monument | municipality | Gettysburg,_Pennsylvania</otriple>
			</originaltripleset>
			<modifiedtripleset>
				<mtriple>11th_Mississippi_Infantry_Monument | country | &quot;United States&quot;</mtriple>
				<mtriple>11th_Mississippi_Infantry_Monument | location | Seminary_Ridge</mtriple>
				<mtriple>11th_Mississippi_Infantry_Monument | location | Adams_County,_Pennsylvania</mtriple>
				<mtriple>11th_Mississippi_Infantry_Monument | state | &quot;Pennsylvania&quot;</mtriple>
				<mtriple>11th_Mississippi_Infantry_Monument | established | 2000</mtriple>
				<mtriple>11th_Mississippi_Infantry_Monument | category | Contributing_property</mtriple>
				<mtriple>11th_Mississippi_Infantry_Monument | municipality | Gettysburg,_Pennsylvania</mtriple>
			</modifiedtripleset>
			<lex comment="good" lid="Id1">
				<text>The 11th Mississippi Infantry Monument is located at Seminary Ridge in Adams County in the municipality of Gettysburg Pennsylvania (United States). It was established in the year 2000 and is categorised as a contributing property.</text>
				<template>AGENT-1 is located at PATIENT-2 in PATIENT-3 in PATIENT-3 the municipality of PATIENT-7 (PATIENT-1) . AGENT-1 was established in PATIENT-5 and is categorised as PATIENT-6 .</template>
			</lex>
			<lex comment="good" lid="Id2">
				<text>The 11th Mississippi Infantry Monument (completed in 2000) is a contributing property found at Seminary Ridge, Adams County, in the municipality of Gettysburg in the American state of Pennsylvania.</text>
				<template>AGENT-1 (completed in PATIENT-5) is PATIENT-6 found at PATIENT-2 , PATIENT-3 , in the municipality of PATIENT-7 in the American state of PATIENT-4 .</template>
			</lex>
			<lex comment="good" lid="Id3">
				<text>Seminary Ridge in Gettysburg is located in Adams County, Pennsylvania and is the location of the 11th Mississippi Infantry monument which was established in 2000 and categorised as a contributing property within the United States.</text>
				<template>PATIENT-2 in PATIENT-7 is located in PATIENT-3 and is the location of AGENT-1 which was established in PATIENT-5 and categorised as PATIENT-6 within PATIENT-1 .</template>
			</lex>
			<entitymap>
				<entity>AGENT-1 | 11th_Mississippi_Infantry_Monument</entity>
				<entity>PATIENT-5 | 2000</entity>
				<entity>PATIENT-4 | &quot;Pennsylvania&quot;</entity>
				<entity>PATIENT-7 | Gettysburg,_Pennsylvania</entity>
				<entity>PATIENT-6 | Contributing_property</entity>
				<entity>PATIENT-1 | &quot;United States&quot;</entity>
				<entity>PATIENT-3 | Adams_County,_Pennsylvania</entity>
				<entity>PATIENT-2 | Seminary_Ridge</entity>
			</entitymap>
		</entry>
		<entry category="Monument" eid="Id2" size="7">
			<originaltripleset>
				<otriple>11th_Mississippi_Infantry_Monument | country | &quot;United States&quot;@en</otriple>
				<otriple>Adams_County,_Pennsylvania | southeast | Carroll_County,_Maryland</otriple>
				<otriple>11th_Mississippi_Infantry_Monument | established | 2000</otriple>
				<otriple>Adams_County,_Pennsylvania | north | Cumberland_County,_Pennsylvania</otriple>
				<otriple>11th_Mississippi_Infantry_Monument | state | &quot;Pennsylvania&quot;@en</otriple>
				<otriple>11th_Mississippi_Infantry_Monument | category | Contributing_property</otriple>
				<otriple>11th_Mississippi_Infantry_Monument | region | Adams_County,_Pennsylvania</otriple>
			</originaltripleset>
			<modifiedtripleset>
				<mtriple>11th_Mississippi_Infantry_Monument | country | &quot;United States&quot;</mtriple>
				<mtriple>Adams_County,_Pennsylvania | has to its southeast | Carroll_County,_Maryland</mtriple>
				<mtriple>11th_Mississippi_Infantry_Monument | established | 2000</mtriple>
				<mtriple>Adams_County,_Pennsylvania | has to its north | Cumberland_County,_Pennsylvania</mtriple>
				<mtriple>11th_Mississippi_Infantry_Monument | state | &quot;Pennsylvania&quot;</mtriple>
				<mtriple>11th_Mississippi_Infantry_Monument | category | Contributing_property</mtriple>
				<mtriple>11th_Mississippi_Infantry_Monument | location | Adams_County,_Pennsylvania</mtriple>
			</modifiedtripleset>
			<lex comment="good" lid="Id1">
				<text>11th Mississippi Infantry Monument has been established in 2000 and is categorised as a contributing property. It is located in Adams County, Pennsylvania (United States). Carrol County Maryland is southeast of Adams county Pennsylvania and Pennsylvania's Cumberland County is to the north of the Adams County.</text>
				<template>AGENT-1 has been established in PATIENT-3 and is categorised as PATIENT-6 . AGENT-1 is located in BRIDGE-1 (PATIENT-1) . PATIENT-2 is southeast of BRIDGE-1 and PATIENT-4 is to the north of BRIDGE-1.</template>
			</lex>
			<lex comment="good" lid="Id2">
				<text>The 11th Mississippi Infantry Monument was established in 2000 in Adams County, Pennsylvania and is categorised as a contributing property of the United States. Adams County is located south of Cumberland County and Carrol County in Maryland lie to the southeast.</text>
				<template>AGENT-1 was established in PATIENT-3 in BRIDGE-1 and is categorised as PATIENT-6 of PATIENT-1 . BRIDGE-1 is located south of PATIENT-4 and PATIENT-2 lie to the southeast .</template>
			</lex>
			<lex comment="good" lid="Id3">
				<text>The 11th Mississippi Infantry Monument was established in 2000 and is categorised as a contributing property. It is located in Adams County, Pennsylvania state (in the US). Adams County, Pennsylvania has Carrol County, Maryland to its southeast and Pennsylvania's Cumberland County is to the north of the Adams County.</text>
				<template>AGENT-1 was established in PATIENT-3 and is categorised as PATIENT-6 . AGENT-1 is located in BRIDGE-1 state (in PATIENT-1) . BRIDGE-1 has PATIENT-4 to BRIDGE-1 southeast and PATIENT-4 is to the north of BRIDGE-1 .</template>
			</lex>
			<entitymap>
				<entity>BRIDGE-1 | Adams_County,_Pennsylvania</entity>
				<entity>PATIENT-5 | &quot;Pennsylvania&quot;</entity>
				<entity>PATIENT-4 | Cumberland_County,_Pennsylvania</entity>
				<entity>AGENT-1 | 11th_Mississippi_Infantry_Monument</entity>
				<entity>PATIENT-6 | Contributing_property</entity>
				<entity>PATIENT-1 | &quot;United States&quot;</entity>
				<entity>PATIENT-3 | 2000</entity>
				<entity>PATIENT-2 | Carroll_County,_Maryland</entity>
			</entitymap>
		</entry>
		<entry category="Monument" eid="Id3" size="7">
			<originaltripleset>
				<otriple>11th_Mississippi_Infantry_Monument | country | &quot;United States&quot;@en</otriple>
				<otriple>Adams_County,_Pennsylvania | west | Franklin_County,_Pennsylvania</otriple>
				<otriple>Adams_County,_Pennsylvania | southeast | Carroll_County,_Maryland</otriple>
				<otriple>Adams_County,_Pennsylvania | north | Cumberland_County,_Pennsylvania</otriple>
				<otriple>Adams_County,_Pennsylvania | southwest | Frederick_County,_Maryland</otriple>
				<otriple>11th_Mississippi_Infantry_Monument | category | Contributing_property</otriple>
				<otriple>11th_Mississippi_Infantry_Monument | region | Adams_County,_Pennsylvania</otriple>
			</originaltripleset>
			<modifiedtripleset>
				<mtriple>11th_Mississippi_Infantry_Monument | country | &quot;United States&quot;</mtriple>
				<mtriple>Adams_County,_Pennsylvania | has to its west | Franklin_County,_Pennsylvania</mtriple>
				<mtriple>Adams_County,_Pennsylvania | has to its southeast | Carroll_County,_Maryland</mtriple>
				<mtriple>Adams_County,_Pennsylvania | has to its north | Cumberland_County,_Pennsylvania</mtriple>
				<mtriple>Adams_County,_Pennsylvania | has to its southwest | Frederick_County,_Maryland</mtriple>
				<mtriple>11th_Mississippi_Infantry_Monument | category | Contributing_property</mtriple>
				<mtriple>11th_Mississippi_Infantry_Monument | location | Adams_County,_Pennsylvania</mtriple>
			</modifiedtripleset>
			<lex comment="good" lid="Id1">
				<text>The 11th Mississippi Infantry Monument is categorized as a Contributing property, and is found in Adams County, Pennsylvania, in the US. Adams County is to the east of Franklin County, Pennsylvania, and it has Carrol County Maryland to its southeast, Pennsylvania's Cumberland County to its north, and Maryland's Frederick County to its southwest.</text>
				<template>AGENT-1 is categorized as PATIENT-6 , and is found in BRIDGE-1 , in the US . BRIDGE-1 is to the east of PATIENT-5 and BRIDGE-1 has PATIENT-3 to BRIDGE-1 southeast, PATIENT-4 to BRIDGE-1 north , and PATIENT-5 to BRIDGE-1 southwest .</template>
			</lex>
			<lex comment="good" lid="Id2">
				<text>Adams County is located in Pennsylvania, United States to the south of Cumberland County and to the east of Franklin County. Frederick County, Maryland is to the southwest and Carrol County, Maryland to the southeast. Adams County is the location of the 11th Mississippi Infantry monument which is categorised as a contributing property.</text>
				<template>BRIDGE-1 is located in Pennsylvania, PATIENT-1 to the south of PATIENT-4 and to the east of PATIENT-2 . PATIENT-5 is to the southwest and PATIENT-3 to the southeast . BRIDGE-1 is the location of AGENT-1 which is categorised as PATIENT-6 .</template>
			</lex>
			<lex comment="good" lid="Id3">
				<text>Adams County, Pennsylvania which lies east of Franklin County, south of Cumberland County, northwest of Carroll County, Maryland and northeast of Frederick County, is the location of the 11th Mississippi Infantry monument which was established in 2000 and categorised as a contributing property within the United States.</text>
				<template>BRIDGE-1 which lies east of PATIENT-2 , south of PATIENT-4 , northwest of PATIENT-3 and northeast of PATIENT-5 , is the location of AGENT-1 which was established in 2000 and categorised as PATIENT-6 within PATIENT-1 .</template>
			</lex>
			<entitymap>
				<entity>BRIDGE-1 | Adams_County,_Pennsylvania</entity>
				<entity>PATIENT-5 | Frederick_County,_Maryland</entity>
				<entity>PATIENT-4 | Cumberland_County,_Pennsylvania</entity>
				<entity>AGENT-1 | 11th_Mississippi_Infantry_Monument</entity>
				<entity>PATIENT-6 | Contributing_property</entity>
				<entity>PATIENT-1 | &quot;United States&quot;</entity>
				<entity>PATIENT-3 | Carroll_County,_Maryland</entity>
				<entity>PATIENT-2 | Franklin_County,_Pennsylvania</entity>
			</entitymap>
		</entry>
		<entry category="Monument" eid="Id4" size="7">
			<originaltripleset>
				<otriple>Adams_County,_Pennsylvania | southeast | Carroll_County,_Maryland</otriple>
				<otriple>11th_Mississippi_Infantry_Monument | established | 2000</otriple>
				<otriple>Adams_County,_Pennsylvania | north | Cumberland_County,_Pennsylvania</otriple>
				<otriple>Adams_County,_Pennsylvania | southwest | Frederick_County,_Maryland</otriple>
				<otriple>11th_Mississippi_Infantry_Monument | state | &quot;Pennsylvania&quot;@en</otriple>
				<otriple>11th_Mississippi_Infantry_Monument | category | Contributing_property</otriple>
				<otriple>11th_Mississippi_Infantry_Monument | region | Adams_County,_Pennsylvania</otriple>
			</originaltripleset>
			<modifiedtripleset>
				<mtriple>Adams_County,_Pennsylvania | has to its southeast | Carroll_County,_Maryland</mtriple>
				<mtriple>11th_Mississippi_Infantry_Monument | established | 2000</mtriple>
				<mtriple>Adams_County,_Pennsylvania | has to its north | Cumberland_County,_Pennsylvania</mtriple>
				<mtriple>Adams_County,_Pennsylvania | has to its southwest | Frederick_County,_Maryland</mtriple>
				<mtriple>11th_Mississippi_Infantry_Monument | state | &quot;Pennsylvania&quot;</mtriple>
				<mtriple>11th_Mississippi_Infantry_Monument | category | Contributing_property</mtriple>
				<mtriple>11th_Mississippi_Infantry_Monument | location | Adams_County,_Pennsylvania</mtriple>
			</modifiedtripleset>
			<lex comment="good" lid="Id1">
				<text>Frederick County Maryland is to the south west of Adams County, Pennsylvania. To the south of Adams County is Cumberland County and to the northwest Carroll County, Maryland. Adams County is the location of the 11th Mississippi Infantry monument which was established in 2000 and categorised as a contributing property within the United States.</text>
				<template>PATIENT-4 is to the south west of BRIDGE-1 . To the south of BRIDGE-1 is PATIENT-3 and to northwest PATIENT-1 . BRIDGE-1 is the location of AGENT-1 which was established in PATIENT-2 and categorised as PATIENT-6 within the United States .</template>
			</lex>
			<lex comment="good" lid="Id2">
				<text>The 11th Mississippi Infantry monument, established in 2000, is categorised as a contributing property and located in Adams County, Pennsylvania which is north of Cumberland County. The County is northwest of Maryland's Carrol County and northeast of Frederick County, Maryland.</text>
				<template>AGENT-1 , established in PATIENT-2 , is categorised as PATIENT-6 and located in BRIDGE-1 which is north of PATIENT-3 . BRIDGE-1 is northwest of PATIENT-1 and northeast of PATIENT-4 .</template>
			</lex>
			<lex comment="good" lid="Id3">
				<text>Adams County in Pennsylvania is located south of Cumberland County. Frederick County, Maryland is to the southwest and Carrol County, Maryland is to the southeast. The County is the location of the 11th Mississippi Infantry monument which was established in 2000 and is categorised as a contributing property.</text>
				<template>BRIDGE-1 in PATIENT-5 is located south of PATIENT-3 . PATIENT-4 is to the southwest and PATIENT-1 , Maryland is to the southeast . BRIDGE-1 is the location of AGENT-1 which was established in PATIENT-2 and is categorised as PATIENT-6 .</template>
			</lex>
			<entitymap>
				<entity>BRIDGE-1 | Adams_County,_Pennsylvania</entity>
				<entity>PATIENT-5 | &quot;Pennsylvania&quot;</entity>
				<entity>PATIENT-4 | Frederick_County,_Maryland</entity>
				<entity>AGENT-1 | 11th_Mississippi_Infantry_Monument</entity>
				<entity>PATIENT-6 | Contributing_property</entity>
				<entity>PATIENT-1 | Carroll_County,_Maryland</entity>
				<entity>PATIENT-3 | Cumberland_County,_Pennsylvania</entity>
				<entity>PATIENT-2 | 2000</entity>
			</entitymap>
		</entry>
		<entry category="Monument" eid="Id5" size="7">
			<originaltripleset>
				<otriple>Adams_County,_Pennsylvania | west | Franklin_County,_Pennsylvania</otriple>
				<otriple>Adams_County,_Pennsylvania | southeast | Carroll_County,_Maryland</otriple>
				<otriple>11th_Mississippi_Infantry_Monument | established | 2000</otriple>
				<otriple>Adams_County,_Pennsylvania | north | Cumberland_County,_Pennsylvania</otriple>
				<otriple>11th_Mississippi_Infantry_Monument | category | Contributing_property</otriple>
				<otriple>11th_Mississippi_Infantry_Monument | municipality | Gettysburg,_Pennsylvania</otriple>
				<otriple>11th_Mississippi_Infantry_Monument | region | Adams_County,_Pennsylvania</otriple>
			</originaltripleset>
			<modifiedtripleset>
				<mtriple>Adams_County,_Pennsylvania | has to its west | Franklin_County,_Pennsylvania</mtriple>
				<mtriple>Adams_County,_Pennsylvania | has to its southeast | Carroll_County,_Maryland</mtriple>
				<mtriple>11th_Mississippi_Infantry_Monument | established | 2000</mtriple>
				<mtriple>Adams_County,_Pennsylvania | has to its north | Cumberland_County,_Pennsylvania</mtriple>
				<mtriple>11th_Mississippi_Infantry_Monument | category | Contributing_property</mtriple>
				<mtriple>11th_Mississippi_Infantry_Monument | municipality | Gettysburg,_Pennsylvania</mtriple>
				<mtriple>11th_Mississippi_Infantry_Monument | location | Adams_County,_Pennsylvania</mtriple>
			</modifiedtripleset>
			<lex comment="good" lid="Id1">
				<text>Gettysburg is located in Adams County, Pennsylvania which lies to the south of Cumberland County, east of Franklin County and to the northwest of Carroll County, Maryland. It is the location of the 11th Mississippi Infantry monument which was established in 2000 and categorised as a contributing property within the United States.</text>
				<template>PATIENT-6 is located in BRIDGE-1 which lies to the south of PATIENT-4 of PATIENT-1 and to the northwest of PATIENT-2 . BRIDGE-1 is the location of AGENT-1 which was established in PATIENT-3 and categorised as PATIENT-5 within the United States .</template>
			</lex>
			<lex comment="good" lid="Id2">
				<text>The 11th Mississippi Infantry monument is located in the municipality of Gettysburg, Adams County which was established in 2000 and categorised as a contributing property. Adams County in Pennsylvania is located to the east of Franklin County and south of Cumberland County. To the north west is Carrol County, Maryland.</text>
				<template>AGENT-1 is located in the municipality of PATIENT-6 , BRIDGE-1 which was established in PATIENT-3 and categorised as PATIENT-5 . BRIDGE-1 is located to the east of PATIENT-1 and south of PATIENT-4 . To the north west is PATIENT-2 .</template>
			</lex>
			<entitymap>
				<entity>BRIDGE-1 | Adams_County,_Pennsylvania</entity>
				<entity>PATIENT-5 | Contributing_property</entity>
				<entity>PATIENT-4 | Cumberland_County,_Pennsylvania</entity>
				<entity>AGENT-1 | 11th_Mississippi_Infantry_Monument</entity>
				<entity>PATIENT-6 | Gettysburg,_Pennsylvania</entity>
				<entity>PATIENT-1 | Franklin_County,_Pennsylvania</entity>
				<entity>PATIENT-3 | 2000</entity>
				<entity>PATIENT-2 | Carroll_County,_Maryland</entity>
			</entitymap>
		</entry>
		<entry category="Monument" eid="Id6" size="7">
			<originaltripleset>
				<otriple>Adams_County,_Pennsylvania | west | Franklin_County,_Pennsylvania</otriple>
				<otriple>Adams_County,_Pennsylvania | southeast | Carroll_County,_Maryland</otriple>
				<otriple>11th_Mississippi_Infantry_Monument | established | 2000</otriple>
				<otriple>Adams_County,_Pennsylvania | north | Cumberland_County,_Pennsylvania</otriple>
				<otriple>Adams_County,_Pennsylvania | southwest | Frederick_County,_Maryland</otriple>
				<otriple>11th_Mississippi_Infantry_Monument | category | Contributing_property</otriple>
				<otriple>11th_Mississippi_Infantry_Monument | region | Adams_County,_Pennsylvania</otriple>
			</originaltripleset>
			<modifiedtripleset>
				<mtriple>Adams_County,_Pennsylvania | has to its west | Franklin_County,_Pennsylvania</mtriple>
				<mtriple>Adams_County,_Pennsylvania | has to its southeast | Carroll_County,_Maryland</mtriple>
				<mtriple>11th_Mississippi_Infantry_Monument | established | 2000</mtriple>
				<mtriple>Adams_County,_Pennsylvania | has to its north | Cumberland_County,_Pennsylvania</mtriple>
				<mtriple>Adams_County,_Pennsylvania | has to its southwest | Frederick_County,_Maryland</mtriple>
				<mtriple>11th_Mississippi_Infantry_Monument | category | Contributing_property</mtriple>
				<mtriple>11th_Mississippi_Infantry_Monument | location | Adams_County,_Pennsylvania</mtriple>
			</modifiedtripleset>
			<lex comment="good" lid="Id1">
				<text>Adams County lies to the east of Franklin County and south of Cumberland County, Pennsylvania. Carrol County in Maryland lies to the southeast and Frederick County, Maryland to the southwest. The 11th Mississippi Infantry monument which was completed in 2000 is located in Adams County and categorised as contributing property.</text>
				<template>BRIDGE-1 lies to east of PATIENT-1 and south of PATIENT-4 . PATIENT-2 lies to the southeast and PATIENT-5 to the southwest . AGENT-1 which was completed in PATIENT-3 is located in BRIDGE-1 and categorised as contributing PATIENT-6 .</template>
			</lex>
			<lex comment="good" lid="Id2">
				<text>Adams County Pennsylvania is East of Franklin County, Pennsylvania. To the southeast is Carroll County, Maryland. Adams County has Cumberland County to its north and Frederick County, Maryland to its southwest. The 11th Mississippi Infantry Monument is in this county and was completed in 2000. This Monument is categorized as a Contributing Property.</text>
				<template>BRIDGE-1 is East of PATIENT-1 . To the southeast is PATIENT-2 . BRIDGE-1 has PATIENT-4 to BRIDGE-1 north and PATIENT-5 to BRIDGE-1 southwest . AGENT-1 is in this county and was completed in PATIENT-3 . AGENT-1 is categorized as PATIENT-6 .</template>
			</lex>
			<lex comment="good" lid="Id3">
				<text>The 11th Mississippi Infantry Monument was established in 2000 in Adams County, Pennsylvania and is categorised as a contributing property. Adams County is located east of Franklin County and south of Cumberland County. Carrol County and Frederick County in Maryland lie to the southeast and southwest respectively.</text>
				<template>AGENT-1 was established in PATIENT-3 in BRIDGE-1 and is categorised as PATIENT-6 . BRIDGE-1 is located east of PATIENT-1 and south of PATIENT-4 . PATIENT-2 and PATIENT-5 lie to the southeast and southwest respectively .</template>
			</lex>
			<entitymap>
				<entity>BRIDGE-1 | Adams_County,_Pennsylvania</entity>
				<entity>PATIENT-5 | Frederick_County,_Maryland</entity>
				<entity>PATIENT-4 | Cumberland_County,_Pennsylvania</entity>
				<entity>AGENT-1 | 11th_Mississippi_Infantry_Monument</entity>
				<entity>PATIENT-6 | Contributing_property</entity>
				<entity>PATIENT-1 | Franklin_County,_Pennsylvania</entity>
				<entity>PATIENT-3 | 2000</entity>
				<entity>PATIENT-2 | Carroll_County,_Maryland</entity>
			</entitymap>
		</entry>
		<entry category="Monument" eid="Id7" size="7">
			<originaltripleset>
				<otriple>Adams_County,_Pennsylvania | west | Franklin_County,_Pennsylvania</otriple>
				<otriple>Adams_County,_Pennsylvania | southeast | Carroll_County,_Maryland</otriple>
				<otriple>Adams_County,_Pennsylvania | north | Cumberland_County,_Pennsylvania</otriple>
				<otriple>Adams_County,_Pennsylvania | southwest | Frederick_County,_Maryland</otriple>
				<otriple>11th_Mississippi_Infantry_Monument | category | Contributing_property</otriple>
				<otriple>11th_Mississippi_Infantry_Monument | municipality | Gettysburg,_Pennsylvania</otriple>
				<otriple>11th_Mississippi_Infantry_Monument | region | Adams_County,_Pennsylvania</otriple>
			</originaltripleset>
			<modifiedtripleset>
				<mtriple>Adams_County,_Pennsylvania | has to its west | Franklin_County,_Pennsylvania</mtriple>
				<mtriple>Adams_County,_Pennsylvania | has to its southeast | Carroll_County,_Maryland</mtriple>
				<mtriple>Adams_County,_Pennsylvania | has to its north | Cumberland_County,_Pennsylvania</mtriple>
				<mtriple>Adams_County,_Pennsylvania | has to its southwest | Frederick_County,_Maryland</mtriple>
				<mtriple>11th_Mississippi_Infantry_Monument | category | Contributing_property</mtriple>
				<mtriple>11th_Mississippi_Infantry_Monument | municipality | Gettysburg,_Pennsylvania</mtriple>
				<mtriple>11th_Mississippi_Infantry_Monument | location | Adams_County,_Pennsylvania</mtriple>
			</modifiedtripleset>
			<lex comment="good" lid="Id1">
				<text>The 11th Mississippi Infantry Monument falls under the category of Contributing property, and is located in the municipality of Gettysburg in Adams County, Pennsylvania. This county is to the east of Franklin County, and has Cumberland County to its north and Carroll County (Maryland) to its southeast.</text>
				<template>AGENT-1 falls under the category of PATIENT-5 , and is located in the municipality of PATIENT-6 in BRIDGE-1 . This county is to the east of PATIENT-1 , and has PATIENT-3 to AGENT-1 north and PATIENT-2 to AGENT-1 southeast .</template>
			</lex>
			<lex comment="toFix" lid="Id2">
				<text>The 11th Mississippi Infantry Monument was established in 2000 in Gettysburg, Adams County, Pennsylvania and is categorised as a contributing property. Adams County is located east of Franklin County and south of Cumberland County. Carrol County and Frederick County in Maryland lie to the southeast and southwest respectively.</text>
				<template>AGENT-1 was established in 2000 in PATIENT-6 , BRIDGE-1 and is categorised as PATIENT-5 . BRIDGE-1 is located east of PATIENT-1 and south of PATIENT-3 . PATIENT-2 and PATIENT-4 lie to the southeast and southwest respectively .</template>
			</lex>
			<lex comment="good" lid="Id3">
				<text>Adams County in Pennsylvania is located east of Franklin County and south of Cumberland County. Southeast is Carrol County, Maryland and Frederick County, Maryland is to the southwest. The 11th Mississippi Infantry Monument is located in the municipality of Gettysburg, Adams County and is categorised as a contributing property.</text>
				<template>BRIDGE-1 is located east of PATIENT-1 and south of PATIENT-3 . Southeast is PATIENT-2 and PATIENT-4 is to the southwest . AGENT-1 is located in the municipality of PATIENT-6 and is categorised as PATIENT-5.</template>
			</lex>
			<entitymap>
				<entity>PATIENT-4 | Frederick_County,_Maryland</entity>
				<entity>PATIENT-5 | Contributing_property</entity>
				<entity>BRIDGE-1 | Adams_County,_Pennsylvania</entity>
				<entity>AGENT-1 | 11th_Mississippi_Infantry_Monument</entity>
				<entity>PATIENT-6 | Gettysburg,_Pennsylvania</entity>
				<entity>PATIENT-1 | Franklin_County,_Pennsylvania</entity>
				<entity>PATIENT-3 | Cumberland_County,_Pennsylvania</entity>
				<entity>PATIENT-2 | Carroll_County,_Maryland</entity>
			</entitymap>
		</entry>
		<entry category="Monument" eid="Id8" size="7">
			<originaltripleset>
				<otriple>Azerbaijan | capital | Baku</otriple>
				<otriple>Azerbaijan | leaderTitle | Prime_Minister_of_Azerbaijan</otriple>
				<otriple>Baku_Turkish_Martyrs'_Memorial | dedicatedTo | &quot;Ottoman Army soldiers killed in the Battle of Baku&quot;@en</otriple>
				<otriple>Baku_Turkish_Martyrs'_Memorial | location | Azerbaijan</otriple>
				<otriple>Baku_Turkish_Martyrs'_Memorial | nativeName | &quot;Türk Şehitleri Anıtı&quot;@en</otriple>
				<otriple>Baku_Turkish_Martyrs'_Memorial | designer | &quot;Hüseyin Bütüner and Hilmi Güner&quot;@en</otriple>
				<otriple>Azerbaijan | legislature | National_Assembly_(Azerbaijan)</otriple>
			</originaltripleset>
			<modifiedtripleset>
				<mtriple>Azerbaijan | capital | Baku</mtriple>
				<mtriple>Azerbaijan | leaderTitle | Prime_Minister_of_Azerbaijan</mtriple>
				<mtriple>Baku_Turkish_Martyrs'_Memorial | dedicatedTo | &quot;Ottoman Army soldiers killed in the Battle of Baku&quot;</mtriple>
				<mtriple>Baku_Turkish_Martyrs'_Memorial | location | Azerbaijan</mtriple>
				<mtriple>Baku_Turkish_Martyrs'_Memorial | nativeName | &quot;Türk Şehitleri Anıtı&quot;</mtriple>
				<mtriple>Baku_Turkish_Martyrs'_Memorial | designer | &quot;Hüseyin Bütüner and Hilmi Güner&quot;</mtriple>
				<mtriple>Azerbaijan | legislature | National_Assembly_(Azerbaijan)</mtriple>
			</modifiedtripleset>
			<lex comment="good" lid="Id1">
				<text>The leader of Azerbaijan is called the Prime Minister of Azerbaijan. The capital of Azerbaijan is Baku. In Baku is the Baku Turkish Martyrs's Memorial located which was designed by Huseyin Butuner and Hilmi Guner. Turk Sehitler Aniti is the native name for the Baku Turkish Martyr's Memorial, which is dedicated to the Ottoman Army soldiers killed in the Battle of Baku. The source of legislature in Azerbaijan is the National Assembly.</text>
				<template>The leader of BRIDGE-1 is called PATIENT-2 . PATIENT-1 of BRIDGE-1 is PATIENT-1 . In PATIENT-1 is AGENT-1 located which was designed by PATIENT-5 . PATIENT-4 is the native name for the AGENT-1, which is dedicated to PATIENT-3 . The source of legislature in BRIDGE-1 is PATIENT-6 .</template>
			</lex>
			<lex comment="good" lid="Id2">
				<text>The capital of Baku is Azerbaijan with its leader called the Prime Minister and its legislative branch called the National Assembly. The Baku Turkish Martyrs Memorial was designed by Huseyin Butuner and Hilmi Guner and is found in Azerbaijan. It is dedicated to soldiers killed in the Battle of Baku. The Memorial is known locally as Türk Şehitleri Anıtı.</text>
				<template>PATIENT-1 of BRIDGE-1 is PATIENT-1 with BRIDGE-1 leader called PATIENT-2 and BRIDGE-1 called legislative branch called PATIENT-6 . AGENT-1 was designed by PATIENT-5 and is found in BRIDGE-1 . AGENT-1 is dedicated to PATIENT-3 . AGENT-1 is known locally as PATIENT-4 .</template>
			</lex>
			<lex comment="good" lid="Id3">
				<text>The Azerbijan leader is the Prime Minister of Azerbaijan and it has a legislature called the Azerbaijan National Assembly. Baku is the capital of Azerbaijan. In Baku is a Martyrs Memorial dedicated to the soldiers killed in the Battle of Baku. The native name is Turk Sehitleri Aniti. The Memorial was designed by Hüseyin Bütüner and Hilmi Güner.</text>
				<template>The Azerbijan leader is PATIENT-2 and BRIDGE-1 has a legislature called PATIENT-6. PATIENT-1 is the capital of BRIDGE-1 . In PATIENT-1 is AGENT-1 dedicated to PATIENT-3. The native name is PATIENT-4 . AGENT-1 was designed by PATIENT-5 .</template>
			</lex>
			<entitymap>
				<entity>BRIDGE-1 | Azerbaijan</entity>
				<entity>PATIENT-5 | &quot;Hüseyin Bütüner and Hilmi Güner&quot;</entity>
				<entity>PATIENT-4 | &quot;Türk Şehitleri Anıtı&quot;</entity>
				<entity>AGENT-1 | Baku_Turkish_Martyrs_Memorial</entity>
				<entity>PATIENT-6 | National_Assembly_(Azerbaijan)</entity>
				<entity>PATIENT-1 | Baku</entity>
				<entity>PATIENT-3 | &quot;Ottoman Army soldiers killed in the Battle of Baku&quot;</entity>
				<entity>PATIENT-2 | Prime_Minister_of_Azerbaijan</entity>
			</entitymap>
		</entry>
		<entry category="Monument" eid="Id9" size="7">
			<originaltripleset>
				<otriple>Azerbaijan | capital | Baku</otriple>
				<otriple>Azerbaijan | leaderTitle | Prime_Minister_of_Azerbaijan</otriple>
				<otriple>Baku_Turkish_Martyrs'_Memorial | location | Azerbaijan</otriple>
				<otriple>Baku_Turkish_Martyrs'_Memorial | nativeName | &quot;Türk Şehitleri Anıtı&quot;@en</otriple>
				<otriple>Azerbaijan | leaderName | Artur_Rasizade</otriple>
				<otriple>Baku_Turkish_Martyrs'_Memorial | designer | &quot;Hüseyin Bütüner and Hilmi Güner&quot;@en</otriple>
				<otriple>Azerbaijan | legislature | National_Assembly_(Azerbaijan)</otriple>
			</originaltripleset>
			<modifiedtripleset>
				<mtriple>Azerbaijan | capital | Baku</mtriple>
				<mtriple>Azerbaijan | leaderTitle | Prime_Minister_of_Azerbaijan</mtriple>
				<mtriple>Baku_Turkish_Martyrs'_Memorial | location | Azerbaijan</mtriple>
				<mtriple>Baku_Turkish_Martyrs'_Memorial | nativeName | &quot;Türk Şehitleri Anıtı&quot;</mtriple>
				<mtriple>Azerbaijan | leaderName | Artur_Rasizade</mtriple>
				<mtriple>Baku_Turkish_Martyrs'_Memorial | designer | &quot;Hüseyin Bütüner and Hilmi Güner&quot;</mtriple>
				<mtriple>Azerbaijan | legislature | National_Assembly_(Azerbaijan)</mtriple>
			</modifiedtripleset>
			<lex comment="good" lid="Id1">
				<text>The leader of Azerbaijan is Prime Minister Artur Rasizade and the legislature is the National Assembly. The Turk Sehitleri Aniti, usually known as the Baku Turkish Martyr's Memorial is located in the country, where the capital city is Baku. It was designed by Huseyin Butuner and Hilmi Guner.</text>
				<template>PATIENT-4 of BRIDGE-1 is PATIENT-2 PATIENT-4 and the legislature is PATIENT-6 . PATIENT-3 , usually known as AGENT-1 is located in BRIDGE-1 , where the capital city is PATIENT-1 . AGENT-1 was designed by PATIENT-5 .</template>
			</lex>
			<lex comment="good" lid="Id2">
				<text>Prime Minister Artur Rasizade is the leader of Azerbaijan which has Baku as it's capital city and the National Assembly is the official legislature. The country is the location of the Baku Turkish Martyrs memorial which is known locally as Turk Sehitleri Aniti and was designed by Huseyin Butuner and Hilmi Guner.</text>
				<template>PATIENT-4 is the leader of BRIDGE-1 which has PATIENT-1 as BRIDGE-1 's capital city and PATIENT-6 is the official legislature . The country is the location of PATIENT-1 AGENT-1 memorial which is known locally as PATIENT-2 and was designed by PATIENT-5 .</template>
			</lex>
			<lex comment="good" lid="Id3">
				<text>Baku is the capital city of Azerbaijan where the leader is Prime Minister Artur Rasizade and the legislature is the National Assembly. The country is the location of the Baku Turkish Martyrs memorial, also known as the Turk Sehitleri Aniti, designed by Huseyin Butuner and Hilmi Guner.</text>
				<template>PATIENT-1 is the capital city of BRIDGE-1 where the leader is PATIENT-2 PATIENT-4 and the legislature is PATIENT-6 . BRIDGE-1 is the location of AGENT-1 known as PATIENT-3 , designed by PATIENT-5 .</template>
			</lex>
			<entitymap>
				<entity>BRIDGE-1 | Azerbaijan</entity>
				<entity>PATIENT-5 | &quot;Hüseyin Bütüner and Hilmi Güner&quot;</entity>
				<entity>PATIENT-4 | Artur_Rasizade</entity>
				<entity>AGENT-1 | Baku_Turkish_Martyrs_Memorial</entity>
				<entity>PATIENT-6 | National_Assembly_(Azerbaijan)</entity>
				<entity>PATIENT-1 | Baku</entity>
				<entity>PATIENT-3 | &quot;Türk Şehitleri Anıtı&quot;</entity>
				<entity>PATIENT-2 | Prime_Minister_of_Azerbaijan</entity>
			</entitymap>
		</entry>
		<entry category="Monument" eid="Id10" size="7">
			<originaltripleset>
				<otriple>Azerbaijan | capital | Baku</otriple>
				<otriple>Baku_Turkish_Martyrs'_Memorial | dedicatedTo | &quot;Ottoman Army soldiers killed in the Battle of Baku&quot;@en</otriple>
				<otriple>Baku_Turkish_Martyrs'_Memorial | location | Azerbaijan</otriple>
				<otriple>Baku_Turkish_Martyrs'_Memorial | nativeName | &quot;Türk Şehitleri Anıtı&quot;@en</otriple>
				<otriple>Azerbaijan | leaderName | Artur_Rasizade</otriple>
				<otriple>Baku_Turkish_Martyrs'_Memorial | designer | &quot;Hüseyin Bütüner and Hilmi Güner&quot;@en</otriple>
				<otriple>Azerbaijan | legislature | National_Assembly_(Azerbaijan)</otriple>
			</originaltripleset>
			<modifiedtripleset>
				<mtriple>Azerbaijan | capital | Baku</mtriple>
				<mtriple>Baku_Turkish_Martyrs'_Memorial | dedicatedTo | &quot;Ottoman Army soldiers killed in the Battle of Baku&quot;</mtriple>
				<mtriple>Baku_Turkish_Martyrs'_Memorial | location | Azerbaijan</mtriple>
				<mtriple>Baku_Turkish_Martyrs'_Memorial | nativeName | &quot;Türk Şehitleri Anıtı&quot;</mtriple>
				<mtriple>Azerbaijan | leaderName | Artur_Rasizade</mtriple>
				<mtriple>Baku_Turkish_Martyrs'_Memorial | designer | &quot;Hüseyin Bütüner and Hilmi Güner&quot;</mtriple>
				<mtriple>Azerbaijan | legislature | National_Assembly_(Azerbaijan)</mtriple>
			</modifiedtripleset>
			<lex comment="good" lid="Id1">
				<text>The leader of Azerbaijan is Artur Rasizade. It has a legislature known as the National Assembly. Baku is the capital of Azerbaijan. The Baku Turkish Martyrs' Memorial is in Azerbaijan and is in dedication to the Ottoman Army Soldiers killed at the Battle of Baku. It was designed by Huseyin Butuner and Hilmi Guner. The native name of the Memorial is Turk Sehitleri Aniti.</text>
				<template>The leader of BRIDGE-1 is PATIENT-4 . BRIDGE-1 has a legislature known as PATIENT-6 . PATIENT-1 is the capital of BRIDGE-1 . AGENT-1 is in BRIDGE-1 and is in dedication to PATIENT-2. AGENT-1 was designed by PATIENT-5 . The native name of AGENT-1 is PATIENT-3 .</template>
			</lex>
			<lex comment="good" lid="Id2">
				<text>The leader of Azerbaijan is Artur Rasizade , the capital city is Baku and the legislature is the National Assembly. The city is the location of the Baku Turkish Martyrs memorial designed by Huseyin Butuner and Hilmi Guner. It is dedicated to the soldiers of the Ottoman army killed in the Battle of Baku and has the local name of Turk Sehitleri Aniti.</text>
				<template>The leader of BRIDGE-1 is PATIENT-4 , the capital city is PATIENT-1 and the legislature is PATIENT-6 . PATIENT-1 is the location of AGENT-1 designed by PATIENT-5 . AGENT-1 is dedicated to PATIENT-2 and has the local name of PATIENT-3 .</template>
			</lex>
			<lex comment="good" lid="Id3">
				<text>Azerbaijan leader's name is Artur Rasizade and its capital is in Baku with the legislature in Azerbaijan called The National Assembly. Baku has the Turkish Martyr's Memorial, designed by Huseyin Butuner and Hilmi Guner, and dedicated to the Ottoman Army Soldiers killed in the Battle of Baku The Native name of the Memorial is &quot;Türk Sehitleri Aniti&quot;.</text>
				<template>BRIDGE-1 leader 's name is PATIENT-4 and BRIDGE-1 capital is in PATIENT-1 with the legislature in BRIDGE-1 called PATIENT-6 . PATIENT-1 has AGENT-1 , designed by PATIENT-5 , and dedicated to PATIENT-2. The Native name of AGENT-1 is `` PATIENT-3 '' .</template>
			</lex>
			<entitymap>
				<entity>BRIDGE-1 | Azerbaijan</entity>
				<entity>PATIENT-5 | &quot;Hüseyin Bütüner and Hilmi Güner&quot;</entity>
				<entity>PATIENT-4 | Artur_Rasizade</entity>
				<entity>AGENT-1 | Baku_Turkish_Martyrs_Memorial</entity>
				<entity>PATIENT-6 | National_Assembly_(Azerbaijan)</entity>
				<entity>PATIENT-1 | Baku</entity>
				<entity>PATIENT-3 | &quot;Türk Şehitleri Anıtı&quot;</entity>
				<entity>PATIENT-2 | &quot;Ottoman Army soldiers killed in the Battle of Baku&quot;</entity>
			</entitymap>
		</entry>
		<entry category="Monument" eid="Id11" size="7">
			<originaltripleset>
				<otriple>Azerbaijan | capital | Baku</otriple>
				<otriple>Baku_Turkish_Martyrs'_Memorial | material | &quot;Red granite and white marble&quot;@en</otriple>
				<otriple>Azerbaijan | leaderTitle | Prime_Minister_of_Azerbaijan</otriple>
				<otriple>Baku_Turkish_Martyrs'_Memorial | dedicatedTo | &quot;Ottoman Army soldiers killed in the Battle of Baku&quot;@en</otriple>
				<otriple>Baku_Turkish_Martyrs'_Memorial | location | Azerbaijan</otriple>
				<otriple>Azerbaijan | leaderName | Artur_Rasizade</otriple>
				<otriple>Baku_Turkish_Martyrs'_Memorial | designer | &quot;Hüseyin Bütüner and Hilmi Güner&quot;@en</otriple>
			</originaltripleset>
			<modifiedtripleset>
				<mtriple>Azerbaijan | capital | Baku</mtriple>
				<mtriple>Baku_Turkish_Martyrs'_Memorial | material | &quot;Red granite and white marble&quot;</mtriple>
				<mtriple>Azerbaijan | leaderTitle | Prime_Minister_of_Azerbaijan</mtriple>
				<mtriple>Baku_Turkish_Martyrs'_Memorial | dedicatedTo | &quot;Ottoman Army soldiers killed in the Battle of Baku&quot;</mtriple>
				<mtriple>Baku_Turkish_Martyrs'_Memorial | location | Azerbaijan</mtriple>
				<mtriple>Azerbaijan | leaderName | Artur_Rasizade</mtriple>
				<mtriple>Baku_Turkish_Martyrs'_Memorial | designer | &quot;Hüseyin Bütüner and Hilmi Güner&quot;</mtriple>
			</modifiedtripleset>
			<lex comment="good" lid="Id1">
				<text>Huseyin Butuner and Hilmi Guner designed the red granite and white marble Baku Turkish Martyrs memorial which is located in Azerbaijan and dedicated to the Ottoman army soldiers killed in the Battle of Baku, the capital city. Prime Minister Artur Rasizade is the current leader of the country.</text>
				<template>PATIENT-6 designed PATIENT-2 AGENT-1 which is located in BRIDGE-1 and dedicated to PATIENT-4 , PATIENT-1 . PATIENT-5 is the current leader of BRIDGE-1 .</template>
			</lex>
			<lex comment="good" lid="Id2">
				<text>Baku is the capital of Azerbaijan which is lead by Prime Minister Artur Rasizade. The city is the location of the Baku Turkish Martyr's memorial designed in red granite and white marble by Huseyin Butuner and Hilmi Guner. The memorial is dedicated to the soldiers of the Ottoman army who were killed at the Battle of Baku.</text>
				<template>PATIENT-1 is the capital of BRIDGE-1 which is lead by PATIENT-5 . PATIENT-1 is the location of AGENT-1 designed in PATIENT-2 by PATIENT-6 . AGENT-1 is dedicated to PATIENT-4 .</template>
			</lex>
			<lex comment="good" lid="Id3">
				<text>The Baku Turkish Martyrs' Memorial was designed in red granite and white marble by Huseyin Butuner and Hilmi Guner, and it is dedicated to the Ottoman Army soldiers killed in the Battle of Baku. It is found in Baku, the capital of Azerbaijan, a country led by the Prime Minister of Azerbaijan, Artur Rasizade.</text>
				<template>AGENT-1 was designed in PATIENT-2 by PATIENT-6 , and AGENT-1 is dedicated to PATIENT-4 . AGENT-1 is found in PATIENT-1 , the capital of BRIDGE-1 , a country led by PATIENT-3 , PATIENT-5 .</template>
			</lex>
			<entitymap>
				<entity>BRIDGE-1 | Azerbaijan</entity>
				<entity>PATIENT-5 | Artur_Rasizade</entity>
				<entity>PATIENT-4 | &quot;Ottoman Army soldiers killed in the Battle of Baku&quot;</entity>
				<entity>AGENT-1 | Baku_Turkish_Martyrs_Memorial</entity>
				<entity>PATIENT-6 | &quot;Hüseyin Bütüner and Hilmi Güner&quot;</entity>
				<entity>PATIENT-1 | Baku</entity>
				<entity>PATIENT-3 | Prime_Minister_of_Azerbaijan</entity>
				<entity>PATIENT-2 | &quot;Red granite and white marble&quot;</entity>
			</entitymap>
		</entry>
		<entry category="Monument" eid="Id12" size="7">
			<originaltripleset>
				<otriple>Azerbaijan | capital | Baku</otriple>
				<otriple>Baku_Turkish_Martyrs'_Memorial | material | &quot;Red granite and white marble&quot;@en</otriple>
				<otriple>Baku_Turkish_Martyrs'_Memorial | dedicatedTo | &quot;Ottoman Army soldiers killed in the Battle of Baku&quot;@en</otriple>
				<otriple>Baku_Turkish_Martyrs'_Memorial | location | Azerbaijan</otriple>
				<otriple>Azerbaijan | leaderName | Artur_Rasizade</otriple>
				<otriple>Baku_Turkish_Martyrs'_Memorial | designer | &quot;Hüseyin Bütüner and Hilmi Güner&quot;@en</otriple>
				<otriple>Azerbaijan | legislature | National_Assembly_(Azerbaijan)</otriple>
			</originaltripleset>
			<modifiedtripleset>
				<mtriple>Azerbaijan | capital | Baku</mtriple>
				<mtriple>Baku_Turkish_Martyrs'_Memorial | material | &quot;Red granite and white marble&quot;</mtriple>
				<mtriple>Baku_Turkish_Martyrs'_Memorial | dedicatedTo | &quot;Ottoman Army soldiers killed in the Battle of Baku&quot;</mtriple>
				<mtriple>Baku_Turkish_Martyrs'_Memorial | location | Azerbaijan</mtriple>
				<mtriple>Azerbaijan | leaderName | Artur_Rasizade</mtriple>
				<mtriple>Baku_Turkish_Martyrs'_Memorial | designer | &quot;Hüseyin Bütüner and Hilmi Güner&quot;</mtriple>
				<mtriple>Azerbaijan | legislature | National_Assembly_(Azerbaijan)</mtriple>
			</modifiedtripleset>
			<lex comment="good" lid="Id1">
				<text>The Baku Turkish Martyrs' Memorial is a monument created in red granite and white marble by its designers Huseyin Butuner and Hilmi Guner, and is dedicated to the Ottoman Army soldiers killed in the Battle of Baku. It is found in Baku, the capital of Azerbaijan, a country led by Artur Rasizade, and with the National Assembly as its source of legislature.</text>
				<template>AGENT-1 is a monument created in PATIENT-2 by PATIENT-5 , and is dedicated to PATIENT-3 . AGENT-1 is found in PATIENT-1 , the capital of BRIDGE-1 , a country led by PATIENT-4 , and with PATIENT-6 as BRIDGE-1 source of legislature .</template>
			</lex>
			<lex comment="good" lid="Id2">
				<text>Baku is the capital city of Azerbaijan where the legislature is the National Assembly and the leader is Artur Rasizade. The city is the location of the Baku Turkish Martyr's memorial designed by Huseyin Butuner and Hilmi Guner in red granite and white marble. The memorial commemorates the soldiers of the Ottoman army who were killed in the Battle of Baku.</text>
				<template>PATIENT-1 is the capital city of BRIDGE-1 where the legislature is PATIENT-6 and the leader is PATIENT-4 . PATIENT-1 is the location of AGENT-1 designed by PATIENT-5 in PATIENT-2 . AGENT-1 commemorates PATIENT-3 .</template>
			</lex>
			<lex comment="good" lid="Id3">
				<text>Baku is the capital city of Azerbaijan where the leader is Artur Rasizade and the legislature is the National Assembly. It is the location of the red granite and white marble Baku Turkish Martyrs memorial designed by Hilmi Guner and Huseyin Butuner and dedicated to the soldiers of the Ottoman army who lost their lives at the Battle of Baku.</text>
				<template>PATIENT-1 is the capital city of BRIDGE-1 where the leader is PATIENT-4 and the legislature is PATIENT-6 . PATIENT-1 is the location of PATIENT-2 AGENT-1 ]designed by PATIENT-5 and dedicated to PATIENT-3.</template>
			</lex>
			<entitymap>
				<entity>BRIDGE-1 | Azerbaijan</entity>
				<entity>PATIENT-5 | &quot;Hüseyin Bütüner and Hilmi Güner&quot;</entity>
				<entity>PATIENT-4 | Artur_Rasizade</entity>
				<entity>AGENT-1 | Baku_Turkish_Martyrs_Memorial</entity>
				<entity>PATIENT-6 | National_Assembly_(Azerbaijan)</entity>
				<entity>PATIENT-1 | Baku</entity>
				<entity>PATIENT-3 | &quot;Ottoman Army soldiers killed in the Battle of Baku&quot;</entity>
				<entity>PATIENT-2 | &quot;Red granite and white marble&quot;</entity>
			</entitymap>
		</entry>
		<entry category="Monument" eid="Id13" size="7">
			<originaltripleset>
				<otriple>Azerbaijan | capital | Baku</otriple>
				<otriple>Baku_Turkish_Martyrs'_Memorial | material | &quot;Red granite and white marble&quot;@en</otriple>
				<otriple>Baku_Turkish_Martyrs'_Memorial | dedicatedTo | &quot;Ottoman Army soldiers killed in the Battle of Baku&quot;@en</otriple>
				<otriple>Baku_Turkish_Martyrs'_Memorial | location | Azerbaijan</otriple>
				<otriple>Baku_Turkish_Martyrs'_Memorial | nativeName | &quot;Türk Şehitleri Anıtı&quot;@en</otriple>
				<otriple>Azerbaijan | leaderName | Artur_Rasizade</otriple>
				<otriple>Baku_Turkish_Martyrs'_Memorial | designer | &quot;Hüseyin Bütüner and Hilmi Güner&quot;@en</otriple>
			</originaltripleset>
			<modifiedtripleset>
				<mtriple>Azerbaijan | capital | Baku</mtriple>
				<mtriple>Baku_Turkish_Martyrs'_Memorial | material | &quot;Red granite and white marble&quot;</mtriple>
				<mtriple>Baku_Turkish_Martyrs'_Memorial | dedicatedTo | &quot;Ottoman Army soldiers killed in the Battle of Baku&quot;</mtriple>
				<mtriple>Baku_Turkish_Martyrs'_Memorial | location | Azerbaijan</mtriple>
				<mtriple>Baku_Turkish_Martyrs'_Memorial | nativeName | &quot;Türk Şehitleri Anıtı&quot;</mtriple>
				<mtriple>Azerbaijan | leaderName | Artur_Rasizade</mtriple>
				<mtriple>Baku_Turkish_Martyrs'_Memorial | designer | &quot;Hüseyin Bütüner and Hilmi Güner&quot;</mtriple>
			</modifiedtripleset>
			<lex comment="good" lid="Id1">
				<text>Artur Rasizade is the leader of Azerbaijan where the Baku Turkish Martyrs Memorial dedicated to the soldiers of the Ottoman army who died at the Battle of Baku. The memorial was designed in red granite and white marble by Huseyin Butuner and Hilmi Guner and is known locally as Turk Sehitleri Aniti.</text>
				<template>PATIENT-5 is the leader of BRIDGE-1 where AGENT-1 dedicated to PATIENT-3 . AGENT-1 was designed in PATIENT-2 by PATIENT-6 and is known locally as PATIENT-4 .</template>
			</lex>
			<lex comment="good" lid="Id2">
				<text>Artur Rasizade is the leader of Azerbaijan where the capital city is Baku. The country is the location of the Baku Turkish Martyrs Memorial which commemorates the soldiers of the Ottoman army who were killed in the Battle of Baku. The memorial has been designed in red granite and white marble by Huseyin Butuner and Hilmi Guner and has the local name of Turk Sehitleri Aniti.</text>
				<template>PATIENT-5 is the leader of BRIDGE-1 where the capital city is PATIENT-1 . BRIDGE-1 is the location of AGENT-1 which commemorates PATIENT-3 . AGENT-1 has been designed in PATIENT-2 by PATIENT-6 and has the local name of PATIENT-4.</template>
			</lex>
			<lex comment="good" lid="Id3">
				<text>Baku is the capital of Azerbaijan where Artur Rasizade is the leader. The city is the location of the Baku Turkish Martyrs memorial which was designed by Huseyin Butuner and Hilmi Guner in red granite and white marble. The memorial is dedicated to the soldiers of the Ottoman army who died in the Battle of Baku. The memorial has the local name of Turk Sehitleri Aniti.</text>
				<template>PATIENT-1 is the capital of BRIDGE-1 where PATIENT-5 is the leader . PATIENT-1 is the location of AGENT-1 which was designed by PATIENT-6 in PATIENT-2 . AGENT-1 is dedicated to PATIENT-3. AGENT-1 has the local name of PATIENT-4 .</template>
			</lex>
			<entitymap>
				<entity>BRIDGE-1 | Azerbaijan</entity>
				<entity>PATIENT-5 | Artur_Rasizade</entity>
				<entity>PATIENT-4 | &quot;Türk Şehitleri Anıtı&quot;</entity>
				<entity>AGENT-1 | Baku_Turkish_Martyrs_Memorial</entity>
				<entity>PATIENT-6 | &quot;Hüseyin Bütüner and Hilmi Güner&quot;</entity>
				<entity>PATIENT-1 | Baku</entity>
				<entity>PATIENT-3 | &quot;Ottoman Army soldiers killed in the Battle of Baku&quot;</entity>
				<entity>PATIENT-2 | &quot;Red granite and white marble&quot;</entity>
			</entitymap>
		</entry>
		<entry category="Monument" eid="Id14" size="7">
			<originaltripleset>
				<otriple>Azerbaijan | leader | Artur_Rasizade</otriple>
				<otriple>Azerbaijan | capital | Baku</otriple>
				<otriple>Baku_Turkish_Martyrs'_Memorial | material | &quot;Red granite and white marble&quot;@en</otriple>
				<otriple>Azerbaijan | leaderTitle | Prime_Minister_of_Azerbaijan</otriple>
				<otriple>Baku_Turkish_Martyrs'_Memorial | dedicatedTo | &quot;Ottoman Army soldiers killed in the Battle of Baku&quot;@en</otriple>
				<otriple>Baku_Turkish_Martyrs'_Memorial | location | Azerbaijan</otriple>
				<otriple>Baku_Turkish_Martyrs'_Memorial | designer | &quot;Hüseyin Bütüner and Hilmi Güner&quot;@en</otriple>
			</originaltripleset>
			<modifiedtripleset>
				<mtriple>Azerbaijan | leader | Artur_Rasizade</mtriple>
				<mtriple>Azerbaijan | capital | Baku</mtriple>
				<mtriple>Baku_Turkish_Martyrs'_Memorial | material | &quot;Red granite and white marble&quot;</mtriple>
				<mtriple>Azerbaijan | leaderTitle | Prime_Minister_of_Azerbaijan</mtriple>
				<mtriple>Baku_Turkish_Martyrs'_Memorial | dedicatedTo | &quot;Ottoman Army soldiers killed in the Battle of Baku&quot;</mtriple>
				<mtriple>Baku_Turkish_Martyrs'_Memorial | location | Azerbaijan</mtriple>
				<mtriple>Baku_Turkish_Martyrs'_Memorial | designer | &quot;Hüseyin Bütüner and Hilmi Güner&quot;</mtriple>
			</modifiedtripleset>
			<lex comment="good" lid="Id1">
				<text>The Baku Turkish Martyrs' Memorial was designed by Huseyin Butuner and Hilmi Guner in red granite and white marble and is dedicated to the Ottoman Army soldiers killed in the Battle of Baku. It is located in Baku, the capital of Azerbaijan, a country led by Artur Rasizade, the Prime Minister of Azerbaijan.</text>
				<template>AGENT-1 was designed by PATIENT-6 in PATIENT-3 and is dedicated to PATIENT-5 . AGENT-1 is located in PATIENT-2 , the capital of BRIDGE-1 , a country led by PATIENT-1 , PATIENT-4 .</template>
			</lex>
			<lex comment="good" lid="Id2">
				<text>Baku is the capital of Azerbaijan where Prime Minister Artur Rasizade is the leader. The city is the location of the Baku Turkish Martyrs memorial which was designed by Huseyin Butuner and Hilmi Guner in red granite and white marble. The memorial is dedicated to the soldiers of the Ottoman army who died in the Battle of Baku.</text>
				<template>PATIENT-2 is the capital of BRIDGE-1 where PATIENT-1 is the leader . The city is the location of AGENT-1 which was designed by PATIENT-6 in PATIENT-3 . AGENT-1 is dedicated to PATIENT-5 .</template>
			</lex>
			<lex comment="good" lid="Id3">
				<text>The Baku Turkish Martyrs' Memorial is located in Azerbaijan's capital, Baku. The monument is dedicated to the Ottoman Army soldiers killed in the Battle of Baku. It was designed by Hüseyin Bütüner and Hilmi Güner, and constructed from red granite and white marble. Azerbaijan's leader, the Prime Minister of Azerbaijan, is Artur Rasizade.</text>
				<template>AGENT-1 is located in BRIDGE-1 's capital , PATIENT-2 . AGENT-1 is dedicated to PATIENT-5 . AGENT-1 was designed by PATIENT-6 , and constructed from PATIENT-3 . BRIDGE-1 's leader , PATIENT-4 , is PATIENT-1 .</template>
			</lex>
			<entitymap>
				<entity>BRIDGE-1 | Azerbaijan</entity>
				<entity>PATIENT-5 | &quot;Ottoman Army soldiers killed in the Battle of Baku&quot;</entity>
				<entity>PATIENT-4 | Prime_Minister_of_Azerbaijan</entity>
				<entity>AGENT-1 | Baku_Turkish_Martyrs_Memorial</entity>
				<entity>PATIENT-6 | &quot;Hüseyin Bütüner and Hilmi Güner&quot;</entity>
				<entity>PATIENT-1 | Artur_Rasizade</entity>
				<entity>PATIENT-3 | &quot;Red granite and white marble&quot;</entity>
				<entity>PATIENT-2 | Baku</entity>
			</entitymap>
		</entry>
		<entry category="Monument" eid="Id15" size="7">
			<originaltripleset>
				<otriple>Azerbaijan | leader | Artur_Rasizade</otriple>
				<otriple>Azerbaijan | capital | Baku</otriple>
				<otriple>Baku_Turkish_Martyrs'_Memorial | material | &quot;Red granite and white marble&quot;@en</otriple>
				<otriple>Azerbaijan | leaderTitle | Prime_Minister_of_Azerbaijan</otriple>
				<otriple>Baku_Turkish_Martyrs'_Memorial | location | Azerbaijan</otriple>
				<otriple>Baku_Turkish_Martyrs'_Memorial | nativeName | &quot;Türk Şehitleri Anıtı&quot;@en</otriple>
				<otriple>Azerbaijan | legislature | National_Assembly_(Azerbaijan)</otriple>
			</originaltripleset>
			<modifiedtripleset>
				<mtriple>Azerbaijan | leader | Artur_Rasizade</mtriple>
				<mtriple>Azerbaijan | capital | Baku</mtriple>
				<mtriple>Baku_Turkish_Martyrs'_Memorial | material | &quot;Red granite and white marble&quot;</mtriple>
				<mtriple>Azerbaijan | leaderTitle | Prime_Minister_of_Azerbaijan</mtriple>
				<mtriple>Baku_Turkish_Martyrs'_Memorial | location | Azerbaijan</mtriple>
				<mtriple>Baku_Turkish_Martyrs'_Memorial | nativeName | &quot;Türk Şehitleri Anıtı&quot;</mtriple>
				<mtriple>Azerbaijan | legislature | National_Assembly_(Azerbaijan)</mtriple>
			</modifiedtripleset>
			<lex comment="good" lid="Id1">
				<text>The Azerbaijan legislature is the National Assembly and the leader of the country is Prime Minister Artur Rasizade. The capital city is Baku and is the location of the red granite and white marble Baku Turkish Martyrs memorial which has the local name of Turk Sehitleri Aniti.</text>
				<template>The BRIDGE-1 legislature is PATIENT-6 and PATIENT-4 is PATIENT-1 . The capital city is PATIENT-2 and is the location of PATIENT-3 AGENT-1 memorial which has the local name of PATIENT-5 .</template>
			</lex>
			<lex comment="good" lid="Id2">
				<text>Prime Minister Artur Rasizade is the leader of Azerbaijan where the source of legislature is the National Assembly. Baku is the capital city and is the location of the red granite and white marble Baku Turkish Martyrs memorial , locally known as Turk Sehitleri Aniti.</text>
				<template>PATIENT-1 is the leader of BRIDGE-1 where the source of legislature is PATIENT-6 . PATIENT-2 is the capital city and is the location of PATIENT-3 AGENT-1 , locally known as PATIENT-5 .</template>
			</lex>
			<entitymap>
				<entity>BRIDGE-1 | Azerbaijan</entity>
				<entity>PATIENT-5 | &quot;Türk Şehitleri Anıtı&quot;</entity>
				<entity>PATIENT-4 | Prime_Minister_of_Azerbaijan</entity>
				<entity>AGENT-1 | Baku_Turkish_Martyrs_Memorial</entity>
				<entity>PATIENT-6 | National_Assembly_(Azerbaijan)</entity>
				<entity>PATIENT-1 | Artur_Rasizade</entity>
				<entity>PATIENT-3 | &quot;Red granite and white marble&quot;</entity>
				<entity>PATIENT-2 | Baku</entity>
			</entitymap>
		</entry>
		<entry category="Monument" eid="Id16" size="7">
			<originaltripleset>
				<otriple>Azerbaijan | leader | Artur_Rasizade</otriple>
				<otriple>Baku_Turkish_Martyrs'_Memorial | material | &quot;Red granite and white marble&quot;@en</otriple>
				<otriple>Azerbaijan | leaderTitle | Prime_Minister_of_Azerbaijan</otriple>
				<otriple>Baku_Turkish_Martyrs'_Memorial | dedicatedTo | &quot;Ottoman Army soldiers killed in the Battle of Baku&quot;@en</otriple>
				<otriple>Baku_Turkish_Martyrs'_Memorial | location | Azerbaijan</otriple>
				<otriple>Baku_Turkish_Martyrs'_Memorial | nativeName | &quot;Türk Şehitleri Anıtı&quot;@en</otriple>
				<otriple>Baku_Turkish_Martyrs'_Memorial | designer | &quot;Hüseyin Bütüner and Hilmi Güner&quot;@en</otriple>
			</originaltripleset>
			<modifiedtripleset>
				<mtriple>Azerbaijan | leader | Artur_Rasizade</mtriple>
				<mtriple>Baku_Turkish_Martyrs'_Memorial | material | &quot;Red granite and white marble&quot;</mtriple>
				<mtriple>Azerbaijan | leaderTitle | Prime_Minister_of_Azerbaijan</mtriple>
				<mtriple>Baku_Turkish_Martyrs'_Memorial | dedicatedTo | &quot;Ottoman Army soldiers killed in the Battle of Baku&quot;</mtriple>
				<mtriple>Baku_Turkish_Martyrs'_Memorial | location | Azerbaijan</mtriple>
				<mtriple>Baku_Turkish_Martyrs'_Memorial | nativeName | &quot;Türk Şehitleri Anıtı&quot;</mtriple>
				<mtriple>Baku_Turkish_Martyrs'_Memorial | designer | &quot;Hüseyin Bütüner and Hilmi Güner&quot;</mtriple>
			</modifiedtripleset>
			<lex comment="good" lid="Id1">
				<text>Baku Turkish Martyrs' Memorial, made from red granite and white marble, is dedicated to the Ottoman Army soldiers killed in the Battle of Baku, Azerbaijan. The memorial (native name &quot;Türk Sehitleri Aniti&quot;) was designed by Huseyin Butuner and Hilmi Guner. Artur Rasizade is the leader (official title President) of Azerbaijan.</text>
				<template>AGENT-1 , made from PATIENT-2 , is dedicated to PATIENT-4 , BRIDGE-1 . AGENT-1 (native name `` PATIENT-5 '') was designed by PATIENT-6 . PATIENT-1 is the leader (official title President) of BRIDGE-1 .</template>
			</lex>
			<lex comment="good" lid="Id2">
				<text>The Baku Turkish Martyrs' Memorial (known as Turk Sehitleri Aniti in the local language) is a red granite and white marble monument, designed by Huseyin Butuner and Hilmi Guner, and dedicated to Ottoman Army soldiers killed in the Battle of Baku. It is located in Azerbaijan, a country led by the Prime Minister of Azerbaijan, Artur Rasizade.</text>
				<template>AGENT-1 (known as PATIENT-5 in the local language) is PATIENT-2 , designed by PATIENT-6 , and dedicated to PATIENT-4 . AGENT-1 is located in BRIDGE-1 , a country led by PATIENT-3 , PATIENT-1 .</template>
			</lex>
			<lex comment="good" lid="Id3">
				<text>Artur Rasizade is the Prime Minister and the leader of Azerbaijan. Here we can find Baku Turkish Martyrs' Memorial, that is dedicated to the Ottoman Army soldiers killed in the Battle of Baku. The native name of the Baku Turkish Martyrs' Memorial is Turk Sehitleri Aniti. Its designer was Hüseyin Bütüner and Hilmi Güner and it is made from red granite and white marble.</text>
				<template>PATIENT-1 is PATIENT-3 of BRIDGE-1 . Here we can find AGENT-1, that is dedicated to PATIENT-4 . The native name of AGENT-1 is PATIENT-5 . AGENT-1 designer was PATIENT-6 and AGENT-1 is made from PATIENT-2 .</template>
			</lex>
			<entitymap>
				<entity>BRIDGE-1 | Azerbaijan</entity>
				<entity>PATIENT-5 | &quot;Türk Şehitleri Anıtı&quot;</entity>
				<entity>PATIENT-4 | &quot;Ottoman Army soldiers killed in the Battle of Baku&quot;</entity>
				<entity>AGENT-1 | Baku_Turkish_Martyrs_Memorial</entity>
				<entity>PATIENT-6 | &quot;Hüseyin Bütüner and Hilmi Güner&quot;</entity>
				<entity>PATIENT-1 | Artur_Rasizade</entity>
				<entity>PATIENT-3 | Prime_Minister_of_Azerbaijan</entity>
				<entity>PATIENT-2 | &quot;Red granite and white marble&quot;</entity>
			</entitymap>
		</entry>
		<entry category="Monument" eid="Id17" size="7">
			<originaltripleset>
				<otriple>Baku_Turkish_Martyrs'_Memorial | material | &quot;Red granite and white marble&quot;@en</otriple>
				<otriple>Baku_Turkish_Martyrs'_Memorial | dedicatedTo | &quot;Ottoman Army soldiers killed in the Battle of Baku&quot;@en</otriple>
				<otriple>Baku_Turkish_Martyrs'_Memorial | location | Azerbaijan</otriple>
				<otriple>Baku_Turkish_Martyrs'_Memorial | nativeName | &quot;Türk Şehitleri Anıtı&quot;@en</otriple>
				<otriple>Azerbaijan | leaderName | Artur_Rasizade</otriple>
				<otriple>Baku_Turkish_Martyrs'_Memorial | designer | &quot;Hüseyin Bütüner and Hilmi Güner&quot;@en</otriple>
				<otriple>Azerbaijan | legislature | National_Assembly_(Azerbaijan)</otriple>
			</originaltripleset>
			<modifiedtripleset>
				<mtriple>Baku_Turkish_Martyrs'_Memorial | material | &quot;Red granite and white marble&quot;</mtriple>
				<mtriple>Baku_Turkish_Martyrs'_Memorial | dedicatedTo | &quot;Ottoman Army soldiers killed in the Battle of Baku&quot;</mtriple>
				<mtriple>Baku_Turkish_Martyrs'_Memorial | location | Azerbaijan</mtriple>
				<mtriple>Baku_Turkish_Martyrs'_Memorial | nativeName | &quot;Türk Şehitleri Anıtı&quot;</mtriple>
				<mtriple>Azerbaijan | leaderName | Artur_Rasizade</mtriple>
				<mtriple>Baku_Turkish_Martyrs'_Memorial | designer | &quot;Hüseyin Bütüner and Hilmi Güner&quot;</mtriple>
				<mtriple>Azerbaijan | legislature | National_Assembly_(Azerbaijan)</mtriple>
			</modifiedtripleset>
			<lex comment="good" lid="Id1">
				<text>The Baku Turkish Martyrs' Memorial (known as Turk Sehitleri Aniti) was designed by Hüseyin Bütüner and Hilmi Güner in red granite and white marble, and is dedicated to the Ottoman Army soldiers killed in the Battle of Baku. It is located in Azerbaijan, where the leader is Artur Rasizade, and the National Assembly is the legislative branch of government.</text>
				<template>AGENT-1 (known as PATIENT-3) was designed by PATIENT-5 in PATIENT-1 , and is dedicated to PATIENT-2 . AGENT-1 is located in BRIDGE-1 , where the leader is PATIENT-4 , and PATIENT-6 is the legislative branch of government .</template>
			</lex>
			<lex comment="good" lid="Id2">
				<text>The Baku Turkish Martyrs memorial, dedicated to the soldiers of the Ottoman army who died at the Battle of Baku was designed in red granite and white marble by Huseyin Butuner and Hilmi Guner. The native name for the memorial which is located in the city of Baku is Turk Sehitleri Aniti. Turkey is lead by Artur Rasizade and the National Assembly is the legislature within the country.</text>
				<template>AGENT-1 , dedicated to PATIENT-2 was designed in PATIENT-1 by PATIENT-5 . The native name for AGENT-1 which is located in the city of Baku is PATIENT-3 . Turkey is lead by PATIENT-4 and PATIENT-6 is the legislature within the country .</template>
			</lex>
			<entitymap>
				<entity>BRIDGE-1 | Azerbaijan</entity>
				<entity>PATIENT-5 | &quot;Hüseyin Bütüner and Hilmi Güner&quot;</entity>
				<entity>PATIENT-4 | Artur_Rasizade</entity>
				<entity>AGENT-1 | Baku_Turkish_Martyrs_Memorial</entity>
				<entity>PATIENT-6 | National_Assembly_(Azerbaijan)</entity>
				<entity>PATIENT-1 | &quot;Red granite and white marble&quot;</entity>
				<entity>PATIENT-3 | &quot;Türk Şehitleri Anıtı&quot;</entity>
				<entity>PATIENT-2 | &quot;Ottoman Army soldiers killed in the Battle of Baku&quot;</entity>
			</entitymap>
		</entry>
		<entry category="Monument" eid="Id18" size="7">
			<originaltripleset>
				<otriple>Dead_Man's_Plack | location | England</otriple>
				<otriple>England | ethnicGroups | British_Arabs</otriple>
				<otriple>England | capital | London</otriple>
				<otriple>Dead_Man's_Plack | dedicatedTo | Æthelwald,_Ealdorman_of_East_Anglia</otriple>
				<otriple>England | languages | Cornish_language</otriple>
				<otriple>England | religion | Church_of_England</otriple>
				<otriple>Dead_Man's_Plack | material | Rock_(geology)</otriple>
			</originaltripleset>
			<modifiedtripleset>
				<mtriple>Dead_Man's_Plack | location | England</mtriple>
				<mtriple>England | ethnicGroups | British_Arabs</mtriple>
				<mtriple>England | capital | London</mtriple>
				<mtriple>Dead_Man's_Plack | dedicatedTo | Æthelwald,_Ealdorman_of_East_Anglia</mtriple>
				<mtriple>England | languages | Cornish_language</mtriple>
				<mtriple>England | religion | Church_of_England</mtriple>
				<mtriple>Dead_Man's_Plack | material | Rock_(geology)</mtriple>
			</modifiedtripleset>
			<lex comment="good" lid="Id1">
				<text>Dead Mans Plack is a rock formation found in England and dedicated to Aethelwald, Ealdorman of East Anglia. One of the ethnic groups of the country are the British Arabs, and the Church of England is the official religion. The Cornish language is still spoken in parts of the country.</text>
				<template>AGENT-1 is a rock formation found in BRIDGE-1 and dedicated to PATIENT-3 . One of the ethnic groups of BRIDGE-1 are PATIENT-1 , and PATIENT-5 is the official religion . PATIENT-4 is still spoken in parts of PATIENT-6 .</template>
			</lex>
			<lex comment="good" lid="Id2">
				<text>Dead Man's Plack is located in England, made from stone, and dedicated to AEthelwald, Ealdorman of East Anglia. England's established religion is The Church of England, and the capital city is London. The Cornish language is spoken there, and the British Arabs are an English ethnic group.</text>
				<template>AGENT-1 is located in BRIDGE-1 , made from PATIENT-6 , and dedicated to PATIENT-3 . BRIDGE-1 's established religion is PATIENT-5 , and the capital city is PATIENT-2 . PATIENT-4 is spoken there , and PATIENT-1 are an English ethnic group .</template>
			</lex>
			<lex comment="good" lid="Id3">
				<text>The capital of England is London where we can find the Dead Man's Plack which is made of stone. The Plack is dedicated to Æthelwald, Ealdorman of East Anglia. Cornish language is spoken in England and it has an established religion called the Church of England. One of the ethnic groups found in that country is the British Arabs.</text>
				<template>The capital of BRIDGE-1 is PATIENT-2 where we can find AGENT-1 which is made of PATIENT-6 . AGENT-1 is dedicated to PATIENT-3 . PATIENT-4 is spoken in BRIDGE-1 and BRIDGE-1 has an established religion called PATIENT-5 . One of the ethnic groups found in BRIDGE-1 is PATIENT-1 .</template>
			</lex>
			<entitymap>
				<entity>BRIDGE-1 | England</entity>
				<entity>PATIENT-5 | Church_of_England</entity>
				<entity>PATIENT-4 | Cornish_language</entity>
				<entity>AGENT-1 | Dead_Mans_Plack</entity>
				<entity>PATIENT-6 | Rock_(geology)</entity>
				<entity>PATIENT-1 | British_Arabs</entity>
				<entity>PATIENT-3 | Æthelwald,_Ealdorman_of_East_Anglia</entity>
				<entity>PATIENT-2 | London</entity>
			</entitymap>
		</entry>
		<entry category="Monument" eid="Id19" size="7">
			<originaltripleset>
				<otriple>Monocacy_National_Battlefield | location | Frederick_County,_Maryland</otriple>
				<otriple>14th_New_Jersey_Volunteer_Infantry_Monument | established | &quot;1907-07-11&quot;^^xsd:date</otriple>
				<otriple>14th_New_Jersey_Volunteer_Infantry_Monument | country | &quot;United States&quot;@en</otriple>
				<otriple>14th_New_Jersey_Volunteer_Infantry_Monument | category | Historic_districts_in_the_United_States</otriple>
				<otriple>14th_New_Jersey_Volunteer_Infantry_Monument | district | Monocacy_National_Battlefield</otriple>
				<otriple>Monocacy_National_Battlefield | nearestCity | Frederick,_Maryland</otriple>
				<otriple>14th_New_Jersey_Volunteer_Infantry_Monument | owningOrganisation | National_Park_Service</otriple>
			</originaltripleset>
			<modifiedtripleset>
				<mtriple>Monocacy_National_Battlefield | location | Frederick_County,_Maryland</mtriple>
				<mtriple>14th_New_Jersey_Volunteer_Infantry_Monument | established | &quot;1907-07-11&quot;</mtriple>
				<mtriple>14th_New_Jersey_Volunteer_Infantry_Monument | country | &quot;United States&quot;</mtriple>
				<mtriple>14th_New_Jersey_Volunteer_Infantry_Monument | category | Historic_districts_in_the_United_States</mtriple>
				<mtriple>14th_New_Jersey_Volunteer_Infantry_Monument | district | Monocacy_National_Battlefield</mtriple>
				<mtriple>Monocacy_National_Battlefield | nearestCity | Frederick,_Maryland</mtriple>
				<mtriple>14th_New_Jersey_Volunteer_Infantry_Monument | owningOrganisation | National_Park_Service</mtriple>
			</modifiedtripleset>
			<lex comment="good" lid="Id1">
				<text>The 14th New Jersey Volunteer Infantry Monument is found in the Monocacy National Battlefield, Frederick County, Maryland. Located near to the city of Frederick, the monument was established on 11th July 1907, is owned by the National Park Service and belongs to the category of Historic districts in the United States.</text>
				<template>AGENT-1 is found in BRIDGE-1 , PATIENT-1 . Located near to the city of PATIENT-5 , AGENT-1 was established on PATIENT-2 , is owned by PATIENT-6 and belongs to PATIENT-4 .</template>
			</lex>
			<lex comment="good" lid="Id2">
				<text>Frederick, Maryland is the nearest city to the 14th New Jersey Volunteer Infantry Monument which was established on 11 July 1907 at the Monocacy National Battlefield in Frederick, Maryland. The monument is categorised as a historic district in the US and is owned by the National Park Service.</text>
				<template>PATIENT-5 is the nearest city to AGENT-1 which was established on PATIENT-2 at BRIDGE-1 in PATIENT-5 . AGENT-1 is categorised as PATIENT-4 and is owned by PATIENT-6 .</template>
			</lex>
			<lex comment="good" lid="Id3">
				<text>The 14th New Jersey Volunteer Infantry Monument is owned by The National Park Service. It was established on July 11th, 1907 and is categorized as a historic district in the United States and is found in the Monocacy National Battlefield, the city nearest to this is Frederick, Maryland.</text>
				<template>AGENT-1 is owned by PATIENT-6 . AGENT-1 was established on PATIENT-2 and is categorized as PATIENT-4 and is found in BRIDGE-1 , the city nearest to this is PATIENT-5 .</template>
			</lex>
			<entitymap>
				<entity>BRIDGE-1 | Monocacy_National_Battlefield</entity>
				<entity>PATIENT-5 | Frederick,_Maryland</entity>
				<entity>PATIENT-4 | Historic_districts_in_the_United_States</entity>
				<entity>AGENT-1 | 14th_New_Jersey_Volunteer_Infantry_Monument</entity>
				<entity>PATIENT-6 | National_Park_Service</entity>
				<entity>PATIENT-1 | Frederick_County,_Maryland</entity>
				<entity>PATIENT-3 | &quot;United States&quot;</entity>
				<entity>PATIENT-2 | &quot;1907-07-11&quot;</entity>
			</entitymap>
		</entry>
		<entry category="Monument" eid="Id20" size="7">
			<originaltripleset>
				<otriple>Turkey | leader | Ahmet_Davutoğlu</otriple>
				<otriple>Atatürk_Monument_(İzmir) | designer | Pietro_Canonica</otriple>
				<otriple>Turkey | capital | Ankara</otriple>
				<otriple>Atatürk_Monument_(İzmir) | material | &quot;Bronze&quot;@en</otriple>
				<otriple>Turkey | currency | Turkish_lira</otriple>
				<otriple>Atatürk_Monument_(İzmir) | open | &quot;1932-07-27&quot;^^xsd:date</otriple>
				<otriple>Atatürk_Monument_(İzmir) | location | Turkey</otriple>
			</originaltripleset>
			<modifiedtripleset>
				<mtriple>Turkey | leader | Ahmet_Davutoğlu</mtriple>
				<mtriple>Atatürk_Monument_(İzmir) | designer | Pietro_Canonica</mtriple>
				<mtriple>Turkey | capital | Ankara</mtriple>
				<mtriple>Atatürk_Monument_(İzmir) | material | &quot;Bronze&quot;</mtriple>
				<mtriple>Turkey | currency | Turkish_lira</mtriple>
				<mtriple>Atatürk_Monument_(İzmir) | inaugurationDate | &quot;1932-07-27&quot;</mtriple>
				<mtriple>Atatürk_Monument_(İzmir) | location | Turkey</mtriple>
			</modifiedtripleset>
			<lex comment="good" lid="Id1">
				<text>The Atatürk Monument in İzmir is a bronze monument designed by Pietro Canonica, and inaugurated on July 27th, 1932. It is located in Turkey, where the capital city is Ankara, the currency is the Turkish lira, and the leader is named Ahmet Davutoğlu.</text>
				<template>AGENT-1 is PATIENT-4 monument designed by PATIENT-2 , and inaugurated on PATIENT-6 . AGENT-1 is located in BRIDGE-1 , where the capital city is PATIENT-3 , the currency is PATIENT-5 , and the leader is named PATIENT-1 .</template>
			</lex>
			<lex comment="good" lid="Id2">
				<text>Pietro Canonica designed the bronze Ataturk monument which was inaugurated in Turkey on 27 July 1932 in Izmir. The leader of the country is Ahmet Davutoglu and the currency is the Turkish lira.</text>
				<template>PATIENT-2 designed PATIENT-4 AGENT-1 which was inaugurated in BRIDGE-1 on PATIENT-6 in Izmir . The leader of BRIDGE-1 is PATIENT-1 and the currency is PATIENT-5 .</template>
			</lex>
			<lex comment="good" lid="Id3">
				<text>The lira is the currency of Turkey where Ahmet Davutoglu is the leader and the capital city is Ankara. The country is the site of the Ataturk monument at Izmir which was designed by Pietro Canonica and inaugurated on 27 July 1932.</text>
				<template>PATIENT-5 is the currency of BRIDGE-1 where PATIENT-1 is the leader and the capital city is PATIENT-3 . BRIDGE-1 is the site of AGENT-1 which was designed by PATIENT-2 and inaugurated on PATIENT-6 .</template>
			</lex>
			<entitymap>
				<entity>BRIDGE-1 | Turkey</entity>
				<entity>PATIENT-5 | Turkish_lira</entity>
				<entity>PATIENT-4 | &quot;Bronze&quot;</entity>
				<entity>AGENT-1 | Atatürk_Monument_(İzmir)</entity>
				<entity>PATIENT-6 | &quot;1932-07-27&quot;</entity>
				<entity>PATIENT-1 | Ahmet_Davutoğlu</entity>
				<entity>PATIENT-3 | Ankara</entity>
				<entity>PATIENT-2 | Pietro_Canonica</entity>
			</entitymap>
		</entry>
		<entry category="Monument" eid="Id21" size="7">
			<originaltripleset>
				<otriple>Turkey | leader | Ahmet_Davutoğlu</otriple>
				<otriple>Atatürk_Monument_(İzmir) | designer | Pietro_Canonica</otriple>
				<otriple>Turkey | capital | Ankara</otriple>
				<otriple>Turkey | largestCity | Istanbul</otriple>
				<otriple>Atatürk_Monument_(İzmir) | material | &quot;Bronze&quot;@en</otriple>
				<otriple>Atatürk_Monument_(İzmir) | open | &quot;1932-07-27&quot;^^xsd:date</otriple>
				<otriple>Atatürk_Monument_(İzmir) | location | Turkey</otriple>
			</originaltripleset>
			<modifiedtripleset>
				<mtriple>Turkey | leader | Ahmet_Davutoğlu</mtriple>
				<mtriple>Atatürk_Monument_(İzmir) | designer | Pietro_Canonica</mtriple>
				<mtriple>Turkey | capital | Ankara</mtriple>
				<mtriple>Turkey | largestCity | Istanbul</mtriple>
				<mtriple>Atatürk_Monument_(İzmir) | material | &quot;Bronze&quot;</mtriple>
				<mtriple>Atatürk_Monument_(İzmir) | inaugurationDate | &quot;1932-07-27&quot;</mtriple>
				<mtriple>Atatürk_Monument_(İzmir) | location | Turkey</mtriple>
			</modifiedtripleset>
			<lex comment="good" lid="Id1">
				<text>The largest city in Turkey is Istanbul, although the capital city is Ankara. The country is led by Ahmet Davutoglu and is the location of the bronze Ataturk Monument designed by Pietro Canonica which was inaugurated on 27 July 1932 and is located in Izmir.</text>
				<template>The largest city in BRIDGE-1 is PATIENT-4 , although the capital city is PATIENT-3 . BRIDGE-1 is led by PATIENT-1 and is the location of PATIENT-5 AGENT-1 designed by PATIENT-2 which was inaugurated on PATIENT-6 and is located in Izmir .</template>
			</lex>
			<lex comment="good" lid="Id2">
				<text>The Turkish leader is Ahmet Davutoglu and although the largest city is Istanbul, the capital is Ankara. Izmir is the location of the Ataturk monument designed by Pietro Canonica in bronze and inaugurated on 27 July 1932.</text>
				<template>The Turkish leader is PATIENT-1 and although the largest city is PATIENT-4 , the capital is PATIENT-3 . Izmir is the location of AGENT-1 designed by PATIENT-2 in PATIENT-5 and inaugurated on PATIENT-6 .</template>
			</lex>
			<lex comment="good" lid="Id3">
				<text>The largest city in Turkey is Istanbul, and the capital city is Ankara. The country is lead by Ahmet Davutoglu and is the location of the bronze Ataturk monument which was designed by Pietro Canonica and inaugurated in Izmir on 27 July 1932.</text>
				<template>The largest city in BRIDGE-1 is PATIENT-4 , and the capital city is PATIENT-3 . BRIDGE-1 is lead by PATIENT-1 and is the location of PATIENT-5 AGENT-1 which was designed by PATIENT-2 and inaugurated in Izmir on PATIENT-6 .</template>
			</lex>
			<entitymap>
				<entity>BRIDGE-1 | Turkey</entity>
				<entity>PATIENT-5 | &quot;Bronze&quot;</entity>
				<entity>PATIENT-4 | Istanbul</entity>
				<entity>AGENT-1 | Atatürk_Monument_(İzmir)</entity>
				<entity>PATIENT-6 | &quot;1932-07-27&quot;</entity>
				<entity>PATIENT-1 | Ahmet_Davutoğlu</entity>
				<entity>PATIENT-3 | Ankara</entity>
				<entity>PATIENT-2 | Pietro_Canonica</entity>
			</entitymap>
		</entry>
		<entry category="Monument" eid="Id22" size="7">
			<originaltripleset>
				<otriple>Turkey | leaderTitle | President_of_Turkey</otriple>
				<otriple>Atatürk_Monument_(İzmir) | designer | Pietro_Canonica</otriple>
				<otriple>Turkey | capital | Ankara</otriple>
				<otriple>Turkey | largestCity | Istanbul</otriple>
				<otriple>Atatürk_Monument_(İzmir) | material | &quot;Bronze&quot;@en</otriple>
				<otriple>Atatürk_Monument_(İzmir) | open | &quot;1932-07-27&quot;^^xsd:date</otriple>
				<otriple>Atatürk_Monument_(İzmir) | location | Turkey</otriple>
			</originaltripleset>
			<modifiedtripleset>
				<mtriple>Turkey | leaderTitle | President_of_Turkey</mtriple>
				<mtriple>Atatürk_Monument_(İzmir) | designer | Pietro_Canonica</mtriple>
				<mtriple>Turkey | capital | Ankara</mtriple>
				<mtriple>Turkey | largestCity | Istanbul</mtriple>
				<mtriple>Atatürk_Monument_(İzmir) | material | &quot;Bronze&quot;</mtriple>
				<mtriple>Atatürk_Monument_(İzmir) | inaugurationDate | &quot;1932-07-27&quot;</mtriple>
				<mtriple>Atatürk_Monument_(İzmir) | location | Turkey</mtriple>
			</modifiedtripleset>
			<lex comment="good" lid="Id1">
				<text>The Atatürk Monument (İzmir), found in Turkey, is made of bronze and was designed by Pietro Canonica. The monument was established on the 27th of July, 1932. Turkey's capital is Ankara and its largest city is Istanbul. The leader's official title is the President of Turkey.</text>
				<template>AGENT-1 , found in BRIDGE-1 , is made of PATIENT-5 and was designed by PATIENT-2 . AGENT-1 was established on PATIENT-6 . BRIDGE-1 's capital is PATIENT-3 and BRIDGE-1 largest city is PATIENT-4 . The leader 's official title is PATIENT-1 .</template>
			</lex>
			<lex comment="good" lid="Id2">
				<text>The official leader of Turkey is called the President. It's capital is located in Ankara and its largest city is Istanbul. It has a monument called the Ataturk. The Ataturk Monument was designed by Pietro Canonica and was founded on July 27, 1982. It is made of bronze.</text>
				<template>The official leader of BRIDGE-1 is called PATIENT-1 . BRIDGE-1 's capital is located in PATIENT-3 and BRIDGE-1 largest city is PATIENT-4 . BRIDGE-1 has a monument called AGENT-1 . AGENT-1 was designed by PATIENT-2 and was founded on PATIENT-6 . AGENT-1 is made of PATIENT-5 .</template>
			</lex>
			<lex comment="good" lid="Id3">
				<text>The Ataturk Monument (Izmir) is located in Turkey, a country led by the country's president. Istanbul is the largest city, and Ankara is the capital. The monument was designed by Pietro Canonica, made of bronze, and inaugurated on the 27th of July, 1932.</text>
				<template>AGENT-1 is located in BRIDGE-1 , a country led by PATIENT-1. PATIENT-4 is the largest city , and PATIENT-3 is the capital . AGENT-1 was designed by PATIENT-2 , made of PATIENT-5 , and inaugurated on PATIENT-6 .</template>
			</lex>
			<entitymap>
				<entity>BRIDGE-1 | Turkey</entity>
				<entity>PATIENT-5 | &quot;Bronze&quot;</entity>
				<entity>PATIENT-4 | Istanbul</entity>
				<entity>AGENT-1 | Atatürk_Monument_(İzmir)</entity>
				<entity>PATIENT-6 | &quot;1932-07-27&quot;</entity>
				<entity>PATIENT-1 | President_of_Turkey</entity>
				<entity>PATIENT-3 | Ankara</entity>
				<entity>PATIENT-2 | Pietro_Canonica</entity>
			</entitymap>
		</entry>
		<entry category="Monument" eid="Id23" size="7">
			<originaltripleset>
				<otriple>Turkey | leaderTitle | President_of_Turkey</otriple>
				<otriple>Atatürk_Monument_(İzmir) | designer | Pietro_Canonica</otriple>
				<otriple>Turkey | leaderName | Ahmet_Davutoğlu</otriple>
				<otriple>Turkey | capital | Ankara</otriple>
				<otriple>Atatürk_Monument_(İzmir) | material | &quot;Bronze&quot;@en</otriple>
				<otriple>Atatürk_Monument_(İzmir) | open | &quot;1932-07-27&quot;^^xsd:date</otriple>
				<otriple>Atatürk_Monument_(İzmir) | location | Turkey</otriple>
			</originaltripleset>
			<modifiedtripleset>
				<mtriple>Turkey | leaderTitle | President_of_Turkey</mtriple>
				<mtriple>Atatürk_Monument_(İzmir) | designer | Pietro_Canonica</mtriple>
				<mtriple>Turkey | leaderName | Ahmet_Davutoğlu</mtriple>
				<mtriple>Turkey | capital | Ankara</mtriple>
				<mtriple>Atatürk_Monument_(İzmir) | material | &quot;Bronze&quot;</mtriple>
				<mtriple>Atatürk_Monument_(İzmir) | inaugurationDate | &quot;1932-07-27&quot;</mtriple>
				<mtriple>Atatürk_Monument_(İzmir) | location | Turkey</mtriple>
			</modifiedtripleset>
			<lex comment="good" lid="Id1">
				<text>The Ataturk Monument (Izmir) was designed by Pietro Canonica, and made of bronze. It is located in Izmir, Turkey, and was inaugurated July 27th, 1932. The country is led by President Ahmet Davutoglu, and the capital city is Ankara.</text>
				<template>AGENT-1 was designed by PATIENT-2 , and made of PATIENT-5 . AGENT-1 is located in Izmir , BRIDGE-1 , and was inaugurated PATIENT-6 . BRIDGE-1 is led by PATIENT-1 , and the capital city is PATIENT-4 .</template>
			</lex>
			<lex comment="good" lid="Id2">
				<text>The Ataturk Monument (Izmir) is a bronze monument designed by Pietro Canonica, and inaugurated on 27th July, 1932. It is located in Turkey, where the capital is Ankara, and the leader (the President of Turkey) is Ahmet Davutoğlu.</text>
				<template>AGENT-1 is PATIENT-5 monument designed by PATIENT-2 , and inaugurated on PATIENT-6 . AGENT-1 is located in BRIDGE-1 , where the capital is PATIENT-4 , and the leader (PATIENT-1) is PATIENT-3 .</template>
			</lex>
			<entitymap>
				<entity>BRIDGE-1 | Turkey</entity>
				<entity>PATIENT-5 | &quot;Bronze&quot;</entity>
				<entity>PATIENT-4 | Ankara</entity>
				<entity>AGENT-1 | Atatürk_Monument_(İzmir)</entity>
				<entity>PATIENT-6 | &quot;1932-07-27&quot;</entity>
				<entity>PATIENT-1 | President_of_Turkey</entity>
				<entity>PATIENT-3 | Ahmet_Davutoğlu</entity>
				<entity>PATIENT-2 | Pietro_Canonica</entity>
			</entitymap>
		</entry>
		<entry category="Monument" eid="Id24" size="7">
			<originaltripleset>
				<otriple>Turkey | leaderTitle | President_of_Turkey</otriple>
				<otriple>Atatürk_Monument_(İzmir) | designer | Pietro_Canonica</otriple>
				<otriple>Turkey | leaderName | Ahmet_Davutoğlu</otriple>
				<otriple>Turkey | largestCity | Istanbul</otriple>
				<otriple>Atatürk_Monument_(İzmir) | material | &quot;Bronze&quot;@en</otriple>
				<otriple>Turkey | currency | Turkish_lira</otriple>
				<otriple>Atatürk_Monument_(İzmir) | location | Turkey</otriple>
			</originaltripleset>
			<modifiedtripleset>
				<mtriple>Turkey | leaderTitle | President_of_Turkey</mtriple>
				<mtriple>Atatürk_Monument_(İzmir) | designer | Pietro_Canonica</mtriple>
				<mtriple>Turkey | leaderName | Ahmet_Davutoğlu</mtriple>
				<mtriple>Turkey | largestCity | Istanbul</mtriple>
				<mtriple>Atatürk_Monument_(İzmir) | material | &quot;Bronze&quot;</mtriple>
				<mtriple>Turkey | currency | Turkish_lira</mtriple>
				<mtriple>Atatürk_Monument_(İzmir) | location | Turkey</mtriple>
			</modifiedtripleset>
			<lex comment="good" lid="Id1">
				<text>The official title of the Turkish leader is President of Turkey. Ahmet Davutoglu is Turkeys leader. The largest city in Turkey is Istanbul. Lira is the currency used in Turkey. In Izmir is the Ataturk Monument, which was designed by Pietro Canonica and is made of Bronze.</text>
				<template>The official title of the Turkish leader is PATIENT-1 . PATIENT-3 is PATIENT-1 . The largest city in BRIDGE-1 is PATIENT-4 . PATIENT-6 is the currency used in BRIDGE-1 . In Izmir is AGENT-1 , which was designed by PATIENT-2 and is made of PATIENT-5 .</template>
			</lex>
			<lex comment="good" lid="Id2">
				<text>The Atatürk Monument is a bronze structure located in Izmir, and designed by Pietro Canonica. It is found in Turkey, where the largest city is Istanbul, the currency is the Turkish Lira, and the leader, the President of Turkey, is named Ahmet Davutoglu.</text>
				<template>AGENT-1 is PATIENT-5 structure located in Izmir , and designed by PATIENT-2 . AGENT-1 is found in BRIDGE-1 , where the largest city is PATIENT-4 , the currency is PATIENT-6 , and the leader , PATIENT-1 , is named PATIENT-3 .</template>
			</lex>
			<entitymap>
				<entity>BRIDGE-1 | Turkey</entity>
				<entity>PATIENT-5 | &quot;Bronze&quot;</entity>
				<entity>PATIENT-4 | Istanbul</entity>
				<entity>AGENT-1 | Atatürk_Monument_(İzmir)</entity>
				<entity>PATIENT-6 | Turkish_lira</entity>
				<entity>PATIENT-1 | President_of_Turkey</entity>
				<entity>PATIENT-3 | Ahmet_Davutoğlu</entity>
				<entity>PATIENT-2 | Pietro_Canonica</entity>
			</entitymap>
		</entry>
		<entry category="Monument" eid="Id25" size="7">
			<originaltripleset>
				<otriple>Turkey | leaderTitle | President_of_Turkey</otriple>
				<otriple>Turkey | leader | Ahmet_Davutoğlu</otriple>
				<otriple>Atatürk_Monument_(İzmir) | designer | Pietro_Canonica</otriple>
				<otriple>Turkey | largestCity | Istanbul</otriple>
				<otriple>Turkey | currency | Turkish_lira</otriple>
				<otriple>Atatürk_Monument_(İzmir) | open | &quot;1932-07-27&quot;^^xsd:date</otriple>
				<otriple>Atatürk_Monument_(İzmir) | location | Turkey</otriple>
			</originaltripleset>
			<modifiedtripleset>
				<mtriple>Turkey | leaderTitle | President_of_Turkey</mtriple>
				<mtriple>Turkey | leader | Ahmet_Davutoğlu</mtriple>
				<mtriple>Atatürk_Monument_(İzmir) | designer | Pietro_Canonica</mtriple>
				<mtriple>Turkey | largestCity | Istanbul</mtriple>
				<mtriple>Turkey | currency | Turkish_lira</mtriple>
				<mtriple>Atatürk_Monument_(İzmir) | inaugurationDate | &quot;1932-07-27&quot;</mtriple>
				<mtriple>Atatürk_Monument_(İzmir) | location | Turkey</mtriple>
			</modifiedtripleset>
			<lex comment="good" lid="Id1">
				<text>The Atatürk Monument in İzmir was designed by Pietro Canonica and was inaugurated on 27th July, 1932. It can be found in Turkey, a country with Istanbul as its largest city and the lira as its currency, and led by the President of Turkey, Ahmet Davutoglu.</text>
				<template>AGENT-1 was designed by PATIENT-3 and was inaugurated on PATIENT-6 . AGENT-1 can be found in BRIDGE-1 , a country with PATIENT-4 as AGENT-1 largest city and PATIENT-5 as AGENT-1 currency , and led by PATIENT-1 , PATIENT-2 .</template>
			</lex>
			<lex comment="good" lid="Id2">
				<text>The Leader Of Turkey (official title President of Turkey) is Ahmet Davutoğlu. Ataturk Monument, located in İzmir was designed by Pietro Canonica and was inaugurated on 27th of July, 1932. Turkey's largest city is Istanbul and their currency is the Turkish lira.</text>
				<template/>
			</lex>
			<lex comment="good" lid="Id3">
				<text>The Turkish leader (official title President of Turkey) is Ahmet Davutoglu. Pietro Canonica designed the Ataturk Monument in Izmir and it was inaugurated on 27th of July, 1932. Turkey's largest City is Istanbul and the currency is the Turkish lira.</text>
				<template>The Turkish leader (official PATIENT-1) is PATIENT-2 . PATIENT-3 designed AGENT-1 in Izmir and AGENT-1 was inaugurated on PATIENT-6 . BRIDGE-1 's largest City is PATIENT-4 and the currency is PATIENT-5 .</template>
			</lex>
			<entitymap>
				<entity>BRIDGE-1 | Turkey</entity>
				<entity>PATIENT-5 | Turkish_lira</entity>
				<entity>PATIENT-4 | Istanbul</entity>
				<entity>AGENT-1 | Atatürk_Monument_(İzmir)</entity>
				<entity>PATIENT-6 | &quot;1932-07-27&quot;</entity>
				<entity>PATIENT-1 | President_of_Turkey</entity>
				<entity>PATIENT-3 | Pietro_Canonica</entity>
				<entity>PATIENT-2 | Ahmet_Davutoğlu</entity>
			</entitymap>
		</entry>
		<entry category="Monument" eid="Id26" size="7">
			<originaltripleset>
				<otriple>Turkey | leaderTitle | President_of_Turkey</otriple>
				<otriple>Turkey | leader | Ahmet_Davutoğlu</otriple>
				<otriple>Turkey | capital | Ankara</otriple>
				<otriple>Turkey | largestCity | Istanbul</otriple>
				<otriple>Atatürk_Monument_(İzmir) | material | &quot;Bronze&quot;@en</otriple>
				<otriple>Turkey | currency | Turkish_lira</otriple>
				<otriple>Atatürk_Monument_(İzmir) | location | Turkey</otriple>
			</originaltripleset>
			<modifiedtripleset>
				<mtriple>Turkey | leaderTitle | President_of_Turkey</mtriple>
				<mtriple>Turkey | leader | Ahmet_Davutoğlu</mtriple>
				<mtriple>Turkey | capital | Ankara</mtriple>
				<mtriple>Turkey | largestCity | Istanbul</mtriple>
				<mtriple>Atatürk_Monument_(İzmir) | material | &quot;Bronze&quot;</mtriple>
				<mtriple>Turkey | currency | Turkish_lira</mtriple>
				<mtriple>Atatürk_Monument_(İzmir) | location | Turkey</mtriple>
			</modifiedtripleset>
			<lex comment="good" lid="Id1">
				<text>Turkey's leader is Ahmet Davutoglu, who is the President of Turkey. Its capital is Ankara and the largest city is Istanbul. The currency used in Turkey is Turkish Lira. The ataturk Monument (Izmir), that is located in Turkey, is made of bronze.</text>
				<template>BRIDGE-1 's leader is PATIENT-2 , who is PATIENT-1 . BRIDGE-1 capital is PATIENT-3 and the largest city is PATIENT-4 . The currency used in BRIDGE-1 is PATIENT-6 . AGENT-1, that is located in BRIDGE-1 , is made of PATIENT-5 .</template>
			</lex>
			<lex comment="good" lid="Id2">
				<text>The bronze Ataturk monument is located in Turkey where President Ahmet Davutoglu is the leader. The capital city is Ankara, although the largest city is Istanbul and the local currency is the Turkish lira.</text>
				<template>PATIENT-5 AGENT-1 is located in BRIDGE-1 where PATIENT-1 is PATIENT-2 . The capital city is PATIENT-3 , although the largest city is PATIENT-4 and the local currency is PATIENT-6 .</template>
			</lex>
			<lex comment="good" lid="Id3">
				<text>President Ahmet Davutoglu is the leader of Turkey which has the capital city of Ankara, although the largest city is Istanbul. The currency of the country is the Turkish lira and the country is the location of the bronze Ataturk monument.</text>
				<template>PATIENT-1 PATIENT-2 is the leader of BRIDGE-1 which has the capital city of PATIENT-3 , although the largest city is PATIENT-4 . The currency of BRIDGE-1 is PATIENT-6 and BRIDGE-1 is location of PATIENT-5 AGENT-1 .</template>
			</lex>
			<entitymap>
				<entity>PATIENT-4 | Istanbul</entity>
				<entity>PATIENT-5 | &quot;Bronze&quot;</entity>
				<entity>BRIDGE-1 | Turkey</entity>
				<entity>AGENT-1 | Atatürk_Monument_(İzmir)</entity>
				<entity>PATIENT-6 | Turkish_lira</entity>
				<entity>PATIENT-1 | President_of_Turkey</entity>
				<entity>PATIENT-3 | Ankara</entity>
				<entity>PATIENT-2 | Ahmet_Davutoğlu</entity>
			</entitymap>
		</entry>
	</entries>
</benchmark>
