<?xml version="1.0" ?>
<benchmark>
	<entries>
		<entry category="Monument" eid="Id1" size="3">
			<originaltripleset>
				<otriple>11th_Mississippi_Infantry_Monument | country | &quot;United States&quot;@en</otriple>
				<otriple>11th_Mississippi_Infantry_Monument | established | 2000</otriple>
				<otriple>11th_Mississippi_Infantry_Monument | category | Contributing_property</otriple>
			</originaltripleset>
			<modifiedtripleset>
				<mtriple>11th_Mississippi_Infantry_Monument | country | &quot;United States&quot;</mtriple>
				<mtriple>11th_Mississippi_Infantry_Monument | established | 2000</mtriple>
				<mtriple>11th_Mississippi_Infantry_Monument | category | Contributing_property</mtriple>
			</modifiedtripleset>
			<lex comment="good" lid="Id1">
				<text>The 11th Mississippi Infantry Monument, USA, is categorised as a contributing property and was established in 2000.</text>
				<template>AGENT-1 , PATIENT-1 , is categorised as PATIENT-3 and was established in PATIENT-2 .</template>
			</lex>
			<lex comment="good" lid="Id2">
				<text>The 11th Mississippi Infantry monument was established in the US in 2000 and falls under the category of Contributing property.</text>
				<template>AGENT-1 was established in PATIENT-1 in PATIENT-2 and falls under the category of PATIENT-3 .</template>
			</lex>
			<lex comment="good" lid="Id3">
				<text>The 11th Mississippi Infantry Monument in the United States was established in the year 2000, and is categorized as a Contributing Property.</text>
				<template>AGENT-1 in PATIENT-1 was established in PATIENT-2 , and is categorized as PATIENT-3 .</template>
			</lex>
			<entitymap>
				<entity>AGENT-1 | 11th_Mississippi_Infantry_Monument</entity>
				<entity>PATIENT-1 | &quot;United States&quot;</entity>
				<entity>PATIENT-3 | Contributing_property</entity>
				<entity>PATIENT-2 | 2000</entity>
			</entitymap>
		</entry>
		<entry category="Monument" eid="Id2" size="3">
			<originaltripleset>
				<otriple>11th_Mississippi_Infantry_Monument | country | &quot;United States&quot;@en</otriple>
				<otriple>11th_Mississippi_Infantry_Monument | region | Adams_County,_Pennsylvania</otriple>
				<otriple>11th_Mississippi_Infantry_Monument | category | Contributing_property</otriple>
			</originaltripleset>
			<modifiedtripleset>
				<mtriple>11th_Mississippi_Infantry_Monument | country | &quot;United States&quot;</mtriple>
				<mtriple>11th_Mississippi_Infantry_Monument | location | Adams_County,_Pennsylvania</mtriple>
				<mtriple>11th_Mississippi_Infantry_Monument | category | Contributing_property</mtriple>
			</modifiedtripleset>
			<lex comment="good" lid="Id1">
				<text>The 11th Mississippi Infantry Monument, categorized as a Contributing Property, is located in Adams County, Pennsylvania, US.</text>
				<template>AGENT-1 , categorized as PATIENT-3 , is located in PATIENT-2 , PATIENT-1 .</template>
			</lex>
			<lex comment="good" lid="Id2">
				<text>The 11th Mississippi Infantry Monument is located in Adams County, Pennsylvania in the United States, and falls under the category of Contributing property.</text>
				<template>AGENT-1 is located in PATIENT-2 in PATIENT-1 , and falls under the category of PATIENT-3 .</template>
			</lex>
			<entitymap>
				<entity>AGENT-1 | 11th_Mississippi_Infantry_Monument</entity>
				<entity>PATIENT-1 | &quot;United States&quot;</entity>
				<entity>PATIENT-3 | Contributing_property</entity>
				<entity>PATIENT-2 | Adams_County,_Pennsylvania</entity>
			</entitymap>
		</entry>
		<entry category="Monument" eid="Id3" size="3">
			<originaltripleset>
				<otriple>11th_Mississippi_Infantry_Monument | established | 2000</otriple>
				<otriple>11th_Mississippi_Infantry_Monument | category | Contributing_property</otriple>
				<otriple>11th_Mississippi_Infantry_Monument | municipality | Gettysburg,_Pennsylvania</otriple>
			</originaltripleset>
			<modifiedtripleset>
				<mtriple>11th_Mississippi_Infantry_Monument | established | 2000</mtriple>
				<mtriple>11th_Mississippi_Infantry_Monument | category | Contributing_property</mtriple>
				<mtriple>11th_Mississippi_Infantry_Monument | municipality | Gettysburg,_Pennsylvania</mtriple>
			</modifiedtripleset>
			<lex comment="good" lid="Id1">
				<text>The 11th Mississippi Infantry monument which was erected in 2000 falls under the category of Contributing property. It is located in the municipality of Gettysburg, Pennsylvania.</text>
				<template>AGENT-1 which was erected in PATIENT-1 falls under the category of PATIENT-2 . AGENT-1 is located in the municipality of PATIENT-3 .</template>
			</lex>
			<lex comment="good" lid="Id2">
				<text>The 11th Mississippi Infantry Monument (established in 2000) is located in Gettysburg, Pennsylvania, and falls under the category of Contributing property.</text>
				<template>AGENT-1 (established in PATIENT-1) is located in PATIENT-3 , and falls under the category of PATIENT-2 .</template>
			</lex>
			<entitymap>
				<entity>AGENT-1 | 11th_Mississippi_Infantry_Monument</entity>
				<entity>PATIENT-1 | 2000</entity>
				<entity>PATIENT-3 | Gettysburg,_Pennsylvania</entity>
				<entity>PATIENT-2 | Contributing_property</entity>
			</entitymap>
		</entry>
		<entry category="Monument" eid="Id4" size="3">
			<originaltripleset>
				<otriple>11th_Mississippi_Infantry_Monument | region | Adams_County,_Pennsylvania</otriple>
				<otriple>11th_Mississippi_Infantry_Monument | category | Contributing_property</otriple>
				<otriple>11th_Mississippi_Infantry_Monument | municipality | Gettysburg,_Pennsylvania</otriple>
			</originaltripleset>
			<modifiedtripleset>
				<mtriple>11th_Mississippi_Infantry_Monument | location | Adams_County,_Pennsylvania</mtriple>
				<mtriple>11th_Mississippi_Infantry_Monument | category | Contributing_property</mtriple>
				<mtriple>11th_Mississippi_Infantry_Monument | municipality | Gettysburg,_Pennsylvania</mtriple>
			</modifiedtripleset>
			<lex comment="good" lid="Id1">
				<text>Gettysburg, Adams County, Pennsylvania is the location of the 11th Mississippi Infantry Monument which is categorised as contributing property.</text>
				<template>PATIENT-3 , PATIENT-1 is the location of AGENT-1 which is categorised as PATIENT-2 .</template>
			</lex>
			<lex comment="good" lid="Id2">
				<text>The 11th Mississippi Infantry Monument, categorised as a contributing property, is found in the municipality of Gettysburg, Adams County, Pennsylvania.</text>
				<template>AGENT-1 , categorised as PATIENT-2 , is found in the municipality of PATIENT-3 , PATIENT-1 .</template>
			</lex>
			<lex comment="good" lid="Id3">
				<text>The 11th Mississippi Infantry Monument, categorized as a Contributing Property, is placed in the municipality of Gettysburg, the Adams County of Pennsylvania.</text>
				<template>AGENT-1 , categorized as PATIENT-2 , is placed in the municipality of PATIENT-3 , PATIENT-1 .</template>
			</lex>
			<entitymap>
				<entity>AGENT-1 | 11th_Mississippi_Infantry_Monument</entity>
				<entity>PATIENT-1 | Adams_County,_Pennsylvania</entity>
				<entity>PATIENT-3 | Gettysburg,_Pennsylvania</entity>
				<entity>PATIENT-2 | Contributing_property</entity>
			</entitymap>
		</entry>
		<entry category="Monument" eid="Id5" size="3">
			<originaltripleset>
				<otriple>11th_Mississippi_Infantry_Monument | region | Adams_County,_Pennsylvania</otriple>
				<otriple>11th_Mississippi_Infantry_Monument | established | 2000</otriple>
				<otriple>11th_Mississippi_Infantry_Monument | category | Contributing_property</otriple>
			</originaltripleset>
			<modifiedtripleset>
				<mtriple>11th_Mississippi_Infantry_Monument | location | Adams_County,_Pennsylvania</mtriple>
				<mtriple>11th_Mississippi_Infantry_Monument | established | 2000</mtriple>
				<mtriple>11th_Mississippi_Infantry_Monument | category | Contributing_property</mtriple>
			</modifiedtripleset>
			<lex comment="good" lid="Id1">
				<text>The 11th Mississippi Infantry Monument which is located in Adams County, Pennsylvania. It was established in 2000 and falls under the category of contributing property.</text>
				<template>AGENT-1 which is located in PATIENT-1 . AGENT-1 was established in PATIENT-2 and falls under the category of PATIENT-3 .</template>
			</lex>
			<lex comment="good" lid="Id2">
				<text>The location of the 11th Mississippi Infantry Monument is Adams County, Pennsylvania and was established in 2000 where it is categorised as contributing property,.</text>
				<template>The location of AGENT-1 is PATIENT-1 and was established in PATIENT-2 where AGENT-1 is categorised as PATIENT-3 , .</template>
			</lex>
			<lex comment="good" lid="Id3">
				<text>The 11th Mississippi Infantry Monument (completed in 2000) is located in Adams County, Pennsylvania, and falls under the category of Contributing property.</text>
				<template>AGENT-1 (completed in PATIENT-2) is located in PATIENT-1 , and falls under the category of PATIENT-3 .</template>
			</lex>
			<entitymap>
				<entity>AGENT-1 | 11th_Mississippi_Infantry_Monument</entity>
				<entity>PATIENT-1 | Adams_County,_Pennsylvania</entity>
				<entity>PATIENT-3 | Contributing_property</entity>
				<entity>PATIENT-2 | 2000</entity>
			</entitymap>
		</entry>
		<entry category="Monument" eid="Id6" size="3">
			<originaltripleset>
				<otriple>11th_Mississippi_Infantry_Monument | state | &quot;Pennsylvania&quot;@en</otriple>
				<otriple>11th_Mississippi_Infantry_Monument | category | Contributing_property</otriple>
				<otriple>11th_Mississippi_Infantry_Monument | municipality | Gettysburg,_Pennsylvania</otriple>
			</originaltripleset>
			<modifiedtripleset>
				<mtriple>11th_Mississippi_Infantry_Monument | state | &quot;Pennsylvania&quot;</mtriple>
				<mtriple>11th_Mississippi_Infantry_Monument | category | Contributing_property</mtriple>
				<mtriple>11th_Mississippi_Infantry_Monument | municipality | Gettysburg,_Pennsylvania</mtriple>
			</modifiedtripleset>
			<lex comment="good" lid="Id1">
				<text>The 11th Mississippi Infantry Monument, in the municipality of Gettysburg Pennsylvania, falls under the category of Contributing property.</text>
				<template>AGENT-1 , in the municipality of PATIENT-3 , falls under the category of PATIENT-2 .</template>
			</lex>
			<lex comment="good" lid="Id2">
				<text>Gettysburg, Pennsylvania is the location of the 11th Mississippi Infantry monument which falls under the category of contributing property.</text>
				<template>PATIENT-3 is the location of AGENT-1 which falls under the category of PATIENT-2 .</template>
			</lex>
			<lex comment="good" lid="Id3">
				<text>The 11th Mississippi Infantry Monument, located in Gettysbury in the state of Pennsylvania, is categorised as a contributing property.</text>
				<template>AGENT-1 , located in PATIENT-3 in the state of PATIENT-1 , is categorised as PATIENT-2 .</template>
			</lex>
			<entitymap>
				<entity>AGENT-1 | 11th_Mississippi_Infantry_Monument</entity>
				<entity>PATIENT-1 | &quot;Pennsylvania&quot;</entity>
				<entity>PATIENT-3 | Gettysburg,_Pennsylvania</entity>
				<entity>PATIENT-2 | Contributing_property</entity>
			</entitymap>
		</entry>
		<entry category="Monument" eid="Id7" size="3">
			<originaltripleset>
				<otriple>11th_Mississippi_Infantry_Monument | state | &quot;Pennsylvania&quot;@en</otriple>
				<otriple>11th_Mississippi_Infantry_Monument | established | 2000</otriple>
				<otriple>11th_Mississippi_Infantry_Monument | category | Contributing_property</otriple>
			</originaltripleset>
			<modifiedtripleset>
				<mtriple>11th_Mississippi_Infantry_Monument | state | &quot;Pennsylvania&quot;</mtriple>
				<mtriple>11th_Mississippi_Infantry_Monument | established | 2000</mtriple>
				<mtriple>11th_Mississippi_Infantry_Monument | category | Contributing_property</mtriple>
			</modifiedtripleset>
			<lex comment="good" lid="Id1">
				<text>The 11th Mississippi Infantry Monument in Pennsylvania was completed in 2000 and is categorized as a contributing property.</text>
				<template>AGENT-1 in PATIENT-1 was completed in PATIENT-2 and is categorized as PATIENT-3 .</template>
			</lex>
			<lex comment="good" lid="Id2">
				<text>The 11th Mississippi Infantry Monument, Pennsylvania, is categorised as a contributing property and was established in 2000..</text>
				<template>AGENT-1 , PATIENT-1 , is categorised as PATIENT-3 and was established in PATIENT-2 . .</template>
			</lex>
			<lex comment="good" lid="Id3">
				<text>The 11th Mississippi Infantry Monument (established in 2000) stands in the state of Pennsylvania, and is categorised as a contributing property.</text>
				<template>AGENT-1 (established in PATIENT-2) stands in the state of PATIENT-1 , and is categorised as PATIENT-3 .</template>
			</lex>
			<entitymap>
				<entity>AGENT-1 | 11th_Mississippi_Infantry_Monument</entity>
				<entity>PATIENT-1 | &quot;Pennsylvania&quot;</entity>
				<entity>PATIENT-3 | Contributing_property</entity>
				<entity>PATIENT-2 | 2000</entity>
			</entitymap>
		</entry>
		<entry category="Monument" eid="Id8" size="3">
			<originaltripleset>
				<otriple>14th_New_Jersey_Volunteer_Infantry_Monument | category | Historic_districts_in_the_United_States</otriple>
				<otriple>14th_New_Jersey_Volunteer_Infantry_Monument | district | Monocacy_National_Battlefield</otriple>
				<otriple>14th_New_Jersey_Volunteer_Infantry_Monument | established | &quot;1907-07-11&quot;^^xsd:date</otriple>
			</originaltripleset>
			<modifiedtripleset>
				<mtriple>14th_New_Jersey_Volunteer_Infantry_Monument | category | Historic_districts_in_the_United_States</mtriple>
				<mtriple>14th_New_Jersey_Volunteer_Infantry_Monument | district | Monocacy_National_Battlefield</mtriple>
				<mtriple>14th_New_Jersey_Volunteer_Infantry_Monument | established | &quot;1907-07-11&quot;</mtriple>
			</modifiedtripleset>
			<lex comment="good" lid="Id1">
				<text>The 14th New Jersey Infantry Monument which is located in the Monocacy National Battlefield was established on 11 July 1907. It falls within the category of Historic districts in the US.</text>
				<template>AGENT-1 which is located in PATIENT-2 was established on PATIENT-3 . AGENT-1 falls within the category of PATIENT-1 .</template>
			</lex>
			<lex comment="good" lid="Id2">
				<text>Monocacy National Battlefield is the location of the 14th New Jersey Volunteer Infantry monument which was established on 11 July 1907 and belongs to the category of historic districts in the US.</text>
				<template>PATIENT-2 is the location of AGENT-1 which was established on PATIENT-3 and belongs to the category of PATIENT-1 .</template>
			</lex>
			<lex comment="good" lid="Id3">
				<text>The 14th New Jersey Volunteer Infantry Monument was established on 11 July 1907 and is located in the Monocacy National Battlefield. being a historic district in the United States.</text>
				<template>AGENT-1 was established on PATIENT-3 and is located in PATIENT-2 . being PATIENT-1 .</template>
			</lex>
			<entitymap>
				<entity>AGENT-1 | 14th_New_Jersey_Volunteer_Infantry_Monument</entity>
				<entity>PATIENT-1 | Historic_districts_in_the_United_States</entity>
				<entity>PATIENT-3 | &quot;1907-07-11&quot;</entity>
				<entity>PATIENT-2 | Monocacy_National_Battlefield</entity>
			</entitymap>
		</entry>
		<entry category="Monument" eid="Id9" size="3">
			<originaltripleset>
				<otriple>14th_New_Jersey_Volunteer_Infantry_Monument | category | Historic_districts_in_the_United_States</otriple>
				<otriple>14th_New_Jersey_Volunteer_Infantry_Monument | district | Monocacy_National_Battlefield</otriple>
				<otriple>Monocacy_National_Battlefield | nearestCity | Frederick,_Maryland</otriple>
			</originaltripleset>
			<modifiedtripleset>
				<mtriple>14th_New_Jersey_Volunteer_Infantry_Monument | category | Historic_districts_in_the_United_States</mtriple>
				<mtriple>14th_New_Jersey_Volunteer_Infantry_Monument | district | Monocacy_National_Battlefield</mtriple>
				<mtriple>Monocacy_National_Battlefield | nearestCity | Frederick,_Maryland</mtriple>
			</modifiedtripleset>
			<lex comment="good" lid="Id1">
				<text>Frederick, Maryland is the nearest city to Monocacy National Battlefield which is the location of the 14th New Jersey Volunteer Infantry Monument. The monument is categorised as a historic district in the US.</text>
				<template>PATIENT-2 is the nearest city to BRIDGE-1 which is the location of AGENT-1 . AGENT-1 is categorised as PATIENT-1 .</template>
			</lex>
			<lex comment="good" lid="Id2">
				<text>The 14th New Jersey Volunteer Infantry Monument, categorised as a historic district in the United States, is located in the Monocacy National Battlefield and has Frederick, Maryland as its nearest city.</text>
				<template>AGENT-1 , categorised as PATIENT-1 , is located in BRIDGE-1 and has PATIENT-2 as AGENT-1 nearest city .</template>
			</lex>
			<entitymap>
				<entity>BRIDGE-1 | Monocacy_National_Battlefield</entity>
				<entity>AGENT-1 | 14th_New_Jersey_Volunteer_Infantry_Monument</entity>
				<entity>PATIENT-1 | Historic_districts_in_the_United_States</entity>
				<entity>PATIENT-2 | Frederick,_Maryland</entity>
			</entitymap>
		</entry>
		<entry category="Monument" eid="Id10" size="3">
			<originaltripleset>
				<otriple>14th_New_Jersey_Volunteer_Infantry_Monument | category | Historic_districts_in_the_United_States</otriple>
				<otriple>14th_New_Jersey_Volunteer_Infantry_Monument | owningOrganisation | National_Park_Service</otriple>
				<otriple>14th_New_Jersey_Volunteer_Infantry_Monument | established | &quot;1907-07-11&quot;^^xsd:date</otriple>
			</originaltripleset>
			<modifiedtripleset>
				<mtriple>14th_New_Jersey_Volunteer_Infantry_Monument | category | Historic_districts_in_the_United_States</mtriple>
				<mtriple>14th_New_Jersey_Volunteer_Infantry_Monument | owningOrganisation | National_Park_Service</mtriple>
				<mtriple>14th_New_Jersey_Volunteer_Infantry_Monument | established | &quot;1907-07-11&quot;</mtriple>
			</modifiedtripleset>
			<lex comment="good" lid="Id1">
				<text>The 14th New Jersey Volunteer Infantry Monument (est. July 11th, 1907) is a historic district in the US provided by the National Park Service.</text>
				<template>AGENT-1 (est. . PATIENT-3) is PATIENT-1 provided by PATIENT-2 .</template>
			</lex>
			<lex comment="good" lid="Id2">
				<text>The 14th New Jersey Volunteer Infantry Monument (established 1907-07-11) is categorised as a historic district in the United States, and is owned by the National Park Service.</text>
				<template>AGENT-1 (established PATIENT-3) is categorised as PATIENT-1 , and is owned by PATIENT-2 .</template>
			</lex>
			<entitymap>
				<entity>AGENT-1 | 14th_New_Jersey_Volunteer_Infantry_Monument</entity>
				<entity>PATIENT-1 | Historic_districts_in_the_United_States</entity>
				<entity>PATIENT-3 | &quot;1907-07-11&quot;</entity>
				<entity>PATIENT-2 | National_Park_Service</entity>
			</entitymap>
		</entry>
		<entry category="Monument" eid="Id11" size="3">
			<originaltripleset>
				<otriple>14th_New_Jersey_Volunteer_Infantry_Monument | country | &quot;United States&quot;@en</otriple>
				<otriple>14th_New_Jersey_Volunteer_Infantry_Monument | category | Historic_districts_in_the_United_States</otriple>
				<otriple>14th_New_Jersey_Volunteer_Infantry_Monument | established | &quot;1907-07-11&quot;^^xsd:date</otriple>
			</originaltripleset>
			<modifiedtripleset>
				<mtriple>14th_New_Jersey_Volunteer_Infantry_Monument | country | &quot;United States&quot;</mtriple>
				<mtriple>14th_New_Jersey_Volunteer_Infantry_Monument | category | Historic_districts_in_the_United_States</mtriple>
				<mtriple>14th_New_Jersey_Volunteer_Infantry_Monument | established | &quot;1907-07-11&quot;</mtriple>
			</modifiedtripleset>
			<lex comment="good" lid="Id1">
				<text>The 14th New Jersey Volunteer Infantry Monument in the United States was established on 11th July 1907, and belongs to the category of Historic districts.</text>
				<template>AGENT-1 in PATIENT-1 was established on PATIENT-3 , and belongs to the category of PATIENT-2 .</template>
			</lex>
			<lex comment="good" lid="Id2">
				<text>The 14th New Jersey Volunteer Infantry Monument (established 1907-07-11) is located in the United States, where it belongs to the category of Historic districts.</text>
				<template>AGENT-1 (established PATIENT-3) is located in PATIENT-1 , where AGENT-1 belongs to the category of PATIENT-2 .</template>
			</lex>
			<entitymap>
				<entity>AGENT-1 | 14th_New_Jersey_Volunteer_Infantry_Monument</entity>
				<entity>PATIENT-1 | &quot;United States&quot;</entity>
				<entity>PATIENT-3 | &quot;1907-07-11&quot;</entity>
				<entity>PATIENT-2 | Historic_districts_in_the_United_States</entity>
			</entitymap>
		</entry>
		<entry category="Monument" eid="Id12" size="3">
			<originaltripleset>
				<otriple>14th_New_Jersey_Volunteer_Infantry_Monument | established | &quot;1907-07-11&quot;^^xsd:date</otriple>
				<otriple>14th_New_Jersey_Volunteer_Infantry_Monument | district | Monocacy_National_Battlefield</otriple>
				<otriple>Monocacy_National_Battlefield | nearestCity | Frederick,_Maryland</otriple>
			</originaltripleset>
			<modifiedtripleset>
				<mtriple>14th_New_Jersey_Volunteer_Infantry_Monument | established | &quot;1907-07-11&quot;</mtriple>
				<mtriple>14th_New_Jersey_Volunteer_Infantry_Monument | district | Monocacy_National_Battlefield</mtriple>
				<mtriple>Monocacy_National_Battlefield | nearestCity | Frederick,_Maryland</mtriple>
			</modifiedtripleset>
			<lex comment="good" lid="Id1">
				<text>Frederick Maryland is the nearest city to Monocacy National Battlefield where the 14th New Jersey Volunteer infantry monument is located. It was established on 11 July 1907.</text>
				<template>PATIENT-2 is the nearest city to BRIDGE-1 where AGENT-1 is located . AGENT-1 was established on PATIENT-1 .</template>
			</lex>
			<lex comment="good" lid="Id2">
				<text>The Monocacy National Battlefield is where the 14th New Jersey Volunteer Infantry Monument, established on 11 July 1907, is located. The closest city is Frederick, Maryland.</text>
				<template>BRIDGE-1 is where AGENT-1 , established on PATIENT-1 , is located . The closest city is PATIENT-2 .</template>
			</lex>
			<lex comment="good" lid="Id3">
				<text>The 14th New Jersey Volunteer Infantry Monument (established 1907-07-11) is located in the Monocacy National Battlefield, with Frederick, Maryland as its nearest city.</text>
				<template>AGENT-1 (established PATIENT-1) is located in BRIDGE-1 , with PATIENT-2 as AGENT-1 nearest city .</template>
			</lex>
			<entitymap>
				<entity>BRIDGE-1 | Monocacy_National_Battlefield</entity>
				<entity>AGENT-1 | 14th_New_Jersey_Volunteer_Infantry_Monument</entity>
				<entity>PATIENT-1 | &quot;1907-07-11&quot;</entity>
				<entity>PATIENT-2 | Frederick,_Maryland</entity>
			</entitymap>
		</entry>
		<entry category="Monument" eid="Id13" size="3">
			<originaltripleset>
				<otriple>Adams_County,_Pennsylvania | north | Cumberland_County,_Pennsylvania</otriple>
				<otriple>11th_Mississippi_Infantry_Monument | category | Contributing_property</otriple>
				<otriple>11th_Mississippi_Infantry_Monument | region | Adams_County,_Pennsylvania</otriple>
			</originaltripleset>
			<modifiedtripleset>
				<mtriple>Adams_County,_Pennsylvania | has to its north | Cumberland_County,_Pennsylvania</mtriple>
				<mtriple>11th_Mississippi_Infantry_Monument | category | Contributing_property</mtriple>
				<mtriple>11th_Mississippi_Infantry_Monument | location | Adams_County,_Pennsylvania</mtriple>
			</modifiedtripleset>
			<lex comment="good" lid="Id1">
				<text>The 11th Mississippi Infantry Monument is contained within the category of Contributing property and is located in Adams County, Pennsylvania. Adams County is south of Cumberland County, Pennsylvania.</text>
				<template>AGENT-1 is contained within the category of PATIENT-2 and is located in BRIDGE-1 . BRIDGE-1 is south of PATIENT-1 .</template>
			</lex>
			<lex comment="good" lid="Id2">
				<text>Cumberland County is located to the north of Adams County, Pennsylvania where the 11th Mississippi Infantry monument is located and categorised as contributing property.</text>
				<template>PATIENT-1 is located to the north of BRIDGE-1 where AGENT-1 is located and categorised as contributing PATIENT-2 .</template>
			</lex>
			<entitymap>
				<entity>BRIDGE-1 | Adams_County,_Pennsylvania</entity>
				<entity>AGENT-1 | 11th_Mississippi_Infantry_Monument</entity>
				<entity>PATIENT-1 | Cumberland_County,_Pennsylvania</entity>
				<entity>PATIENT-2 | Contributing_property</entity>
			</entitymap>
		</entry>
		<entry category="Monument" eid="Id14" size="3">
			<originaltripleset>
				<otriple>Adams_County,_Pennsylvania | southeast | Carroll_County,_Maryland</otriple>
				<otriple>11th_Mississippi_Infantry_Monument | category | Contributing_property</otriple>
				<otriple>11th_Mississippi_Infantry_Monument | region | Adams_County,_Pennsylvania</otriple>
			</originaltripleset>
			<modifiedtripleset>
				<mtriple>Adams_County,_Pennsylvania | has to its southeast | Carroll_County,_Maryland</mtriple>
				<mtriple>11th_Mississippi_Infantry_Monument | category | Contributing_property</mtriple>
				<mtriple>11th_Mississippi_Infantry_Monument | location | Adams_County,_Pennsylvania</mtriple>
			</modifiedtripleset>
			<lex comment="good" lid="Id1">
				<text>Carrol County Maryland is located to the southeast of Adams County, Pennsylvania where the 11th Mississippi Infantry Monument is located. The monument is categorised as a contributing property.</text>
				<template>PATIENT-1 is located to the southeast of BRIDGE-1 where AGENT-1 is located . AGENT-1 is categorised as PATIENT-2 .</template>
			</lex>
			<lex comment="good" lid="Id2">
				<text>The 11th Mississippi Infantry Monument, a contributing property, is located in Adams County, Pennsylvania, which has Carrol County to its southeast.</text>
				<template>AGENT-1 , PATIENT-2 , is located in BRIDGE-1 , which has PATIENT-1 to AGENT-1 southeast .</template>
			</lex>
			<lex comment="good" lid="Id3">
				<text>11th Mississippi Infantry Monument, located in Adams County, Pennsylvania, northwest of Carrol County, Maryland is categorised as a contributing property.</text>
				<template>AGENT-1 , located in BRIDGE-1 , northwest of PATIENT-1 is categorised as PATIENT-2 .</template>
			</lex>
			<entitymap>
				<entity>BRIDGE-1 | Adams_County,_Pennsylvania</entity>
				<entity>AGENT-1 | 11th_Mississippi_Infantry_Monument</entity>
				<entity>PATIENT-1 | Carroll_County,_Maryland</entity>
				<entity>PATIENT-2 | Contributing_property</entity>
			</entitymap>
		</entry>
		<entry category="Monument" eid="Id15" size="3">
			<originaltripleset>
				<otriple>Adams_County,_Pennsylvania | southeast | Carroll_County,_Maryland</otriple>
				<otriple>11th_Mississippi_Infantry_Monument | established | 2000</otriple>
				<otriple>11th_Mississippi_Infantry_Monument | region | Adams_County,_Pennsylvania</otriple>
			</originaltripleset>
			<modifiedtripleset>
				<mtriple>Adams_County,_Pennsylvania | has to its southeast | Carroll_County,_Maryland</mtriple>
				<mtriple>11th_Mississippi_Infantry_Monument | established | 2000</mtriple>
				<mtriple>11th_Mississippi_Infantry_Monument | location | Adams_County,_Pennsylvania</mtriple>
			</modifiedtripleset>
			<lex comment="good" lid="Id1">
				<text>The 11th Mississippi Infantry Monument which was completed in 2000 is located in Adams County, Pennsylania. Adams County is to the north west of Carrol County, Maryland.</text>
				<template>AGENT-1 which was completed in PATIENT-2 is located in BRIDGE-1 . BRIDGE-1 is to the north west of PATIENT-1 .</template>
			</lex>
			<lex comment="good" lid="Id2">
				<text>The 11th Mississippi Infantry Monument, established in 2000, is located in Adams County Pennsylvania, with Carrol County to the southeast.</text>
				<template>AGENT-1 , established in PATIENT-2 , is located in BRIDGE-1 , with PATIENT-1 to the southeast .</template>
			</lex>
			<entitymap>
				<entity>BRIDGE-1 | Adams_County,_Pennsylvania</entity>
				<entity>AGENT-1 | 11th_Mississippi_Infantry_Monument</entity>
				<entity>PATIENT-1 | Carroll_County,_Maryland</entity>
				<entity>PATIENT-2 | 2000</entity>
			</entitymap>
		</entry>
		<entry category="Monument" eid="Id16" size="3">
			<originaltripleset>
				<otriple>Adams_County,_Pennsylvania | southeast | Carroll_County,_Maryland</otriple>
				<otriple>Adams_County,_Pennsylvania | north | Cumberland_County,_Pennsylvania</otriple>
				<otriple>11th_Mississippi_Infantry_Monument | region | Adams_County,_Pennsylvania</otriple>
			</originaltripleset>
			<modifiedtripleset>
				<mtriple>Adams_County,_Pennsylvania | has to its southeast | Carroll_County,_Maryland</mtriple>
				<mtriple>Adams_County,_Pennsylvania | has to its north | Cumberland_County,_Pennsylvania</mtriple>
				<mtriple>11th_Mississippi_Infantry_Monument | location | Adams_County,_Pennsylvania</mtriple>
			</modifiedtripleset>
			<lex comment="good" lid="Id1">
				<text>The 11th Mississippi Infantry Monument is located in Adams County, Pennsylvania, which has Carrol County to its southeast and Cumberland County at its north.</text>
				<template>AGENT-1 is located in BRIDGE-1 , which has PATIENT-1 to AGENT-1 southeast and PATIENT-2 at AGENT-1 north .</template>
			</lex>
			<lex comment="good" lid="Id2">
				<text>The 11th Mississippi Infantry Monument is located in Adams County, Pennsylvania, which has Carrol county, Maryland to its southeast and Cumberland county, Pennsylvania to its north.</text>
				<template>AGENT-1 is located in BRIDGE-1 , which has PATIENT-1 to AGENT-1 southeast and PATIENT-2 to AGENT-1 north .</template>
			</lex>
			<entitymap>
				<entity>BRIDGE-1 | Adams_County,_Pennsylvania</entity>
				<entity>AGENT-1 | 11th_Mississippi_Infantry_Monument</entity>
				<entity>PATIENT-1 | Carroll_County,_Maryland</entity>
				<entity>PATIENT-2 | Cumberland_County,_Pennsylvania</entity>
			</entitymap>
		</entry>
		<entry category="Monument" eid="Id17" size="3">
			<originaltripleset>
				<otriple>Adams_County,_Pennsylvania | southeast | Carroll_County,_Maryland</otriple>
				<otriple>Adams_County,_Pennsylvania | southwest | Frederick_County,_Maryland</otriple>
				<otriple>11th_Mississippi_Infantry_Monument | region | Adams_County,_Pennsylvania</otriple>
			</originaltripleset>
			<modifiedtripleset>
				<mtriple>Adams_County,_Pennsylvania | has to its southeast | Carroll_County,_Maryland</mtriple>
				<mtriple>Adams_County,_Pennsylvania | has to its southwest | Frederick_County,_Maryland</mtriple>
				<mtriple>11th_Mississippi_Infantry_Monument | location | Adams_County,_Pennsylvania</mtriple>
			</modifiedtripleset>
			<lex comment="good" lid="Id1">
				<text>Adams County Pennsylvania is the location of the 11th Mississippi Infantry monument. Frederick County, Maryland is to the southwest and Carrol County to the southeast.</text>
				<template>BRIDGE-1 is the location of AGENT-1 . PATIENT-2 is to the southwest and PATIENT-1 to the southeast .</template>
			</lex>
			<lex comment="good" lid="Id2">
				<text>The 11th Mississippi Infantry Monument is located in Adams County, Pennsylvania. It is easily reachable from Maryland, having Carrol County to its southeast, and Frederick County to the southwest.</text>
				<template/>
			</lex>
			<entitymap>
				<entity>BRIDGE-1 | Adams_County,_Pennsylvania</entity>
				<entity>AGENT-1 | 11th_Mississippi_Infantry_Monument</entity>
				<entity>PATIENT-1 | Carroll_County,_Maryland</entity>
				<entity>PATIENT-2 | Frederick_County,_Maryland</entity>
			</entitymap>
		</entry>
		<entry category="Monument" eid="Id18" size="3">
			<originaltripleset>
				<otriple>Atatürk_Monument_(İzmir) | designer | Pietro_Canonica</otriple>
				<otriple>Turkey | capital | Ankara</otriple>
				<otriple>Atatürk_Monument_(İzmir) | location | Turkey</otriple>
			</originaltripleset>
			<modifiedtripleset>
				<mtriple>Atatürk_Monument_(İzmir) | designer | Pietro_Canonica</mtriple>
				<mtriple>Turkey | capital | Ankara</mtriple>
				<mtriple>Atatürk_Monument_(İzmir) | location | Turkey</mtriple>
			</modifiedtripleset>
			<lex comment="good" lid="Id1">
				<text>The Atatürk Monument (İzmir) was designed by Pietro Canonnica, and can be found in Turkey, where the capital is Ankara.</text>
				<template>AGENT-1 was designed by PATIENT-1 , and can be found in BRIDGE-1 , where the capital is PATIENT-2 .</template>
			</lex>
			<lex comment="good" lid="Id2">
				<text>Pietro Canonica is the designer of the Ataturk Monument (Izmir) in Turkey, where the capital is Ankara.</text>
				<template>PATIENT-1 is the designer of AGENT-1 in BRIDGE-1 , where the capital is PATIENT-2 .</template>
			</lex>
			<entitymap>
				<entity>BRIDGE-1 | Turkey</entity>
				<entity>AGENT-1 | Atatürk_Monument_(İzmir)</entity>
				<entity>PATIENT-1 | Pietro_Canonica</entity>
				<entity>PATIENT-2 | Ankara</entity>
			</entitymap>
		</entry>
		<entry category="Monument" eid="Id19" size="3">
			<originaltripleset>
				<otriple>Atatürk_Monument_(İzmir) | open | &quot;1932-07-27&quot;^^xsd:date</otriple>
				<otriple>Atatürk_Monument_(İzmir) | location | Turkey</otriple>
				<otriple>Atatürk_Monument_(İzmir) | designer | Pietro_Canonica</otriple>
			</originaltripleset>
			<modifiedtripleset>
				<mtriple>Atatürk_Monument_(İzmir) | inaugurationDate | &quot;1932-07-27&quot;</mtriple>
				<mtriple>Atatürk_Monument_(İzmir) | location | Turkey</mtriple>
				<mtriple>Atatürk_Monument_(İzmir) | designer | Pietro_Canonica</mtriple>
			</modifiedtripleset>
			<lex comment="good" lid="Id1">
				<text>The Pietro Canonica designed Ataturk Monument was inaugurated on 27th July, 1932 and is located in Turkey.</text>
				<template>PATIENT-3 designed AGENT-1 was inaugurated on PATIENT-1 and is located in PATIENT-2 .</template>
			</lex>
			<lex comment="good" lid="Id2">
				<text>Pietro Canonica designed the Ataturk monument which is located in Izmir, Turkey. It was inaugurated on 27 July 1932.</text>
				<template>PATIENT-3 designed AGENT-1 which is located in PATIENT-2 . AGENT-1 was inaugurated on PATIENT-1 .</template>
			</lex>
			<lex comment="good" lid="Id3">
				<text>The Ataturk Monument in Turkey, designed by Pietro Canonica, was inaugurated on the 1932-07-27.</text>
				<template>AGENT-1 in PATIENT-2 , designed by PATIENT-3 , was inaugurated on PATIENT-1 .</template>
			</lex>
			<entitymap>
				<entity>AGENT-1 | Atatürk_Monument_(İzmir)</entity>
				<entity>PATIENT-1 | &quot;1932-07-27&quot;</entity>
				<entity>PATIENT-3 | Pietro_Canonica</entity>
				<entity>PATIENT-2 | Turkey</entity>
			</entitymap>
		</entry>
		<entry category="Monument" eid="Id20" size="3">
			<originaltripleset>
				<otriple>Atatürk_Monument_(İzmir) | open | &quot;1932-07-27&quot;^^xsd:date</otriple>
				<otriple>Atatürk_Monument_(İzmir) | location | Turkey</otriple>
				<otriple>Atatürk_Monument_(İzmir) | material | &quot;Bronze&quot;@en</otriple>
			</originaltripleset>
			<modifiedtripleset>
				<mtriple>Atatürk_Monument_(İzmir) | inaugurationDate | &quot;1932-07-27&quot;</mtriple>
				<mtriple>Atatürk_Monument_(İzmir) | location | Turkey</mtriple>
				<mtriple>Atatürk_Monument_(İzmir) | material | &quot;Bronze&quot;</mtriple>
			</modifiedtripleset>
			<lex comment="good" lid="Id1">
				<text>The inauguration date of the Atatürk Monument, made of Bronze, in Izmir is the 27th of July, 1932 and located in İzmir, Turkey.</text>
				<template>The inauguration date of AGENT-1 , made of PATIENT-3 , is PATIENT-1 and located in PATIENT-2 .</template>
			</lex>
			<lex comment="good" lid="Id2">
				<text>The bronze Ataturk monument is located in Izmir, Turkey and was inaugurated on 27 July 1932.</text>
				<template>The PATIENT-3 AGENT-1 is located in PATIENT-2 and was inaugurated on PATIENT-1 .</template>
			</lex>
			<entitymap>
				<entity>AGENT-1 | Atatürk_Monument_(İzmir)</entity>
				<entity>PATIENT-1 | &quot;1932-07-27&quot;</entity>
				<entity>PATIENT-3 | &quot;Bronze&quot;</entity>
				<entity>PATIENT-2 | Turkey</entity>
			</entitymap>
		</entry>
		<entry category="Monument" eid="Id21" size="3">
			<originaltripleset>
				<otriple>Azerbaijan | capital | Baku</otriple>
				<otriple>Baku_Turkish_Martyrs'_Memorial | location | Azerbaijan</otriple>
				<otriple>Azerbaijan | leaderName | Artur_Rasizade</otriple>
			</originaltripleset>
			<modifiedtripleset>
				<mtriple>Azerbaijan | capital | Baku</mtriple>
				<mtriple>Baku_Turkish_Martyrs'_Memorial | location | Azerbaijan</mtriple>
				<mtriple>Azerbaijan | leaderName | Artur_Rasizade</mtriple>
			</modifiedtripleset>
			<lex comment="good" lid="Id1">
				<text>The Baku Turkish Martyr's Memorial is located in the capital city Baku in Azerbaijan where its leader is Artur Rasizade.</text>
				<template>AGENT-1 is located in PATIENT-1 in BRIDGE-1 where BRIDGE-1 leader is PATIENT-2 .</template>
			</lex>
			<lex comment="good" lid="Id2">
				<text>Artur Rasizade is the leader of Azerbaijan. The capital is Baku where the Turkish martyrs memorial is located.</text>
				<template>PATIENT-2 is the leader of BRIDGE-1 . The capital is PATIENT-1 where AGENT-1 is located .</template>
			</lex>
			<lex comment="good" lid="Id3">
				<text>The Baku Turkish Martyr's Memorial is located in Baku, the capital of Azerbaijan, lead by Artur Rasizade.</text>
				<template>AGENT-1 is located in PATIENT-1 , the capital of BRIDGE-1 , lead by PATIENT-2 .</template>
			</lex>
			<entitymap>
				<entity>BRIDGE-1 | Azerbaijan</entity>
				<entity>AGENT-1 | Baku_Turkish_Martyrs_Memorial</entity>
				<entity>PATIENT-1 | Baku</entity>
				<entity>PATIENT-2 | Artur_Rasizade</entity>
			</entitymap>
		</entry>
		<entry category="Monument" eid="Id22" size="3">
			<originaltripleset>
				<otriple>Azerbaijan | leaderTitle | Prime_Minister_of_Azerbaijan</otriple>
				<otriple>Baku_Turkish_Martyrs'_Memorial | location | Azerbaijan</otriple>
				<otriple>Azerbaijan | leaderName | Artur_Rasizade</otriple>
			</originaltripleset>
			<modifiedtripleset>
				<mtriple>Azerbaijan | leaderTitle | Prime_Minister_of_Azerbaijan</mtriple>
				<mtriple>Baku_Turkish_Martyrs'_Memorial | location | Azerbaijan</mtriple>
				<mtriple>Azerbaijan | leaderName | Artur_Rasizade</mtriple>
			</modifiedtripleset>
			<lex comment="good" lid="Id1">
				<text>The Turkish martyrs memorial is located in Baku, Azerbaijan, which has Artur Rasizade as its Prime Minister and leader.</text>
				<template>AGENT-1 is located in BRIDGE-1 , which has PATIENT-2 as PATIENT-1 .</template>
			</lex>
			<lex comment="good" lid="Id2">
				<text>The Baku Turkish Martyrs' Memorial is found in Azerbaijan, a country led by the Prime Minister Artur Rasizade.</text>
				<template>AGENT-1 is found in BRIDGE-1 , a country led by PATIENT-2 .</template>
			</lex>
			<entitymap>
				<entity>BRIDGE-1 | Azerbaijan</entity>
				<entity>AGENT-1 | Baku_Turkish_Martyrs_Memorial</entity>
				<entity>PATIENT-1 | Prime_Minister_of_Azerbaijan</entity>
				<entity>PATIENT-2 | Artur_Rasizade</entity>
			</entitymap>
		</entry>
		<entry category="Monument" eid="Id23" size="3">
			<originaltripleset>
				<otriple>Azerbaijan | leaderTitle | Prime_Minister_of_Azerbaijan</otriple>
				<otriple>Baku_Turkish_Martyrs'_Memorial | location | Azerbaijan</otriple>
				<otriple>Baku_Turkish_Martyrs'_Memorial | designer | &quot;Hüseyin Bütüner and Hilmi Güner&quot;@en</otriple>
			</originaltripleset>
			<modifiedtripleset>
				<mtriple>Azerbaijan | leaderTitle | Prime_Minister_of_Azerbaijan</mtriple>
				<mtriple>Baku_Turkish_Martyrs'_Memorial | location | Azerbaijan</mtriple>
				<mtriple>Baku_Turkish_Martyrs'_Memorial | designer | &quot;Hüseyin Bütüner and Hilmi Güner&quot;</mtriple>
			</modifiedtripleset>
			<lex comment="good" lid="Id1">
				<text>Huseyin Butuner and Hilmi Guner designed the Baku Turkish Martyrs memorial which is located in Azerbaijan. The official title of the leader of that country is the Prime Minister of Azerbaijan.</text>
				<template>PATIENT-2 designed AGENT-1 which is located in BRIDGE-1 . The official title of the leader of BRIDGE-1 is PATIENT-1 .</template>
			</lex>
			<lex comment="good" lid="Id2">
				<text>The Baku Turkish Martyrs' Memorial, designed by Huseyin Butuner and Hilmi Guner, is located in Azerbaijan, where the title of the leader is Prime Minister of Azerbaijan.</text>
				<template>AGENT-1 , designed by PATIENT-2 , is located in BRIDGE-1 , where the title of the leader is PATIENT-1 .</template>
			</lex>
			<entitymap>
				<entity>BRIDGE-1 | Azerbaijan</entity>
				<entity>AGENT-1 | Baku_Turkish_Martyrs_Memorial</entity>
				<entity>PATIENT-1 | Prime_Minister_of_Azerbaijan</entity>
				<entity>PATIENT-2 | &quot;Hüseyin Bütüner and Hilmi Güner&quot;</entity>
			</entitymap>
		</entry>
		<entry category="Monument" eid="Id24" size="3">
			<originaltripleset>
				<otriple>Baku_Turkish_Martyrs'_Memorial | dedicatedTo | &quot;Ottoman Army soldiers killed in the Battle of Baku&quot;@en</otriple>
				<otriple>Baku_Turkish_Martyrs'_Memorial | designer | &quot;Hüseyin Bütüner and Hilmi Güner&quot;@en</otriple>
				<otriple>Baku_Turkish_Martyrs'_Memorial | material | &quot;Red granite and white marble&quot;@en</otriple>
			</originaltripleset>
			<modifiedtripleset>
				<mtriple>Baku_Turkish_Martyrs'_Memorial | dedicatedTo | &quot;Ottoman Army soldiers killed in the Battle of Baku&quot;</mtriple>
				<mtriple>Baku_Turkish_Martyrs'_Memorial | designer | &quot;Hüseyin Bütüner and Hilmi Güner&quot;</mtriple>
				<mtriple>Baku_Turkish_Martyrs'_Memorial | material | &quot;Red granite and white marble&quot;</mtriple>
			</modifiedtripleset>
			<lex comment="good" lid="Id1">
				<text>Huseyin Butuner and Hilmi Guner designed the Baku Turkish Martyrs memorial in red granite and white marble. It is dedicated to the soldiers of the Ottoman army who died in the battle of Baku.</text>
				<template>PATIENT-2 designed AGENT-1 in PATIENT-3 . AGENT-1 is dedicated to PATIENT-1 .</template>
			</lex>
			<lex comment="good" lid="Id2">
				<text>Huseyin Butuner and Hilmi Guner designed the Baku Turkish Martyrs memorial in red granite and white marble. It is dedicated to the Ottoman Army soldiers who died in the battle of Baku.</text>
				<template>PATIENT-2 designed AGENT-1 in PATIENT-3 . AGENT-1 is dedicated to PATIENT-1 .</template>
			</lex>
			<lex comment="good" lid="Id3">
				<text>The Baku Turkish Martyrs' Memorial, designed by Huseyin Butuner and Hilmi Guner, is made from red granite and white marble, and is dedicated to the Ottoman Army Soldiers killed in the Battle of Baku.</text>
				<template>AGENT-1 , designed by PATIENT-2 , is made from PATIENT-3 , and is dedicated to PATIENT-1 .</template>
			</lex>
			<entitymap>
				<entity>AGENT-1 | Baku_Turkish_Martyrs_Memorial</entity>
				<entity>PATIENT-1 | &quot;Ottoman Army soldiers killed in the Battle of Baku&quot;</entity>
				<entity>PATIENT-3 | &quot;Red granite and white marble&quot;</entity>
				<entity>PATIENT-2 | &quot;Hüseyin Bütüner and Hilmi Güner&quot;</entity>
			</entitymap>
		</entry>
		<entry category="Monument" eid="Id25" size="3">
			<originaltripleset>
				<otriple>Baku_Turkish_Martyrs'_Memorial | location | Azerbaijan</otriple>
				<otriple>Baku_Turkish_Martyrs'_Memorial | nativeName | &quot;Türk Şehitleri Anıtı&quot;@en</otriple>
				<otriple>Baku_Turkish_Martyrs'_Memorial | material | &quot;Red granite and white marble&quot;@en</otriple>
			</originaltripleset>
			<modifiedtripleset>
				<mtriple>Baku_Turkish_Martyrs'_Memorial | location | Azerbaijan</mtriple>
				<mtriple>Baku_Turkish_Martyrs'_Memorial | nativeName | &quot;Türk Şehitleri Anıtı&quot;</mtriple>
				<mtriple>Baku_Turkish_Martyrs'_Memorial | material | &quot;Red granite and white marble&quot;</mtriple>
			</modifiedtripleset>
			<lex comment="good" lid="Id1">
				<text>The Baku Turkish Martyrs memorial is made of red granite and white marble and can be found in Azerbaijan. It is also known as Turk Sehitleri Aniti.</text>
				<template>AGENT-1 is made of PATIENT-3 and can be found in PATIENT-1 . AGENT-1 is also known as PATIENT-2 .</template>
			</lex>
			<lex comment="good" lid="Id2">
				<text>The red granite and white marble Baku Turkish Martyrs memorial, the native name being Turk Sehitleri Aniti, is found in Azerbaijan.</text>
				<template>The PATIENT-3 AGENT-1 , the native name being PATIENT-2 , is found in PATIENT-1 .</template>
			</lex>
			<lex comment="good" lid="Id3">
				<text>The red granite and white marble Baku Turkish Martyrs' Memorial is located in Azerbaijan, where its local name is Turk Sehitleri Aniti.</text>
				<template>The PATIENT-3 AGENT-1 is located in PATIENT-1 , where AGENT-1 local name is PATIENT-2 .</template>
			</lex>
			<entitymap>
				<entity>AGENT-1 | Baku_Turkish_Martyrs_Memorial</entity>
				<entity>PATIENT-1 | Azerbaijan</entity>
				<entity>PATIENT-3 | &quot;Red granite and white marble&quot;</entity>
				<entity>PATIENT-2 | &quot;Türk Şehitleri Anıtı&quot;</entity>
			</entitymap>
		</entry>
		<entry category="Monument" eid="Id26" size="3">
			<originaltripleset>
				<otriple>Baku_Turkish_Martyrs'_Memorial | nativeName | &quot;Türk Şehitleri Anıtı&quot;@en</otriple>
				<otriple>Baku_Turkish_Martyrs'_Memorial | designer | &quot;Hüseyin Bütüner and Hilmi Güner&quot;@en</otriple>
				<otriple>Baku_Turkish_Martyrs'_Memorial | material | &quot;Red granite and white marble&quot;@en</otriple>
			</originaltripleset>
			<modifiedtripleset>
				<mtriple>Baku_Turkish_Martyrs'_Memorial | nativeName | &quot;Türk Şehitleri Anıtı&quot;</mtriple>
				<mtriple>Baku_Turkish_Martyrs'_Memorial | designer | &quot;Hüseyin Bütüner and Hilmi Güner&quot;</mtriple>
				<mtriple>Baku_Turkish_Martyrs'_Memorial | material | &quot;Red granite and white marble&quot;</mtriple>
			</modifiedtripleset>
			<lex comment="good" lid="Id1">
				<text>Huseyin Butuner and Hilmi Guner designed the Baku Turkish Martyrs memorial from red granite and white marble. The native name for this memorial is Turk Sehitleri Aniti.</text>
				<template>PATIENT-2 designed AGENT-1 from PATIENT-3 . The native name for AGENT-1 is PATIENT-1 .</template>
			</lex>
			<lex comment="good" lid="Id2">
				<text>Huseyin Butuner and Hilmi Guner designed the Baku Turkish Martyrs memorial in red granite and white marble. The native name of the memorial is Turk Sehitleri Aniti.</text>
				<template>PATIENT-2 designed AGENT-1 in PATIENT-3 . The native name of AGENT-1 is PATIENT-1 .</template>
			</lex>
			<lex comment="good" lid="Id3">
				<text>The Baku Turkish Martyrs Memorial was designed in red granite and white marble by Hüseyin Bütüner and Hilmi Güner, and is known in Turkish as Turk Sehitleri Aniti.</text>
				<template>AGENT-1 was designed in PATIENT-3 by PATIENT-2 , and is known as PATIENT-1 .</template>
			</lex>
			<entitymap>
				<entity>AGENT-1 | Baku_Turkish_Martyrs_Memorial</entity>
				<entity>PATIENT-1 | &quot;Türk Şehitleri Anıtı&quot;</entity>
				<entity>PATIENT-3 | &quot;Red granite and white marble&quot;</entity>
				<entity>PATIENT-2 | &quot;Hüseyin Bütüner and Hilmi Güner&quot;</entity>
			</entitymap>
		</entry>
		<entry category="Monument" eid="Id27" size="3">
			<originaltripleset>
				<otriple>Dead_Man's_Plack | location | England</otriple>
				<otriple>Dead_Man's_Plack | dedicatedTo | Æthelwald,_Ealdorman_of_East_Anglia</otriple>
				<otriple>Dead_Man's_Plack | material | Rock_(geology)</otriple>
			</originaltripleset>
			<modifiedtripleset>
				<mtriple>Dead_Man's_Plack | location | England</mtriple>
				<mtriple>Dead_Man's_Plack | dedicatedTo | Æthelwald,_Ealdorman_of_East_Anglia</mtriple>
				<mtriple>Dead_Man's_Plack | material | Rock_(geology)</mtriple>
			</modifiedtripleset>
			<lex comment="good" lid="Id1">
				<text>The Dead Man's Plack in England, made with rock, is dedicated to Æthelwald, Ealdorman of East Anglia.</text>
				<template>AGENT-1 in PATIENT-1 , made with PATIENT-3 , is dedicated to PATIENT-2 .</template>
			</lex>
			<lex comment="good" lid="Id2">
				<text>Dead Man's Plack in England is made of rock and dedicated to Ethelwald, Ealdorman of East Anglia.</text>
				<template>AGENT-1 in PATIENT-1 is made of PATIENT-3 and dedicated to PATIENT-2 .</template>
			</lex>
			<entitymap>
				<entity>AGENT-1 | Dead_Mans_Plack</entity>
				<entity>PATIENT-1 | England</entity>
				<entity>PATIENT-3 | Rock_(geology)</entity>
				<entity>PATIENT-2 | Æthelwald,_Ealdorman_of_East_Anglia</entity>
			</entitymap>
		</entry>
		<entry category="Monument" eid="Id28" size="3">
			<originaltripleset>
				<otriple>Dead_Man's_Plack | location | England</otriple>
				<otriple>Dead_Man's_Plack | dedicatedTo | Æthelwald,_Ealdorman_of_East_Anglia</otriple>
				<otriple>England | languages | Cornish_language</otriple>
			</originaltripleset>
			<modifiedtripleset>
				<mtriple>Dead_Man's_Plack | location | England</mtriple>
				<mtriple>Dead_Man's_Plack | dedicatedTo | Æthelwald,_Ealdorman_of_East_Anglia</mtriple>
				<mtriple>England | languages | Cornish_language</mtriple>
			</modifiedtripleset>
			<lex comment="good" lid="Id1">
				<text>Dead Man's Plack, which is located in England is dedicated to Ethelwald, Ealdorman of East Anglia. England is also home of the Cornish language which is still spoken.</text>
				<template>AGENT-1 , which is located in BRIDGE-1 is dedicated to PATIENT-1 . BRIDGE-1 is also home of PATIENT-2 which is still spoken .</template>
			</lex>
			<lex comment="good" lid="Id2">
				<text>The Dead Man's Plack, dedicated to Æthelwald, Ealdorman of East Anglia, is located in England, where one of the languages spoken is Cornish (in the Cornwall region).</text>
				<template>AGENT-1 , dedicated to PATIENT-1 , is located in BRIDGE-1 , where one of the languages spoken is PATIENT-2 .</template>
			</lex>
			<lex comment="good" lid="Id3">
				<text>The Dead Man's Plack, dedicated to Æthelwald, Ealdorman of East Anglia, is located in England, where the Cornish language is spoken.</text>
				<template>AGENT-1 , dedicated to PATIENT-1 , is located in BRIDGE-1 , where PATIENT-2 is spoken .</template>
			</lex>
			<entitymap>
				<entity>BRIDGE-1 | England</entity>
				<entity>AGENT-1 | Dead_Mans_Plack</entity>
				<entity>PATIENT-1 | Æthelwald,_Ealdorman_of_East_Anglia</entity>
				<entity>PATIENT-2 | Cornish_language</entity>
			</entitymap>
		</entry>
		<entry category="Monument" eid="Id29" size="3">
			<originaltripleset>
				<otriple>Dead_Man's_Plack | location | England</otriple>
				<otriple>England | capital | London</otriple>
				<otriple>Dead_Man's_Plack | dedicatedTo | Æthelwald,_Ealdorman_of_East_Anglia</otriple>
			</originaltripleset>
			<modifiedtripleset>
				<mtriple>Dead_Man's_Plack | location | England</mtriple>
				<mtriple>England | capital | London</mtriple>
				<mtriple>Dead_Man's_Plack | dedicatedTo | Æthelwald,_Ealdorman_of_East_Anglia</mtriple>
			</modifiedtripleset>
			<lex comment="good" lid="Id1">
				<text>The Dead Man's Plack is found in England (capital: London), and is dedicated to Æthelwald, Ealdorman of East Anglia.</text>
				<template>AGENT-1 is found in BRIDGE-1 (capital : PATIENT-1) , and is dedicated to PATIENT-2 .</template>
			</lex>
			<entitymap>
				<entity>BRIDGE-1 | England</entity>
				<entity>AGENT-1 | Dead_Mans_Plack</entity>
				<entity>PATIENT-1 | London</entity>
				<entity>PATIENT-2 | Æthelwald,_Ealdorman_of_East_Anglia</entity>
			</entitymap>
		</entry>
		<entry category="Monument" eid="Id30" size="3">
			<originaltripleset>
				<otriple>Dead_Man's_Plack | location | England</otriple>
				<otriple>England | ethnicGroups | British_Arabs</otriple>
				<otriple>England | capital | London</otriple>
			</originaltripleset>
			<modifiedtripleset>
				<mtriple>Dead_Man's_Plack | location | England</mtriple>
				<mtriple>England | ethnicGroups | British_Arabs</mtriple>
				<mtriple>England | capital | London</mtriple>
			</modifiedtripleset>
			<lex comment="good" lid="Id1">
				<text>One of the ethnic groups in England is the British Arabs. The capital of England is London and England is also the home of Dead Mans Plack.</text>
				<template>One of the ethnic groups in BRIDGE-1 is PATIENT-1 . The capital of BRIDGE-1 is PATIENT-2 and BRIDGE-1 is also the home of AGENT-1 .</template>
			</lex>
			<lex comment="good" lid="Id2">
				<text>The British Arabs, an English ethnic group, went to visit the DeadMan's Plack, a monument near the capital city of London.</text>
				<template>PATIENT-1 , an BRIDGE-1 ethnic group , went to visit AGENT-1 , a monument near the capital city of PATIENT-2 .</template>
			</lex>
			<lex comment="good" lid="Id3">
				<text>The Dead Man's Plack is located in England whose capital is London; the British Arabs are an English ethnic group.</text>
				<template>AGENT-1 is located in BRIDGE-1 whose capital is PATIENT-2 ; PATIENT-1 are an BRIDGE-1 ethnic group .</template>
			</lex>
			<entitymap>
				<entity>BRIDGE-1 | England</entity>
				<entity>AGENT-1 | Dead_Mans_Plack</entity>
				<entity>PATIENT-1 | British_Arabs</entity>
				<entity>PATIENT-2 | London</entity>
			</entitymap>
		</entry>
		<entry category="Monument" eid="Id31" size="3">
			<originaltripleset>
				<otriple>Dead_Man's_Plack | location | England</otriple>
				<otriple>England | ethnicGroups | British_Arabs</otriple>
				<otriple>England | languages | Cornish_language</otriple>
			</originaltripleset>
			<modifiedtripleset>
				<mtriple>Dead_Man's_Plack | location | England</mtriple>
				<mtriple>England | ethnicGroups | British_Arabs</mtriple>
				<mtriple>England | languages | Cornish_language</mtriple>
			</modifiedtripleset>
			<lex comment="good" lid="Id1">
				<text>England is a country where Cornish is spoken in the Cornwall region, British Arabs are an ethnic group and Dead Man's Plack is found.</text>
				<template/>
			</lex>
			<lex comment="good" lid="Id2">
				<text>The Cornish language is still spoken in England where one can find Dead Man's Plack. One of the ethnic groups to be found in England is that of the British Arabs.</text>
				<template>PATIENT-2 is still spoken in BRIDGE-1 where one can find AGENT-1 . One of the ethnic groups to be found in BRIDGE-1 is that of PATIENT-1 .</template>
			</lex>
			<lex comment="good" lid="Id3">
				<text>The Dead Man's Plack is in England, a country which includes the ethnic group of British Arabs, and has Cornish as one of its languages.</text>
				<template>AGENT-1 is in BRIDGE-1 , a country which includes the ethnic group of PATIENT-1 , and has PATIENT-2 as one of BRIDGE-1 languages .</template>
			</lex>
			<entitymap>
				<entity>BRIDGE-1 | England</entity>
				<entity>AGENT-1 | Dead_Mans_Plack</entity>
				<entity>PATIENT-1 | British_Arabs</entity>
				<entity>PATIENT-2 | Cornish_language</entity>
			</entitymap>
		</entry>
		<entry category="Monument" eid="Id32" size="3">
			<originaltripleset>
				<otriple>Dead_Man's_Plack | location | England</otriple>
				<otriple>England | religion | Church_of_England</otriple>
				<otriple>Dead_Man's_Plack | material | Rock_(geology)</otriple>
			</originaltripleset>
			<modifiedtripleset>
				<mtriple>Dead_Man's_Plack | location | England</mtriple>
				<mtriple>England | religion | Church_of_England</mtriple>
				<mtriple>Dead_Man's_Plack | material | Rock_(geology)</mtriple>
			</modifiedtripleset>
			<lex comment="good" lid="Id1">
				<text>Dead Man's Plack, made of rock, is in England, where the established religion in England is The Church of England.</text>
				<template>AGENT-1 , made of PATIENT-2 , is in BRIDGE-1 , where the established religion in BRIDGE-1 is PATIENT-1 .</template>
			</lex>
			<lex comment="good" lid="Id2">
				<text>Dead Man's Plack is a rock formation found in England where the established religion is The Church of England.</text>
				<template>AGENT-1 is PATIENT-2 found in BRIDGE-1 where the established religion is PATIENT-1 .</template>
			</lex>
			<lex comment="good" lid="Id3">
				<text>Dead Mans Plack is made of rock and located in England where the established religion is The Church of England.</text>
				<template>AGENT-1 is made of PATIENT-2 and located in BRIDGE-1 where the established religion is PATIENT-1 .</template>
			</lex>
			<entitymap>
				<entity>BRIDGE-1 | England</entity>
				<entity>AGENT-1 | Dead_Mans_Plack</entity>
				<entity>PATIENT-1 | Church_of_England</entity>
				<entity>PATIENT-2 | Rock_(geology)</entity>
			</entitymap>
		</entry>
		<entry category="Monument" eid="Id33" size="3">
			<originaltripleset>
				<otriple>Monocacy_National_Battlefield | location | Frederick_County,_Maryland</otriple>
				<otriple>14th_New_Jersey_Volunteer_Infantry_Monument | category | Historic_districts_in_the_United_States</otriple>
				<otriple>14th_New_Jersey_Volunteer_Infantry_Monument | district | Monocacy_National_Battlefield</otriple>
			</originaltripleset>
			<modifiedtripleset>
				<mtriple>Monocacy_National_Battlefield | location | Frederick_County,_Maryland</mtriple>
				<mtriple>14th_New_Jersey_Volunteer_Infantry_Monument | category | Historic_districts_in_the_United_States</mtriple>
				<mtriple>14th_New_Jersey_Volunteer_Infantry_Monument | district | Monocacy_National_Battlefield</mtriple>
			</modifiedtripleset>
			<lex comment="good" lid="Id1">
				<text>Frederick Maryland is the location of the Monocacy National Battlefield. The Battlefield is the location of the 14th New Jersey Volunteer Infantry Monument and is categorised as a historic district of the US.</text>
				<template>PATIENT-1 is the location of BRIDGE-1 . BRIDGE-1 is the location of AGENT-1 and is categorised as PATIENT-2 .</template>
			</lex>
			<lex comment="good" lid="Id2">
				<text>The 14th New Jersey Volunteer Infantry Monument, a historical district in the United States, is located in the district of the Monocracy National Battlefield in Frederick County, Maryland.</text>
				<template>AGENT-1 , PATIENT-2 , is located in the district of BRIDGE-1 in PATIENT-1 .</template>
			</lex>
			<lex comment="good" lid="Id3">
				<text>The 14th New Jersey Volunteer Infantry Monument, located on the Monocacy National Battlefield in Frederick County, Maryland, is categorised as a historic district in the United States.</text>
				<template>AGENT-1 , located on BRIDGE-1 in PATIENT-1 , is categorised as PATIENT-2 .</template>
			</lex>
			<entitymap>
				<entity>BRIDGE-1 | Monocacy_National_Battlefield</entity>
				<entity>AGENT-1 | 14th_New_Jersey_Volunteer_Infantry_Monument</entity>
				<entity>PATIENT-1 | Frederick_County,_Maryland</entity>
				<entity>PATIENT-2 | Historic_districts_in_the_United_States</entity>
			</entitymap>
		</entry>
		<entry category="Monument" eid="Id34" size="3">
			<originaltripleset>
				<otriple>Monocacy_National_Battlefield | location | Frederick_County,_Maryland</otriple>
				<otriple>14th_New_Jersey_Volunteer_Infantry_Monument | district | Monocacy_National_Battlefield</otriple>
				<otriple>Monocacy_National_Battlefield | nearestCity | Frederick,_Maryland</otriple>
			</originaltripleset>
			<modifiedtripleset>
				<mtriple>Monocacy_National_Battlefield | location | Frederick_County,_Maryland</mtriple>
				<mtriple>14th_New_Jersey_Volunteer_Infantry_Monument | district | Monocacy_National_Battlefield</mtriple>
				<mtriple>Monocacy_National_Battlefield | nearestCity | Frederick,_Maryland</mtriple>
			</modifiedtripleset>
			<lex comment="good" lid="Id1">
				<text>Frederick Maryland is the nearest city to the Monocacy National Battlefields. This district is the location of the 14th New Jersey Volunteer Infantry Monument.</text>
				<template>PATIENT-1 is the nearest city to BRIDGE-1 . PATIENT-1 is the location of AGENT-1 .</template>
			</lex>
			<lex comment="good" lid="Id2">
				<text>The 14th New Jersey Volunteer Infantry Monument is located on the Monocacy National Battlefield in Frederick County, Maryland, which is also its nearest city.</text>
				<template>AGENT-1 is located on BRIDGE-1 in PATIENT-1 , which is also PATIENT-2 .</template>
			</lex>
			<entitymap>
				<entity>BRIDGE-1 | Monocacy_National_Battlefield</entity>
				<entity>AGENT-1 | 14th_New_Jersey_Volunteer_Infantry_Monument</entity>
				<entity>PATIENT-1 | Frederick_County,_Maryland</entity>
				<entity>PATIENT-2 | Frederick,_Maryland</entity>
			</entitymap>
		</entry>
		<entry category="Monument" eid="Id35" size="3">
			<originaltripleset>
				<otriple>Turkey | capital | Ankara</otriple>
				<otriple>Atatürk_Monument_(İzmir) | open | &quot;1932-07-27&quot;^^xsd:date</otriple>
				<otriple>Atatürk_Monument_(İzmir) | location | Turkey</otriple>
			</originaltripleset>
			<modifiedtripleset>
				<mtriple>Turkey | capital | Ankara</mtriple>
				<mtriple>Atatürk_Monument_(İzmir) | inaugurationDate | &quot;1932-07-27&quot;</mtriple>
				<mtriple>Atatürk_Monument_(İzmir) | location | Turkey</mtriple>
			</modifiedtripleset>
			<lex comment="good" lid="Id1">
				<text>The Ataturk monument was inaugurated on 27 July 1932 in Izmir, Turkey. The capital of Turkey is Ankara.</text>
				<template>AGENT-1 was inaugurated on PATIENT-2 in BRIDGE-1 . The capital of BRIDGE-1 is PATIENT-1 .</template>
			</lex>
			<lex comment="good" lid="Id2">
				<text>The Atatürk Monument (inaugurated July 27th, 1932) is located in İzmir, Turkey, where the capital city is Ankara.</text>
				<template>AGENT-1 (inaugurated PATIENT-2) is located in BRIDGE-1 , where the capital city is PATIENT-1 .</template>
			</lex>
			<lex comment="good" lid="Id3">
				<text>The Atatürk Monument in Izmir was inaugurated on the 27th of July, 1932, and is found in Turkey (capital: Ankara).</text>
				<template>AGENT-1 was inaugurated on PATIENT-2 , and is found in BRIDGE-1 (capital : PATIENT-1) .</template>
			</lex>
			<entitymap>
				<entity>BRIDGE-1 | Turkey</entity>
				<entity>AGENT-1 | Atatürk_Monument_(İzmir)</entity>
				<entity>PATIENT-1 | Ankara</entity>
				<entity>PATIENT-2 | &quot;1932-07-27&quot;</entity>
			</entitymap>
		</entry>
		<entry category="Monument" eid="Id36" size="3">
			<originaltripleset>
				<otriple>Turkey | capital | Ankara</otriple>
				<otriple>Turkey | largestCity | Istanbul</otriple>
				<otriple>Atatürk_Monument_(İzmir) | location | Turkey</otriple>
			</originaltripleset>
			<modifiedtripleset>
				<mtriple>Turkey | capital | Ankara</mtriple>
				<mtriple>Turkey | largestCity | Istanbul</mtriple>
				<mtriple>Atatürk_Monument_(İzmir) | location | Turkey</mtriple>
			</modifiedtripleset>
			<lex comment="good" lid="Id1">
				<text>The Ataturk monument (Izmir) is located in Turkey, where the largest city is Istanbul and the capital is Ankara.</text>
				<template>AGENT-1 is located in BRIDGE-1 , where the largest city is PATIENT-2 and the capital is PATIENT-1 .</template>
			</lex>
			<lex comment="good" lid="Id2">
				<text>The Atatürk Monument is located in Turkey, where the capital city is Ankara and the largest city is Istanbul.</text>
				<template>AGENT-1 is located in BRIDGE-1 , where the capital city is PATIENT-1 and the largest city is PATIENT-2 .</template>
			</lex>
			<lex comment="good" lid="Id3">
				<text>The Atatürk Monument is located in İzmir, Turkey, where the capital is Ankara and the largest city is Istanbul.</text>
				<template>AGENT-1 is located in BRIDGE-1 , where the capital is PATIENT-1 and the largest city is PATIENT-2 .</template>
			</lex>
			<entitymap>
				<entity>BRIDGE-1 | Turkey</entity>
				<entity>AGENT-1 | Atatürk_Monument_(İzmir)</entity>
				<entity>PATIENT-1 | Ankara</entity>
				<entity>PATIENT-2 | Istanbul</entity>
			</entitymap>
		</entry>
		<entry category="Monument" eid="Id37" size="3">
			<originaltripleset>
				<otriple>Turkey | largestCity | Istanbul</otriple>
				<otriple>Turkey | currency | Turkish_lira</otriple>
				<otriple>Atatürk_Monument_(İzmir) | location | Turkey</otriple>
			</originaltripleset>
			<modifiedtripleset>
				<mtriple>Turkey | largestCity | Istanbul</mtriple>
				<mtriple>Turkey | currency | Turkish_lira</mtriple>
				<mtriple>Atatürk_Monument_(İzmir) | location | Turkey</mtriple>
			</modifiedtripleset>
			<lex comment="toFix" lid="Id1">
				<text>Turkey's largest city is Istanbul, it's currency is the lira and has the Ataturk Monument in Izmir.</text>
				<template>BRIDGE-1 largest city is PATIENT-1 , BRIDGE-1 currency is PATIENT-2 and has AGENT-1 .</template>
			</lex>
			<lex comment="good" lid="Id2">
				<text>Istanbul is the largest city in Turkey but the Ataturk monument is located in Izmir. The Turkish currency is known as the Turkish lira.</text>
				<template>PATIENT-1 is the largest city in BRIDGE-1 but AGENT-1 . The BRIDGE-1 currency is known as PATIENT-2 .</template>
			</lex>
			<entitymap>
				<entity>BRIDGE-1 | Turkey</entity>
				<entity>AGENT-1 | Atatürk_Monument_(İzmir)</entity>
				<entity>PATIENT-1 | Istanbul</entity>
				<entity>PATIENT-2 | Turkish_lira</entity>
			</entitymap>
		</entry>
		<entry category="Monument" eid="Id38" size="3">
			<originaltripleset>
				<otriple>Turkey | leader | Ahmet_Davutoğlu</otriple>
				<otriple>Atatürk_Monument_(İzmir) | material | &quot;Bronze&quot;@en</otriple>
				<otriple>Atatürk_Monument_(İzmir) | location | Turkey</otriple>
			</originaltripleset>
			<modifiedtripleset>
				<mtriple>Turkey | leader | Ahmet_Davutoğlu</mtriple>
				<mtriple>Atatürk_Monument_(İzmir) | material | &quot;Bronze&quot;</mtriple>
				<mtriple>Atatürk_Monument_(İzmir) | location | Turkey</mtriple>
			</modifiedtripleset>
			<lex comment="good" lid="Id1">
				<text>Turkey, where the leader is Ahmet Davutoglu, is the location of the bronze Ataturk monument in Izmir.</text>
				<template>BRIDGE-1 , where the leader is PATIENT-1 , is the location of AGENT-1 .</template>
			</lex>
			<lex comment="good" lid="Id2">
				<text>The bronze Atatürk Monument (İzmir) is found in Turkey, where the leader is Ahmet Davutoglu.</text>
				<template>AGENT-1 is found in BRIDGE-1 , where the leader is PATIENT-1 .</template>
			</lex>
			<entitymap>
				<entity>BRIDGE-1 | Turkey</entity>
				<entity>AGENT-1 | Atatürk_Monument_(İzmir)</entity>
				<entity>PATIENT-1 | Ahmet_Davutoğlu</entity>
				<entity>PATIENT-2 | &quot;Bronze&quot;</entity>
			</entitymap>
		</entry>
		<entry category="Monument" eid="Id39" size="3">
			<originaltripleset>
				<otriple>Turkey | leaderName | Ahmet_Davutoğlu</otriple>
				<otriple>Atatürk_Monument_(İzmir) | material | &quot;Bronze&quot;@en</otriple>
				<otriple>Atatürk_Monument_(İzmir) | location | Turkey</otriple>
			</originaltripleset>
			<modifiedtripleset>
				<mtriple>Turkey | leaderName | Ahmet_Davutoğlu</mtriple>
				<mtriple>Atatürk_Monument_(İzmir) | material | &quot;Bronze&quot;</mtriple>
				<mtriple>Atatürk_Monument_(İzmir) | location | Turkey</mtriple>
			</modifiedtripleset>
			<lex comment="good" lid="Id1">
				<text>The bronze Atatürk momument is in Turkey, where the leader is Ahmet Davutoğlu.</text>
				<template>The PATIENT-2 AGENT-1 is in BRIDGE-1 , where the leader is PATIENT-1 .</template>
			</lex>
			<lex comment="good" lid="Id2">
				<text>The Atatürk Monument made of bronze is located in İzmir, Turkey, whose leader is Ahmet Davutoğlu.</text>
				<template>AGENT-1 made of PATIENT-2 is located in BRIDGE-1 , whose leader is PATIENT-1 .</template>
			</lex>
			<entitymap>
				<entity>BRIDGE-1 | Turkey</entity>
				<entity>AGENT-1 | Atatürk_Monument_(İzmir)</entity>
				<entity>PATIENT-1 | Ahmet_Davutoğlu</entity>
				<entity>PATIENT-2 | &quot;Bronze&quot;</entity>
			</entitymap>
		</entry>
		<entry category="Monument" eid="Id40" size="3">
			<originaltripleset>
				<otriple>Turkey | leaderName | Ahmet_Davutoğlu</otriple>
				<otriple>Turkey | currency | Turkish_lira</otriple>
				<otriple>Atatürk_Monument_(İzmir) | location | Turkey</otriple>
			</originaltripleset>
			<modifiedtripleset>
				<mtriple>Turkey | leaderName | Ahmet_Davutoğlu</mtriple>
				<mtriple>Turkey | currency | Turkish_lira</mtriple>
				<mtriple>Atatürk_Monument_(İzmir) | location | Turkey</mtriple>
			</modifiedtripleset>
			<lex comment="good" lid="Id1">
				<text>The Ataturk Monument (Izmir) is located in Turkey, where the leader is Ahmet Davutoglu and the currency is the Turkish Lira.</text>
				<template>AGENT-1 is located in BRIDGE-1 , where the leader is PATIENT-1 and the currency is PATIENT-2 .</template>
			</lex>
			<lex comment="good" lid="Id2">
				<text>The Atatürk Monument is located in İzmir, Turkey, where the leader is Ahmet Davutoğlu and the currency is the lira.</text>
				<template>AGENT-1 is located in BRIDGE-1 , where the leader is PATIENT-1 and the currency is PATIENT-2 .</template>
			</lex>
			<entitymap>
				<entity>BRIDGE-1 | Turkey</entity>
				<entity>AGENT-1 | Atatürk_Monument_(İzmir)</entity>
				<entity>PATIENT-1 | Ahmet_Davutoğlu</entity>
				<entity>PATIENT-2 | Turkish_lira</entity>
			</entitymap>
		</entry>
		<entry category="Monument" eid="Id41" size="3">
			<originaltripleset>
				<otriple>Turkey | leaderTitle | President_of_Turkey</otriple>
				<otriple>Atatürk_Monument_(İzmir) | open | &quot;1932-07-27&quot;^^xsd:date</otriple>
				<otriple>Atatürk_Monument_(İzmir) | location | Turkey</otriple>
			</originaltripleset>
			<modifiedtripleset>
				<mtriple>Turkey | leaderTitle | President_of_Turkey</mtriple>
				<mtriple>Atatürk_Monument_(İzmir) | inaugurationDate | &quot;1932-07-27&quot;</mtriple>
				<mtriple>Atatürk_Monument_(İzmir) | location | Turkey</mtriple>
			</modifiedtripleset>
			<lex comment="good" lid="Id1">
				<text>Turkey, where the official title of the leader is President, is the location of the Ataturk Monument. The monument was inaugurated on 27 July 1932.</text>
				<template>BRIDGE-1 , where the official title of the leader is PATIENT-1 , is the location of AGENT-1 . AGENT-1 was inaugurated on PATIENT-2 .</template>
			</lex>
			<lex comment="good" lid="Id2">
				<text>The Atatürk Monument (İzmir) was inaugurated on July 27th, 1932 and can be found in Turkey, where the title of the leader is President of Turkey.</text>
				<template>AGENT-1 was inaugurated on PATIENT-2 and can be found in BRIDGE-1 , where the title of the leader is PATIENT-1 .</template>
			</lex>
			<lex comment="good" lid="Id3">
				<text>The Atatürk Monument, located in Izmir, Turkey (lead by the President of Turkey), was inaugurated on the 27th of July, 1932.</text>
				<template>AGENT-1 , located in BRIDGE-1 (lead by PATIENT-1) , was inaugurated on PATIENT-2 .</template>
			</lex>
			<entitymap>
				<entity>BRIDGE-1 | Turkey</entity>
				<entity>AGENT-1 | Atatürk_Monument_(İzmir)</entity>
				<entity>PATIENT-1 | President_of_Turkey</entity>
				<entity>PATIENT-2 | &quot;1932-07-27&quot;</entity>
			</entitymap>
		</entry>
		<entry category="Monument" eid="Id42" size="3">
			<originaltripleset>
				<otriple>Turkey | leaderTitle | President_of_Turkey</otriple>
				<otriple>Turkey | leader | Ahmet_Davutoğlu</otriple>
				<otriple>Atatürk_Monument_(İzmir) | location | Turkey</otriple>
			</originaltripleset>
			<modifiedtripleset>
				<mtriple>Turkey | leaderTitle | President_of_Turkey</mtriple>
				<mtriple>Turkey | leader | Ahmet_Davutoğlu</mtriple>
				<mtriple>Atatürk_Monument_(İzmir) | location | Turkey</mtriple>
			</modifiedtripleset>
			<lex comment="good" lid="Id1">
				<text>Ahmet Davutoglu is the President of Turkey. The Ataturk Monument (Izmir) is located in Turkey.</text>
				<template>PATIENT-2 is PATIENT-1 . AGENT-1 is located in BRIDGE-1 .</template>
			</lex>
			<lex comment="good" lid="Id2">
				<text>Ahmet Davutoglu is the leader of Turkey, officially known as the President of Turkey. This country is where the Ataturk monument (Izmir) can be located.</text>
				<template>PATIENT-2 is the leader of BRIDGE-1 , officially known as PATIENT-1 . BRIDGE-1 is where AGENT-1 can be located .</template>
			</lex>
			<lex comment="good" lid="Id3">
				<text>The Atatürk Monument is in Turkey, where Ahmet Davutoglu is the leader and holds the title of President of Turkey.</text>
				<template>AGENT-1 is in BRIDGE-1 , where PATIENT-2 is the leader and holds the title of PATIENT-1 .</template>
			</lex>
			<entitymap>
				<entity>BRIDGE-1 | Turkey</entity>
				<entity>AGENT-1 | Atatürk_Monument_(İzmir)</entity>
				<entity>PATIENT-1 | President_of_Turkey</entity>
				<entity>PATIENT-2 | Ahmet_Davutoğlu</entity>
			</entitymap>
		</entry>
	</entries>
</benchmark>
