<?xml version="1.0" ?>
<benchmark>
	<entries>
		<entry category="Astronaut" eid="Id1" size="1">
			<originaltripleset>
				<otriple>Alan_Bean | almaMater | &quot;UT Austin, B.S. 1955&quot;@en</otriple>
			</originaltripleset>
			<modifiedtripleset>
				<mtriple>Alan_Bean | almaMater | &quot;UT Austin, B.S. 1955&quot;</mtriple>
			</modifiedtripleset>
			<lex comment="toFix" lid="Id1">
				<text>The Alma Mater of Alan Bean is UT Austin, B.S. 1955.</text>
				<template>The Alma Mater of AGENT-1 is PATIENT-1 .</template>
			</lex>
			<lex comment="good" lid="Id2">
				<text>Alan Bean graduated in 1955 from UT Austin with a B.S.</text>
				<template>AGENT-1 graduated from PATIENT-1</template>
			</lex>
			<lex comment="good" lid="Id3">
				<text>Alan Bean graduated from UT Austin in 1955 with a B.S.</text>
				<template>AGENT-1 graduated from PATIENT-1 .</template>
			</lex>
			<lex comment="good" lid="Id4">
				<text>Alan Bean graduated from UT Austin in 1955 with a Bachelor of Science degree.</text>
				<template>AGENT-1 graduated from PATIENT-1 .</template>
			</lex>
			<lex comment="good" lid="Id5">
				<text>Alan Bean received a Bachelor of Science degree at the University of Texas at Austin in 1955.</text>
				<template/>
			</lex>
			<entitymap>
				<entity>AGENT-1 | Alan_Bean</entity>
				<entity>PATIENT-1 | &quot;UT Austin, B.S. 1955&quot;</entity>
			</entitymap>
		</entry>
		<entry category="Astronaut" eid="Id2" size="1">
			<originaltripleset>
				<otriple>Alan_Bean | birthDate | &quot;1932-03-15&quot;^^xsd:date</otriple>
			</originaltripleset>
			<modifiedtripleset>
				<mtriple>Alan_Bean | birthDate | &quot;1932-03-15&quot;</mtriple>
			</modifiedtripleset>
			<lex comment="good" lid="Id1">
				<text>Alan Bean was born on the 15th of March 1932.</text>
				<template>AGENT-1 was born on PATIENT-1 .</template>
			</lex>
			<lex comment="good" lid="Id2">
				<text>Alan Bean was born on Mar 15, 1932.</text>
				<template>AGENT-1 was born on PATIENT-1 .</template>
			</lex>
			<lex comment="good" lid="Id3">
				<text>Alan Bean was born on March 15, 1932.</text>
				<template>AGENT-1 was born on PATIENT-1 .</template>
			</lex>
			<entitymap>
				<entity>AGENT-1 | Alan_Bean</entity>
				<entity>PATIENT-1 | &quot;1932-03-15&quot;</entity>
			</entitymap>
		</entry>
		<entry category="Astronaut" eid="Id3" size="1">
			<originaltripleset>
				<otriple>Alan_Bean | birthName | &quot;Alan LaVern Bean&quot;@en</otriple>
			</originaltripleset>
			<modifiedtripleset>
				<mtriple>Alan_Bean | birthName | &quot;Alan LaVern Bean&quot;</mtriple>
			</modifiedtripleset>
			<lex comment="good" lid="Id1">
				<text>Alan Bean's full name was &quot;Alan LaVern Bean&quot;.</text>
				<template>AGENT-1 's full name was `` PATIENT-1 '' .</template>
			</lex>
			<lex comment="good" lid="Id2">
				<text>Alan Bean was born Alan LaVern Bean.</text>
				<template>AGENT-1 was born PATIENT-1 .</template>
			</lex>
			<lex comment="good" lid="Id3">
				<text>Alan Bean's birth name was Alan LaVern Bean.</text>
				<template>AGENT-1 's birth name was PATIENT-1 .</template>
			</lex>
			<lex comment="good" lid="Id4">
				<text>Alan Bean's birth name is Alan LaVern Bean.</text>
				<template>AGENT-1 's birth name is PATIENT-1 .</template>
			</lex>
			<entitymap>
				<entity>AGENT-1 | Alan_Bean</entity>
				<entity>PATIENT-1 | &quot;Alan LaVern Bean&quot;</entity>
			</entitymap>
		</entry>
		<entry category="Astronaut" eid="Id4" size="1">
			<originaltripleset>
				<otriple>Alan_Bean | birthPlace | Wheeler,_Texas</otriple>
			</originaltripleset>
			<modifiedtripleset>
				<mtriple>Alan_Bean | birthPlace | Wheeler,_Texas</mtriple>
			</modifiedtripleset>
			<lex comment="good" lid="Id1">
				<text>Alan Bean was born in Wheeler, Texas.</text>
				<template>AGENT-1 was born in PATIENT-1 .</template>
			</lex>
			<lex comment="toFix" lid="Id2">
				<text>Alan Bean's birthplace is Wheeler,, Texas.</text>
				<template>AGENT-1 's birthplace is PATIENT-1 .</template>
			</lex>
			<lex comment="good" lid="Id3">
				<text>Alan Bean's birth place is Wheeler, Texas.</text>
				<template>AGENT-1 's birth place is PATIENT-1 .</template>
			</lex>
			<entitymap>
				<entity>AGENT-1 | Alan_Bean</entity>
				<entity>PATIENT-1 | Wheeler,_Texas</entity>
			</entitymap>
		</entry>
		<entry category="Astronaut" eid="Id5" size="1">
			<originaltripleset>
				<otriple>Alan_Bean | dateOfRet | &quot;June 1981&quot;@en</otriple>
			</originaltripleset>
			<modifiedtripleset>
				<mtriple>Alan_Bean | dateOfRetirement | &quot;June 1981&quot;</mtriple>
			</modifiedtripleset>
			<lex comment="good" lid="Id1">
				<text>Alan Bean retired on June 1981.</text>
				<template>AGENT-1 retired on PATIENT-1 .</template>
			</lex>
			<lex comment="good" lid="Id2">
				<text>Alan Bean retired in June of 1981.</text>
				<template>AGENT-1 retired in PATIENT-1 .</template>
			</lex>
			<lex comment="good" lid="Id3">
				<text>Alan Bean retired in June 1981.</text>
				<template>AGENT-1 retired in PATIENT-1 .</template>
			</lex>
			<lex comment="good" lid="Id4">
				<text>Alan Bean's retirement was in June 1981.</text>
				<template>AGENT-1 's retirement was in PATIENT-1 .</template>
			</lex>
			<lex comment="good" lid="Id5">
				<text>Alan Bean retired in June, 1981.</text>
				<template>AGENT-1 retired in PATIENT-1 .</template>
			</lex>
			<entitymap>
				<entity>AGENT-1 | Alan_Bean</entity>
				<entity>PATIENT-1 | &quot;June 1981&quot;</entity>
			</entitymap>
		</entry>
		<entry category="Astronaut" eid="Id6" size="1">
			<originaltripleset>
				<otriple>Alan_Bean | occupation | Test_pilot</otriple>
			</originaltripleset>
			<modifiedtripleset>
				<mtriple>Alan_Bean | occupation | Test_pilot</mtriple>
			</modifiedtripleset>
			<lex comment="good" lid="Id1">
				<text>Alan Bean was a test pilot.</text>
				<template>AGENT-1 was PATIENT-1 .</template>
			</lex>
			<lex comment="good" lid="Id2">
				<text>Alan Bean served as a test pilot.</text>
				<template>AGENT-1 served as PATIENT-1 .</template>
			</lex>
			<lex comment="good" lid="Id3">
				<text>Alan Bean performed as a test pilot.</text>
				<template>AGENT-1 performed as PATIENT-1 .</template>
			</lex>
			<lex comment="good" lid="Id4">
				<text>Alan Bean performs as a test pilot.</text>
				<template>AGENT-1 performs as PATIENT-1 .</template>
			</lex>
			<entitymap>
				<entity>AGENT-1 | Alan_Bean</entity>
				<entity>PATIENT-1 | Test_pilot</entity>
			</entitymap>
		</entry>
		<entry category="Astronaut" eid="Id7" size="1">
			<originaltripleset>
				<otriple>Alan_Bean | status | &quot;Retired&quot;@en</otriple>
			</originaltripleset>
			<modifiedtripleset>
				<mtriple>Alan_Bean | status | &quot;Retired&quot;</mtriple>
			</modifiedtripleset>
			<lex comment="good" lid="Id1">
				<text>Alan Bean is retired.</text>
				<template>AGENT-1 is PATIENT-1 .</template>
			</lex>
			<lex comment="good" lid="Id2">
				<text>Alan Bean has retired.</text>
				<template>AGENT-1 has PATIENT-1 .</template>
			</lex>
			<lex comment="good" lid="Id3">
				<text>Alan Bean is now retired.</text>
				<template>AGENT-1 is now PATIENT-1 .</template>
			</lex>
			<entitymap>
				<entity>AGENT-1 | Alan_Bean</entity>
				<entity>PATIENT-1 | &quot;Retired&quot;</entity>
			</entitymap>
		</entry>
		<entry category="Astronaut" eid="Id8" size="1">
			<originaltripleset>
				<otriple>Alan_Bean | timeInSpace | &quot;100305.0&quot;^^&lt;http://dbpedia.org/datatype/minute&gt;</otriple>
			</originaltripleset>
			<modifiedtripleset>
				<mtriple>Alan_Bean | timeInSpace | &quot;100305.0&quot;(minutes)</mtriple>
			</modifiedtripleset>
			<lex comment="good" lid="Id1">
				<text>Alan Bean spent 100305.0 minutes in Space.</text>
				<template>AGENT-1 spent PATIENT-1 in Space .</template>
			</lex>
			<lex comment="good" lid="Id2">
				<text>Alan Bean spent 100305 minutes in space.</text>
				<template>AGENT-1 spent PATIENT-1 in space .</template>
			</lex>
			<lex comment="good" lid="Id3">
				<text>100305.0 minutes is the time Alan Bean spent in Space.</text>
				<template>PATIENT-1 is the time AGENT-1 spent in Space .</template>
			</lex>
			<lex comment="good" lid="Id4">
				<text>Alan Bean was in space 100305 minutes.</text>
				<template>AGENT-1 was in space PATIENT-1 .</template>
			</lex>
			<lex comment="good" lid="Id5">
				<text>Alan Bean spent over 69 days in space, 100305 minutes to be exact!</text>
				<template/>
			</lex>
			<lex comment="good" lid="Id6">
				<text>Alan Bean's time in space was 100305.0 minutes.</text>
				<template>AGENT-1 's time in space was PATIENT-1 .</template>
			</lex>
			<lex comment="good" lid="Id7">
				<text>Alan Bean spend a total of 100305 minutes in space.</text>
				<template>AGENT-1 spend a total of PATIENT-1 in space .</template>
			</lex>
			<entitymap>
				<entity>AGENT-1 | Alan_Bean</entity>
				<entity>PATIENT-1 | &quot;100305.0&quot;(minutes)</entity>
			</entitymap>
		</entry>
		<entry category="Astronaut" eid="Id9" size="1">
			<originaltripleset>
				<otriple>Alan_Bean | mission | Apollo_12</otriple>
			</originaltripleset>
			<modifiedtripleset>
				<mtriple>Alan_Bean | was a crew member of | Apollo_12</mtriple>
			</modifiedtripleset>
			<lex comment="good" lid="Id1">
				<text>Alan Bean was a part of the crew of Apollo 12.</text>
				<template>AGENT-1 was a part of the crew of PATIENT-1 .</template>
			</lex>
			<lex comment="good" lid="Id2">
				<text>Alan Bean served as a crew member of Apollo 12.</text>
				<template>AGENT-1 served as a crew member of PATIENT-1 .</template>
			</lex>
			<lex comment="good" lid="Id3">
				<text>Alan Bean was a member of the Apollo 12 crew.</text>
				<template>AGENT-1 was a member of the PATIENT-1 crew .</template>
			</lex>
			<lex comment="good" lid="Id4">
				<text>Alan Bean was a crew member aboard Apollo 12.</text>
				<template>AGENT-1 was a crew member aboard PATIENT-1 .</template>
			</lex>
			<lex comment="good" lid="Id5">
				<text>Alan Bean was on the crew of Apollo 12.</text>
				<template>AGENT-1 was on the crew of PATIENT-1 .</template>
			</lex>
			<lex comment="good" lid="Id6">
				<text>Alan Bean was a crew member of Apollo 12.</text>
				<template>AGENT-1 was a crew member of PATIENT-1 .</template>
			</lex>
			<lex comment="good" lid="Id7">
				<text>Alan Bean was a crew member on the Apollo 12 flight mission.</text>
				<template>AGENT-1 was a crew member on the PATIENT-1 .</template>
			</lex>
			<entitymap>
				<entity>AGENT-1 | Alan_Bean</entity>
				<entity>PATIENT-1 | Apollo_12</entity>
			</entitymap>
		</entry>
		<entry category="Astronaut" eid="Id10" size="1">
			<originaltripleset>
				<otriple>Alan_Bean | selection | 1963</otriple>
			</originaltripleset>
			<modifiedtripleset>
				<mtriple>Alan_Bean | was selected by NASA | 1963</mtriple>
			</modifiedtripleset>
			<lex comment="good" lid="Id1">
				<text>Alan Bean was selected by Nasa in 1963.</text>
				<template>AGENT-1 was selected by Nasa in PATIENT-1 .</template>
			</lex>
			<lex comment="good" lid="Id2">
				<text>Alan Bean was chosen by NASA in 1963.</text>
				<template>AGENT-1 was chosen by NASA in PATIENT-1 .</template>
			</lex>
			<lex comment="good" lid="Id3">
				<text>Alan Bean was hired by NASA in 1963.</text>
				<template>AGENT-1 was hired by NASA in PATIENT-1 .</template>
			</lex>
			<entitymap>
				<entity>AGENT-1 | Alan_Bean</entity>
				<entity>PATIENT-1 | 1963</entity>
			</entitymap>
		</entry>
		<entry category="Astronaut" eid="Id11" size="1">
			<originaltripleset>
				<otriple>Alan_Shepard | almaMater | &quot;NWC, M.A. 1957&quot;@en</otriple>
			</originaltripleset>
			<modifiedtripleset>
				<mtriple>Alan_Shepard | almaMater | &quot;NWC, M.A. 1957&quot;</mtriple>
			</modifiedtripleset>
			<lex comment="good" lid="Id1">
				<text>Alan Shepard graduated from NWC with a M.A. in 1957.</text>
				<template>AGENT-1 graduated with PATIENT-1 .</template>
			</lex>
			<lex comment="toFix" lid="Id2">
				<text>Alan Shepard graduated from NWC in 1957 with a M.A.</text>
				<template>AGENT-1 graduated from PATIENT-1 .</template>
			</lex>
			<lex comment="good" lid="Id3">
				<text>Alan Shepard went to school at NWC and graduated with an MA in 1957.</text>
				<template>AGENT-1 went to school at PATIENT-1 .</template>
			</lex>
			<lex comment="toFix" lid="Id4">
				<text>Alan Shepard graduated from NWC, M.A. in 1957.</text>
				<template>AGENT-1 graduated from PATIENT-1 .</template>
			</lex>
			<entitymap>
				<entity>AGENT-1 | Alan_Shepard</entity>
				<entity>PATIENT-1 | &quot;NWC, M.A. 1957&quot;</entity>
			</entitymap>
		</entry>
		<entry category="Astronaut" eid="Id12" size="1">
			<originaltripleset>
				<otriple>Alan_Shepard | birthDate | &quot;1923-11-18&quot;^^xsd:date</otriple>
			</originaltripleset>
			<modifiedtripleset>
				<mtriple>Alan_Shepard | birthDate | &quot;1923-11-18&quot;</mtriple>
			</modifiedtripleset>
			<lex comment="good" lid="Id1">
				<text>Alan Shepard was born November 18th, 1923.</text>
				<template>AGENT-1 was born PATIENT-1 .</template>
			</lex>
			<lex comment="good" lid="Id2">
				<text>Alan Shepard was born on November 18, 1923.</text>
				<template>AGENT-1 was born on PATIENT-1 .</template>
			</lex>
			<lex comment="good" lid="Id3">
				<text>Alan Shepard was born on Nov 18, 1923.</text>
				<template>AGENT-1 was born on PATIENT-1 .</template>
			</lex>
			<lex comment="good" lid="Id4">
				<text>Alan Shepard was born on 1923-11-18.</text>
				<template>AGENT-1 was born on PATIENT-1 .</template>
			</lex>
			<lex comment="good" lid="Id5">
				<text>Alan Shepard was born on the 18th of November 1923.</text>
				<template>AGENT-1 was born on PATIENT-1 .</template>
			</lex>
			<entitymap>
				<entity>AGENT-1 | Alan_Shepard</entity>
				<entity>PATIENT-1 | &quot;1923-11-18&quot;</entity>
			</entitymap>
		</entry>
		<entry category="Astronaut" eid="Id13" size="1">
			<originaltripleset>
				<otriple>Alan_Shepard | birthPlace | New_Hampshire</otriple>
			</originaltripleset>
			<modifiedtripleset>
				<mtriple>Alan_Shepard | birthPlace | New_Hampshire</mtriple>
			</modifiedtripleset>
			<lex comment="good" lid="Id1">
				<text>Alan Shepard's birth place was New Hampshire.</text>
				<template>AGENT-1 's birth place was PATIENT-1 .</template>
			</lex>
			<lex comment="good" lid="Id2">
				<text>Alan Shepard was born in New Hampshire.</text>
				<template>AGENT-1 was born in PATIENT-1 .</template>
			</lex>
			<entitymap>
				<entity>AGENT-1 | Alan_Shepard</entity>
				<entity>PATIENT-1 | New_Hampshire</entity>
			</entitymap>
		</entry>
		<entry category="Astronaut" eid="Id14" size="1">
			<originaltripleset>
				<otriple>Alan_Shepard | dateOfRet | &quot;1974-08-01&quot;^^xsd:date</otriple>
			</originaltripleset>
			<modifiedtripleset>
				<mtriple>Alan_Shepard | dateOfRetirement | &quot;1974-08-01&quot;</mtriple>
			</modifiedtripleset>
			<lex comment="good" lid="Id1">
				<text>Alan Shepard retired on 1974-08-01.</text>
				<template>AGENT-1 retired on PATIENT-1 .</template>
			</lex>
			<lex comment="good" lid="Id2">
				<text>Alan Shepard retired August 1st, 1974.</text>
				<template>AGENT-1 retired PATIENT-1 .</template>
			</lex>
			<lex comment="good" lid="Id3">
				<text>Alan Shepard retired 1st of August 1974.</text>
				<template>AGENT-1 retired PATIENT-1 .</template>
			</lex>
			<lex comment="good" lid="Id4">
				<text>Alan Shepard retired on August 1, 1974.</text>
				<template>AGENT-1 retired on PATIENT-1 .</template>
			</lex>
			<lex comment="good" lid="Id5">
				<text>Alan Shepard retired on Aug 1, 1974.</text>
				<template>AGENT-1 retired on PATIENT-1 .</template>
			</lex>
			<lex comment="good" lid="Id6">
				<text>Alan Shepard retired 1974-08-01.</text>
				<template>AGENT-1 retired PATIENT-1 .</template>
			</lex>
			<lex comment="good" lid="Id7">
				<text>Alan Separd retired on 1st August 1974.</text>
				<template>AGENT-1 retired on PATIENT-1 .</template>
			</lex>
			<entitymap>
				<entity>AGENT-1 | Alan_Shepard</entity>
				<entity>PATIENT-1 | &quot;1974-08-01&quot;</entity>
			</entitymap>
		</entry>
		<entry category="Astronaut" eid="Id15" size="1">
			<originaltripleset>
				<otriple>Alan_Shepard | deathDate | &quot;1998-07-21&quot;^^xsd:date</otriple>
			</originaltripleset>
			<modifiedtripleset>
				<mtriple>Alan_Shepard | deathDate | &quot;1998-07-21&quot;</mtriple>
			</modifiedtripleset>
			<lex comment="good" lid="Id1">
				<text>Alan Shepard died on the 21st of July, 1998.</text>
				<template>AGENT-1 died on PATIENT-1 .</template>
			</lex>
			<lex comment="good" lid="Id2">
				<text>Alan Shepard died July 21st, 1998.</text>
				<template>AGENT-1 died PATIENT-1 .</template>
			</lex>
			<lex comment="good" lid="Id3">
				<text>Alan Shepard died on July 21, 1998.</text>
				<template>AGENT-1 died on PATIENT-1 .</template>
			</lex>
			<lex comment="good" lid="Id4">
				<text>Alan Shepard died on 1998-07-21.</text>
				<template>AGENT-1 died on PATIENT-1 .</template>
			</lex>
			<lex comment="good" lid="Id5">
				<text>Alan Shepard died 1998-07-21.</text>
				<template>AGENT-1 died PATIENT-1 .</template>
			</lex>
			<entitymap>
				<entity>AGENT-1 | Alan_Shepard</entity>
				<entity>PATIENT-1 | &quot;1998-07-21&quot;</entity>
			</entitymap>
		</entry>
		<entry category="Astronaut" eid="Id16" size="1">
			<originaltripleset>
				<otriple>Alan_Shepard | nationality | United_States</otriple>
			</originaltripleset>
			<modifiedtripleset>
				<mtriple>Alan_Shepard | nationality | United_States</mtriple>
			</modifiedtripleset>
			<lex comment="good" lid="Id1">
				<text>The nationality of Alan Shepard is United States.</text>
				<template>The nationality of AGENT-1 is PATIENT-1 .</template>
			</lex>
			<lex comment="good" lid="Id2">
				<text>Alan Shepard's nationality is the United States.</text>
				<template>AGENT-1 's nationality is PATIENT-1 .</template>
			</lex>
			<lex comment="good" lid="Id3">
				<text>Alan Shepard is an American.</text>
				<template>AGENT-1 is PATIENT-1 .</template>
			</lex>
			<lex comment="good" lid="Id4">
				<text>Alan Shepard is from the United States.</text>
				<template>AGENT-1 is from PATIENT-1 .</template>
			</lex>
			<lex comment="good" lid="Id5">
				<text>Alan Shepard was from the United States.</text>
				<template>AGENT-1 was from PATIENT-1 .</template>
			</lex>
			<lex comment="good" lid="Id6">
				<text>Alan Shepard was American.</text>
				<template>AGENT-1 was PATIENT-1 .</template>
			</lex>
			<entitymap>
				<entity>AGENT-1 | Alan_Shepard</entity>
				<entity>PATIENT-1 | United_States</entity>
			</entitymap>
		</entry>
		<entry category="Astronaut" eid="Id17" size="1">
			<originaltripleset>
				<otriple>Alan_Shepard | occupation | Test_pilot</otriple>
			</originaltripleset>
			<modifiedtripleset>
				<mtriple>Alan_Shepard | occupation | Test_pilot</mtriple>
			</modifiedtripleset>
			<lex comment="good" lid="Id1">
				<text>Alan Shepard's occupation was a test pilot.</text>
				<template>AGENT-1 's occupation was PATIENT-1 .</template>
			</lex>
			<lex comment="good" lid="Id2">
				<text>Alan Shepard served as a Test pilot.</text>
				<template>AGENT-1 served as PATIENT-1 .</template>
			</lex>
			<lex comment="good" lid="Id3">
				<text>Alan Shepard was a test pilot.</text>
				<template>AGENT-1 was PATIENT-1 .</template>
			</lex>
			<entitymap>
				<entity>AGENT-1 | Alan_Shepard</entity>
				<entity>PATIENT-1 | Test_pilot</entity>
			</entitymap>
		</entry>
		<entry category="Astronaut" eid="Id18" size="1">
			<originaltripleset>
				<otriple>Alan_Shepard | years | 1963</otriple>
			</originaltripleset>
			<modifiedtripleset>
				<mtriple>Alan_Shepard | served as Chief of the Astronaut Office in | 1963</mtriple>
			</modifiedtripleset>
			<lex comment="good" lid="Id1">
				<text>Alan Shepard was the Chief of the Astronaut Office in 1963.</text>
				<template>AGENT-1 was the Chief of the Astronaut Office in PATIENT-1 .</template>
			</lex>
			<lex comment="good" lid="Id2">
				<text>Alan Shepard served as Chief of the Astronaut Office in 1963.</text>
				<template>AGENT-1 served as Chief of the Astronaut Office in PATIENT-1 .</template>
			</lex>
			<entitymap>
				<entity>AGENT-1 | Alan_Shepard</entity>
				<entity>PATIENT-1 | 1963</entity>
			</entitymap>
		</entry>
		<entry category="Astronaut" eid="Id19" size="1">
			<originaltripleset>
				<otriple>Alan_Shepard | status | &quot;Deceased&quot;@en</otriple>
			</originaltripleset>
			<modifiedtripleset>
				<mtriple>Alan_Shepard | status | &quot;Deceased&quot;</mtriple>
			</modifiedtripleset>
			<lex comment="good" lid="Id1">
				<text>Alan Shepard is dead.</text>
				<template>AGENT-1 is PATIENT-1 .</template>
			</lex>
			<lex comment="good" lid="Id2">
				<text>Alan Shepard is deceased.</text>
				<template>AGENT-1 is PATIENT-1 .</template>
			</lex>
			<entitymap>
				<entity>AGENT-1 | Alan_Shepard</entity>
				<entity>PATIENT-1 | &quot;Deceased&quot;</entity>
			</entitymap>
		</entry>
		<entry category="Astronaut" eid="Id20" size="1">
			<originaltripleset>
				<otriple>Alan_Shepard | timeInSpace | &quot;13017.0&quot;^^&lt;http://dbpedia.org/datatype/minute&gt;</otriple>
			</originaltripleset>
			<modifiedtripleset>
				<mtriple>Alan_Shepard | timeInSpace | &quot;13017.0&quot;(minutes)</mtriple>
			</modifiedtripleset>
			<lex comment="good" lid="Id1">
				<text>Alan Shepard's time in space amounted to 13017.0 minutes.</text>
				<template>AGENT-1 's time in space amounted to PATIENT-1 .</template>
			</lex>
			<lex comment="good" lid="Id2">
				<text>Alan Shepard spent 13017 minutes in space.</text>
				<template>AGENT-1 spent PATIENT-1 in space .</template>
			</lex>
			<lex comment="good" lid="Id3">
				<text>13017,0 minutes is the time Alan Shepard spent in space.</text>
				<template>PATIENT-1 is the time AGENT-1 spent in space .</template>
			</lex>
			<lex comment="good" lid="Id4">
				<text>Alan Shepard spent 130017 minutes in space.</text>
				<template>AGENT-1 spent PATIENT-1 in space .</template>
			</lex>
			<lex comment="good" lid="Id5">
				<text>Alan Shepard spent just over 9 days in space.</text>
				<template>AGENT-1 spent just over PATIENT-1 in space .</template>
			</lex>
			<lex comment="good" lid="Id6">
				<text>Alan Shepard's time in space is 13017 minutes.</text>
				<template>AGENT-1 's time in space is PATIENT-1 .</template>
			</lex>
			<lex comment="good" lid="Id7">
				<text>Alan Shepard spent 13017.0 minutes in space.</text>
				<template>AGENT-1 spent PATIENT-1 in space .</template>
			</lex>
			<entitymap>
				<entity>AGENT-1 | Alan_Shepard</entity>
				<entity>PATIENT-1 | &quot;13017.0&quot;(minutes)</entity>
			</entitymap>
		</entry>
		<entry category="Astronaut" eid="Id21" size="1">
			<originaltripleset>
				<otriple>Alan_Shepard | title | Chief_of_the_Astronaut_Office</otriple>
			</originaltripleset>
			<modifiedtripleset>
				<mtriple>Alan_Shepard | title | Chief_of_the_Astronaut_Office</mtriple>
			</modifiedtripleset>
			<lex comment="good" lid="Id1">
				<text>Alan Shepard was the Chief of the Astronaut Office.</text>
				<template>AGENT-1 was PATIENT-1 .</template>
			</lex>
			<lex comment="good" lid="Id2">
				<text>Alan Shepard served as the Chief of the Astronaut Office.</text>
				<template>AGENT-1 served as PATIENT-1 .</template>
			</lex>
			<lex comment="good" lid="Id3">
				<text>Alan Shepard performed as the Chief of the Astronaut Office.</text>
				<template>AGENT-1 performed as PATIENT-1 .</template>
			</lex>
			<entitymap>
				<entity>AGENT-1 | Alan_Shepard</entity>
				<entity>PATIENT-1 | Chief_of_the_Astronaut_Office</entity>
			</entitymap>
		</entry>
		<entry category="Astronaut" eid="Id22" size="1">
			<originaltripleset>
				<otriple>Alan_Shepard | mission | Apollo_14</otriple>
			</originaltripleset>
			<modifiedtripleset>
				<mtriple>Alan_Shepard | was a crew member of | Apollo_14</mtriple>
			</modifiedtripleset>
			<lex comment="good" lid="Id1">
				<text>Alan Shepard was a crew member of Apollo 14.</text>
				<template>AGENT-1 was a crew member of PATIENT-1 .</template>
			</lex>
			<lex comment="good" lid="Id2">
				<text>Alan Shepard served as a crew member of Apollo 14.</text>
				<template>AGENT-1 served as a crew member of PATIENT-1 .</template>
			</lex>
			<lex comment="good" lid="Id3">
				<text>Alan Shepard was a member of the Apollo 14 crew.</text>
				<template>AGENT-1 was a member of the PATIENT-1 crew .</template>
			</lex>
			<lex comment="good" lid="Id4">
				<text>Alan Shepard was a crew member aboard Apollo 14.</text>
				<template>AGENT-1 was a crew member aboard PATIENT-1 .</template>
			</lex>
			<lex comment="good" lid="Id5">
				<text>Alan Shepard was on the crew of Apollo 14.</text>
				<template>AGENT-1 was on the crew of PATIENT-1 .</template>
			</lex>
			<lex comment="good" lid="Id6">
				<text>Alan Shepard was a member of the crew of Apollo 14.</text>
				<template>AGENT-1 was a member of the crew of PATIENT-1 .</template>
			</lex>
			<entitymap>
				<entity>AGENT-1 | Alan_Shepard</entity>
				<entity>PATIENT-1 | Apollo_14</entity>
			</entitymap>
		</entry>
		<entry category="Astronaut" eid="Id23" size="1">
			<originaltripleset>
				<otriple>Alan_Shepard | ribbon | &quot;American Defense Service ribbon.svg&quot;@en</otriple>
			</originaltripleset>
			<modifiedtripleset>
				<mtriple>Alan_Shepard | was awarded | &quot;American Defense Service ribbon.svg&quot;</mtriple>
			</modifiedtripleset>
			<lex comment="good" lid="Id1">
				<text>Alan Shepard was awarded the american defence service ribbon.</text>
				<template>AGENT-1 was awarded PATIENT-1 .</template>
			</lex>
			<lex comment="good" lid="Id2">
				<text>Alan Shepard was awarded American Defense Service ribbon.</text>
				<template>AGENT-1 was awarded PATIENT-1 .</template>
			</lex>
			<lex comment="good" lid="Id3">
				<text>Alan Shepard was awarded the American Defense Service Ribbon.</text>
				<template>AGENT-1 was awarded PATIENT-1 .</template>
			</lex>
			<lex comment="good" lid="Id4">
				<text>Alan Shepard won the American Defense Service ribbon.</text>
				<template>AGENT-1 won PATIENT-1 .</template>
			</lex>
			<lex comment="good" lid="Id5">
				<text>Alan Shepard was awarded with the American Defense Service ribbon.</text>
				<template>AGENT-1 was awarded with PATIENT-1 .</template>
			</lex>
			<entitymap>
				<entity>AGENT-1 | Alan_Shepard</entity>
				<entity>PATIENT-1 | &quot;American Defense Service ribbon.svg&quot;</entity>
			</entitymap>
		</entry>
		<entry category="Astronaut" eid="Id24" size="1">
			<originaltripleset>
				<otriple>Alan_Shepard | selection | 1959</otriple>
			</originaltripleset>
			<modifiedtripleset>
				<mtriple>Alan_Shepard | was selected by NASA | 1959</mtriple>
			</modifiedtripleset>
			<lex comment="good" lid="Id1">
				<text>NASA selected Alan Shepard in 1959.</text>
				<template>NASA selected AGENT-1 in PATIENT-1 .</template>
			</lex>
			<lex comment="good" lid="Id2">
				<text>In 1959, Alan Shepard was selected by NASA.</text>
				<template>In PATIENT-1 , AGENT-1 was selected by NASA .</template>
			</lex>
			<lex comment="good" lid="Id3">
				<text>Alan Shepard was selected by NASA in 1959.</text>
				<template>AGENT-1 was selected by NASA in PATIENT-1 .</template>
			</lex>
			<lex comment="good" lid="Id4">
				<text>Alan Shepard was chosen by NASA in 1959.</text>
				<template>AGENT-1 was chosen by NASA in PATIENT-1 .</template>
			</lex>
			<lex comment="good" lid="Id5">
				<text>Alan Shepard was hired by NASA in 1959.</text>
				<template>AGENT-1 was hired by NASA in PATIENT-1 .</template>
			</lex>
			<entitymap>
				<entity>AGENT-1 | Alan_Shepard</entity>
				<entity>PATIENT-1 | 1959</entity>
			</entitymap>
		</entry>
		<entry category="Astronaut" eid="Id25" size="1">
			<originaltripleset>
				<otriple>Apollo_11 | operator | NASA</otriple>
			</originaltripleset>
			<modifiedtripleset>
				<mtriple>Apollo_11 | operator | NASA</mtriple>
			</modifiedtripleset>
			<lex comment="good" lid="Id1">
				<text>Apollo 11 was operated by NASA.</text>
				<template>AGENT-1 was operated by PATIENT-1 .</template>
			</lex>
			<lex comment="good" lid="Id2">
				<text>The Apollo 11 program was organized by NASA.</text>
				<template>AGENT-1 was organized by PATIENT-1 .</template>
			</lex>
			<entitymap>
				<entity>AGENT-1 | Apollo_11</entity>
				<entity>PATIENT-1 | NASA</entity>
			</entitymap>
		</entry>
		<entry category="Astronaut" eid="Id26" size="1">
			<originaltripleset>
				<otriple>Apollo_12 | crew2Up | Alfred_Worden</otriple>
			</originaltripleset>
			<modifiedtripleset>
				<mtriple>Apollo_12 | backup pilot | Alfred_Worden</mtriple>
			</modifiedtripleset>
			<lex comment="good" lid="Id1">
				<text>Alfred Worden was a backup pilot of Apollo 12.</text>
				<template>PATIENT-1 was a backup pilot of AGENT-1 .</template>
			</lex>
			<lex comment="good" lid="Id2">
				<text>Apollo 12's backup pilot was Alfred Worden.</text>
				<template>AGENT-1 's backup pilot was PATIENT-1 .</template>
			</lex>
			<lex comment="good" lid="Id3">
				<text>Alfred Worden was the backup pilot of Apollo 12.</text>
				<template>PATIENT-1 was the backup pilot of AGENT-1 .</template>
			</lex>
			<entitymap>
				<entity>AGENT-1 | Apollo_12</entity>
				<entity>PATIENT-1 | Alfred_Worden</entity>
			</entitymap>
		</entry>
		<entry category="Astronaut" eid="Id27" size="1">
			<originaltripleset>
				<otriple>Apollo_12 | crew1Up | David_Scott</otriple>
			</originaltripleset>
			<modifiedtripleset>
				<mtriple>Apollo_12 | commander | David_Scott</mtriple>
			</modifiedtripleset>
			<lex comment="good" lid="Id1">
				<text>Apollo 12 was commanded by David Scott.</text>
				<template>AGENT-1 was commanded by PATIENT-1 .</template>
			</lex>
			<lex comment="good" lid="Id2">
				<text>David Scott was the commander of Apollo 12.</text>
				<template>PATIENT-1 was the commander of AGENT-1 .</template>
			</lex>
			<entitymap>
				<entity>AGENT-1 | Apollo_12</entity>
				<entity>PATIENT-1 | David_Scott</entity>
			</entitymap>
		</entry>
		<entry category="Astronaut" eid="Id28" size="1">
			<originaltripleset>
				<otriple>Apollo_12 | operator | NASA</otriple>
			</originaltripleset>
			<modifiedtripleset>
				<mtriple>Apollo_12 | operator | NASA</mtriple>
			</modifiedtripleset>
			<lex comment="good" lid="Id1">
				<text>The operator of Apollo 12 was NASA.</text>
				<template>The operator of AGENT-1 was PATIENT-1 .</template>
			</lex>
			<lex comment="good" lid="Id2">
				<text>The Apollo 12 operator is NASA.</text>
				<template>The AGENT-1 operator is PATIENT-1 .</template>
			</lex>
			<lex comment="good" lid="Id3">
				<text>NASA operated Apollo 12.</text>
				<template>PATIENT-1 operated AGENT-1 .</template>
			</lex>
			<lex comment="good" lid="Id4">
				<text>The Apollo 12 mission was operated by NASA.</text>
				<template>The AGENT-1 mission was operated by PATIENT-1 .</template>
			</lex>
			<lex comment="good" lid="Id5">
				<text>Apollo 12 is operated by NASA.</text>
				<template>AGENT-1 is operated by PATIENT-1 .</template>
			</lex>
			<entitymap>
				<entity>AGENT-1 | Apollo_12</entity>
				<entity>PATIENT-1 | NASA</entity>
			</entitymap>
		</entry>
		<entry category="Astronaut" eid="Id29" size="1">
			<originaltripleset>
				<otriple>Apollo_8 | crew1Up | Frank_Borman</otriple>
			</originaltripleset>
			<modifiedtripleset>
				<mtriple>Apollo_8 | commander | Frank_Borman</mtriple>
			</modifiedtripleset>
			<lex comment="good" lid="Id1">
				<text>Frank Borman was an Apollo 8 Commander.</text>
				<template>PATIENT-1 was an AGENT-1 Commander .</template>
			</lex>
			<lex comment="good" lid="Id2">
				<text>Frank Borman was the Apollo 8 commander.</text>
				<template>PATIENT-1 was the AGENT-1 commander .</template>
			</lex>
			<lex comment="good" lid="Id3">
				<text>The Apollo 8 commander was Frank Borman.</text>
				<template>The AGENT-1 commander was PATIENT-1 .</template>
			</lex>
			<entitymap>
				<entity>AGENT-1 | Apollo_8</entity>
				<entity>PATIENT-1 | Frank_Borman</entity>
			</entitymap>
		</entry>
		<entry category="Astronaut" eid="Id30" size="1">
			<originaltripleset>
				<otriple>Apollo_8 | crewMembers | Frank_Borman</otriple>
			</originaltripleset>
			<modifiedtripleset>
				<mtriple>Apollo_8 | crewMembers | Frank_Borman</mtriple>
			</modifiedtripleset>
			<lex comment="good" lid="Id1">
				<text>Frank Borman was a member of the crew on Apollo 8.</text>
				<template>PATIENT-1 was a member of the crew on AGENT-1 .</template>
			</lex>
			<lex comment="good" lid="Id2">
				<text>Frank Borman was a crew member of Apollo 8.</text>
				<template>PATIENT-1 was a crew member of AGENT-1 .</template>
			</lex>
			<lex comment="good" lid="Id3">
				<text>Apollo 8 crew members included Frank Borman.</text>
				<template>AGENT-1 crew members included PATIENT-1 .</template>
			</lex>
			<lex comment="good" lid="Id4">
				<text>Frank Borman was a crewman aboard Apollo 8.</text>
				<template>PATIENT-1 was a crewman aboard AGENT-1 .</template>
			</lex>
			<lex comment="good" lid="Id5">
				<text>Frank Borman was a crew member on Apollo 8.</text>
				<template>PATIENT-1 was a crew member on AGENT-1 .</template>
			</lex>
			<entitymap>
				<entity>AGENT-1 | Apollo_8</entity>
				<entity>PATIENT-1 | Frank_Borman</entity>
			</entitymap>
		</entry>
		<entry category="Astronaut" eid="Id31" size="1">
			<originaltripleset>
				<otriple>British_Hong_Kong | representative | Chris_Patten</otriple>
			</originaltripleset>
			<modifiedtripleset>
				<mtriple>British_Hong_Kong | representative | Chris_Patten</mtriple>
			</modifiedtripleset>
			<lex comment="good" lid="Id1">
				<text>Chris Patten served as a representative of British Hong Kong.</text>
				<template>PATIENT-1 served as a representative of AGENT-1 .</template>
			</lex>
			<lex comment="good" lid="Id2">
				<text>Chris Patten represented British Hong Kong.</text>
				<template>PATIENT-1 represented AGENT-1 .</template>
			</lex>
			<lex comment="good" lid="Id3">
				<text>Chris Patten is a representative of British Hong Kong.</text>
				<template>PATIENT-1 is a representative of AGENT-1 .</template>
			</lex>
			<lex comment="good" lid="Id4">
				<text>The British Hong Kong representative is Chris Patten.</text>
				<template>The AGENT-1 representative is PATIENT-1 .</template>
			</lex>
			<entitymap>
				<entity>AGENT-1 | British_Hong_Kong</entity>
				<entity>PATIENT-1 | Chris_Patten</entity>
			</entitymap>
		</entry>
		<entry category="Astronaut" eid="Id32" size="1">
			<originaltripleset>
				<otriple>Buzz_Aldrin | alternativeNames | &quot;Edwin E. Aldrin, Jr.&quot;@en</otriple>
			</originaltripleset>
			<modifiedtripleset>
				<mtriple>Buzz_Aldrin | alternativeNames | &quot;Edwin E. Aldrin, Jr.&quot;</mtriple>
			</modifiedtripleset>
			<lex comment="good" lid="Id1">
				<text>Edwin E. Aldrin, Jr. was commonly known as Buzz Aldrin.</text>
				<template>PATIENT-1 was commonly known as AGENT-1 .</template>
			</lex>
			<lex comment="good" lid="Id2">
				<text>Buzz Aldrin's real name was Edwin E. Aldrin, Jr.</text>
				<template>AGENT-1 's real name was PATIENT-1 .</template>
			</lex>
			<lex comment="good" lid="Id3">
				<text>Buzz Aldrin is also called Edwin E. Aldrin Jr.</text>
				<template>AGENT-1 is also called PATIENT-1 .</template>
			</lex>
			<entitymap>
				<entity>AGENT-1 | Buzz_Aldrin</entity>
				<entity>PATIENT-1 | &quot;Edwin E. Aldrin, Jr.&quot;</entity>
			</entitymap>
		</entry>
		<entry category="Astronaut" eid="Id33" size="1">
			<originaltripleset>
				<otriple>Buzz_Aldrin | awards | 20</otriple>
			</originaltripleset>
			<modifiedtripleset>
				<mtriple>Buzz_Aldrin | awards | 20</mtriple>
			</modifiedtripleset>
			<lex comment="good" lid="Id1">
				<text>The number of Buzz Aldrin's awards are 20.</text>
				<template>The number of AGENT-1 's awards are PATIENT-1 .</template>
			</lex>
			<lex comment="good" lid="Id2">
				<text>Buzz Aldrin won 20 awards.</text>
				<template>AGENT-1 won PATIENT-1 awards .</template>
			</lex>
			<lex comment="good" lid="Id3">
				<text>Buzz Aldrin received 20 awards.</text>
				<template>AGENT-1 received PATIENT-1 awards .</template>
			</lex>
			<lex comment="good" lid="Id4">
				<text>Buzz Aldrin has won 20 awards.</text>
				<template>AGENT-1 has won PATIENT-1 awards .</template>
			</lex>
			<lex comment="good" lid="Id5">
				<text>Buzz Aldrin had 20 awards.</text>
				<template>AGENT-1 had PATIENT-1 awards .</template>
			</lex>
			<entitymap>
				<entity>AGENT-1 | Buzz_Aldrin</entity>
				<entity>PATIENT-1 | 20</entity>
			</entitymap>
		</entry>
		<entry category="Astronaut" eid="Id34" size="1">
			<originaltripleset>
				<otriple>Buzz_Aldrin | birthDate | &quot;1930-01-20&quot;^^xsd:date</otriple>
			</originaltripleset>
			<modifiedtripleset>
				<mtriple>Buzz_Aldrin | birthDate | &quot;1930-01-20&quot;</mtriple>
			</modifiedtripleset>
			<lex comment="good" lid="Id1">
				<text>Buzz Aldrin's birth date was 1930 01 20.</text>
				<template>AGENT-1 's birth date was PATIENT-1 .</template>
			</lex>
			<lex comment="good" lid="Id2">
				<text>Buzz Aldrin was born January 20, 1930.</text>
				<template>AGENT-1 was born PATIENT-1 .</template>
			</lex>
			<lex comment="good" lid="Id3">
				<text>Buzz Aldrin was born on 1930-01-20.</text>
				<template>AGENT-1 was born on PATIENT-1 .</template>
			</lex>
			<lex comment="good" lid="Id4">
				<text>Buzz Aldrin's birth date is January 20, 1930.</text>
				<template>AGENT-1 's birth date is PATIENT-1 .</template>
			</lex>
			<lex comment="good" lid="Id5">
				<text>Buzz Aldrin was born on January 20th, 1930.</text>
				<template>AGENT-1 was born on PATIENT-1 .</template>
			</lex>
			<lex comment="good" lid="Id6">
				<text>Buzz Aldrin was born on the 20th of January 1930.</text>
				<template>AGENT-1 was born on PATIENT-1 .</template>
			</lex>
			<lex comment="good" lid="Id7">
				<text>Buzz Aldrin was born on January 20,1930.</text>
				<template>AGENT-1 was born on PATIENT-1 .</template>
			</lex>
			<entitymap>
				<entity>AGENT-1 | Buzz_Aldrin</entity>
				<entity>PATIENT-1 | &quot;1930-01-20&quot;</entity>
			</entitymap>
		</entry>
		<entry category="Astronaut" eid="Id35" size="1">
			<originaltripleset>
				<otriple>Buzz_Aldrin | birthName | &quot;Edwin Eugene Aldrin Jr.&quot;@en</otriple>
			</originaltripleset>
			<modifiedtripleset>
				<mtriple>Buzz_Aldrin | birthName | &quot;Edwin Eugene Aldrin Jr.&quot;</mtriple>
			</modifiedtripleset>
			<lex comment="good" lid="Id1">
				<text>Buzz Aldrin's birth name is Edwin Eugene Aldrin Jr.</text>
				<template>AGENT-1 's birth name is PATIENT-1 .</template>
			</lex>
			<lex comment="good" lid="Id2">
				<text>Buzz Aldrin was born as Edwin Eugene Aldrin Jr.</text>
				<template>AGENT-1 was born as PATIENT-1 .</template>
			</lex>
			<lex comment="good" lid="Id3">
				<text>Buzz Aldrin was born Edwin Eugene Aldrin Jr.</text>
				<template>AGENT-1 was born PATIENT-1 .</template>
			</lex>
			<lex comment="good" lid="Id4">
				<text>Buzz Aldrin's birth name was Edwin Eugene Aldrin Jr.</text>
				<template>AGENT-1 's birth name was PATIENT-1 .</template>
			</lex>
			<lex comment="good" lid="Id5">
				<text>Buzz Aldrin was born with the name Edwin Eugene Aldrin Jr.</text>
				<template>AGENT-1 was born with PATIENT-1 .</template>
			</lex>
			<entitymap>
				<entity>AGENT-1 | Buzz_Aldrin</entity>
				<entity>PATIENT-1 | &quot;Edwin Eugene Aldrin Jr.&quot;</entity>
			</entitymap>
		</entry>
		<entry category="Astronaut" eid="Id36" size="1">
			<originaltripleset>
				<otriple>Buzz_Aldrin | birthPlace | Glen_Ridge,_New_Jersey</otriple>
			</originaltripleset>
			<modifiedtripleset>
				<mtriple>Buzz_Aldrin | birthPlace | Glen_Ridge,_New_Jersey</mtriple>
			</modifiedtripleset>
			<lex comment="good" lid="Id1">
				<text>Buzz Aldrin was born in Glen Ridge, New Jersey.</text>
				<template>AGENT-1 was born in PATIENT-1 .</template>
			</lex>
			<lex comment="good" lid="Id2">
				<text>Buzz Aldrin was born in Glen Ridge New Jersey.</text>
				<template>AGENT-1 was born in PATIENT-1 .</template>
			</lex>
			<lex comment="good" lid="Id3">
				<text>Buzz Aldrin's birth place was Glen Ridge, New Jersey.</text>
				<template>AGENT-1 's birth place was PATIENT-1 .</template>
			</lex>
			<entitymap>
				<entity>AGENT-1 | Buzz_Aldrin</entity>
				<entity>PATIENT-1 | Glen_Ridge,_New_Jersey</entity>
			</entitymap>
		</entry>
		<entry category="Astronaut" eid="Id37" size="1">
			<originaltripleset>
				<otriple>Buzz_Aldrin | dateOfRet | &quot;1971-07-01&quot;^^xsd:date</otriple>
			</originaltripleset>
			<modifiedtripleset>
				<mtriple>Buzz_Aldrin | dateOfRetirement | &quot;1971-07-01&quot;</mtriple>
			</modifiedtripleset>
			<lex comment="good" lid="Id1">
				<text>Buzz Aldrin retired on the 7th of January 1971.</text>
				<template>AGENT-1 retired on PATIENT-1 .</template>
			</lex>
			<lex comment="good" lid="Id2">
				<text>Buzz Aldrin date of retirement was 1971/07/01.</text>
				<template>AGENT-1 date of retirement was PATIENT-1 .</template>
			</lex>
			<lex comment="good" lid="Id3">
				<text>Buzz Aldrin's retirement date is &quot;1971-07-01&quot;.</text>
				<template>AGENT-1 's retirement date is `` PATIENT-1 '' .</template>
			</lex>
			<lex comment="good" lid="Id4">
				<text>Buzz Aldrin retired on July 1st, 1971.</text>
				<template>AGENT-1 retired on PATIENT-1 .</template>
			</lex>
			<lex comment="good" lid="Id5">
				<text>Buzz Aldrin retired on July 1, 1971.</text>
				<template>AGENT-1 retired on PATIENT-1 .</template>
			</lex>
			<lex comment="good" lid="Id6">
				<text>Buzz Aldrin retired on the 1st of July 1971.</text>
				<template>AGENT-1 retired on PATIENT-1 .</template>
			</lex>
			<lex comment="good" lid="Id7">
				<text>Buzz Aldrin retired on 1971-07-01.</text>
				<template>AGENT-1 retired on PATIENT-1 .</template>
			</lex>
			<lex comment="good" lid="Id8">
				<text>Buzz Aldrin retired on Jul 1, 1971.</text>
				<template>AGENT-1 retired on PATIENT-1 .</template>
			</lex>
			<entitymap>
				<entity>AGENT-1 | Buzz_Aldrin</entity>
				<entity>PATIENT-1 | &quot;1971-07-01&quot;</entity>
			</entitymap>
		</entry>
		<entry category="Astronaut" eid="Id38" size="1">
			<originaltripleset>
				<otriple>Buzz_Aldrin | occupation | Fighter_pilot</otriple>
			</originaltripleset>
			<modifiedtripleset>
				<mtriple>Buzz_Aldrin | occupation | Fighter_pilot</mtriple>
			</modifiedtripleset>
			<lex comment="good" lid="Id1">
				<text>Buzz Aldrin was a fighter pilot.</text>
				<template>AGENT-1 was PATIENT-1 .</template>
			</lex>
			<lex comment="good" lid="Id2">
				<text>Buzz Aldrin served as a Fighter pilot.</text>
				<template>AGENT-1 served as PATIENT-1 .</template>
			</lex>
			<lex comment="good" lid="Id3">
				<text>Buzz Aldrin's occupation was a fighter pilot.</text>
				<template>AGENT-1 's occupation was PATIENT-1 .</template>
			</lex>
			<lex comment="good" lid="Id4">
				<text>Buzz Aldrin performed as a fighter pilot.</text>
				<template>AGENT-1 performed as PATIENT-1 .</template>
			</lex>
			<entitymap>
				<entity>AGENT-1 | Buzz_Aldrin</entity>
				<entity>PATIENT-1 | Fighter_pilot</entity>
			</entitymap>
		</entry>
		<entry category="Astronaut" eid="Id39" size="1">
			<originaltripleset>
				<otriple>Buzz_Aldrin | status | &quot;Retired&quot;@en</otriple>
			</originaltripleset>
			<modifiedtripleset>
				<mtriple>Buzz_Aldrin | status | &quot;Retired&quot;</mtriple>
			</modifiedtripleset>
			<lex comment="good" lid="Id1">
				<text>Buzz Aldrin is retired.</text>
				<template>AGENT-1 is PATIENT-1 .</template>
			</lex>
			<lex comment="good" lid="Id2">
				<text>Buzz Aldrin is now retired.</text>
				<template>AGENT-1 is now PATIENT-1 .</template>
			</lex>
			<lex comment="good" lid="Id3">
				<text>Buzz Aldrin has retired.</text>
				<template>AGENT-1 has PATIENT-1 .</template>
			</lex>
			<entitymap>
				<entity>AGENT-1 | Buzz_Aldrin</entity>
				<entity>PATIENT-1 | &quot;Retired&quot;</entity>
			</entitymap>
		</entry>
		<entry category="Astronaut" eid="Id40" size="1">
			<originaltripleset>
				<otriple>Buzz_Aldrin | timeInSpace | &quot;52.0&quot;^^&lt;http://dbpedia.org/datatype/minute&gt;</otriple>
			</originaltripleset>
			<modifiedtripleset>
				<mtriple>Buzz_Aldrin | timeInSpace | &quot;52.0&quot;(minutes)</mtriple>
			</modifiedtripleset>
			<lex comment="good" lid="Id1">
				<text>Buzz Aldrin was in space for 52 minutes.</text>
				<template>AGENT-1 was in space for PATIENT-1 .</template>
			</lex>
			<lex comment="good" lid="Id2">
				<text>Buzz Aldrin spent a total of 52.0 minutes in space.</text>
				<template>AGENT-1 spent a total of PATIENT-1 in space .</template>
			</lex>
			<lex comment="good" lid="Id3">
				<text>Buzz Aldrin spent 52.0 minutes in Space.</text>
				<template>AGENT-1 spent PATIENT-1 in Space .</template>
			</lex>
			<lex comment="good" lid="Id4">
				<text>Buzz Aldrin spent 52 minutes in space.</text>
				<template>AGENT-1 spent PATIENT-1 in space .</template>
			</lex>
			<lex comment="good" lid="Id5">
				<text>Buzz Aldrin walked in space 52.0 minutes.</text>
				<template>AGENT-1 walked in for PATIENT-1 .</template>
			</lex>
			<entitymap>
				<entity>AGENT-1 | Buzz_Aldrin</entity>
				<entity>PATIENT-1 | &quot;52.0&quot;(minutes)</entity>
			</entitymap>
		</entry>
		<entry category="Astronaut" eid="Id41" size="1">
			<originaltripleset>
				<otriple>Buzz_Aldrin | ribbon | &quot;Legion of Merit ribbon.svg&quot;@en</otriple>
			</originaltripleset>
			<modifiedtripleset>
				<mtriple>Buzz_Aldrin | was awarded | &quot;Legion of Merit ribbon.svg&quot;</mtriple>
			</modifiedtripleset>
			<lex comment="good" lid="Id1">
				<text>Buzz Aldrin was awarded the Legion of Merit ribbon.</text>
				<template>AGENT-1 was awarded PATIENT-1 .</template>
			</lex>
			<lex comment="good" lid="Id2">
				<text>Buzz Aldrin was awarded with Legion of Merit ribbon.</text>
				<template>AGENT-1 was awarded with PATIENT-1 .</template>
			</lex>
			<lex comment="good" lid="Id3">
				<text>Buzz Aldrin won the Legion of Merit ribbon.</text>
				<template>AGENT-1 won PATIENT-1 .</template>
			</lex>
			<lex comment="good" lid="Id4">
				<text>Buzz Aldrin was awarded the &quot;Legion of Merit&quot; ribbon.</text>
				<template>AGENT-1 was awarded the PATIENT-1 ribbon .</template>
			</lex>
			<lex comment="good" lid="Id5">
				<text>Buzz Aldrin was awarded the 'Legion of Merit' ribbon.</text>
				<template>AGENT-1 was awarded PATIENT-1 .</template>
			</lex>
			<entitymap>
				<entity>AGENT-1 | Buzz_Aldrin</entity>
				<entity>PATIENT-1 | &quot;Legion of Merit ribbon.svg&quot;</entity>
			</entitymap>
		</entry>
		<entry category="Astronaut" eid="Id42" size="1">
			<originaltripleset>
				<otriple>California | fossil | Smilodon</otriple>
			</originaltripleset>
			<modifiedtripleset>
				<mtriple>California | fossil | Smilodon</mtriple>
			</modifiedtripleset>
			<lex comment="good" lid="Id1">
				<text>Smilodon is a fossil from California.</text>
				<template>PATIENT-1 is a fossil from AGENT-1 .</template>
			</lex>
			<lex comment="good" lid="Id2">
				<text>California have fossils of the Smilodon.</text>
				<template>AGENT-1 have fossils of PATIENT-1 .</template>
			</lex>
			<lex comment="good" lid="Id3">
				<text>A Smilodon is a fossil from California.</text>
				<template>PATIENT-1 is a fossil from AGENT-1 .</template>
			</lex>
			<lex comment="good" lid="Id4">
				<text>The Smilodon fossil was found in California.</text>
				<template>The PATIENT-1 fossil was found in AGENT-1 .</template>
			</lex>
			<entitymap>
				<entity>AGENT-1 | California</entity>
				<entity>PATIENT-1 | Smilodon</entity>
			</entitymap>
		</entry>
		<entry category="Astronaut" eid="Id43" size="1">
			<originaltripleset>
				<otriple>California | senators | Dianne_Feinstein</otriple>
			</originaltripleset>
			<modifiedtripleset>
				<mtriple>California | senators | Dianne_Feinstein</mtriple>
			</modifiedtripleset>
			<lex comment="good" lid="Id1">
				<text>The Senator representing California was Dianne Feinstein.</text>
				<template>The Senator representing AGENT-1 was PATIENT-1 .</template>
			</lex>
			<lex comment="good" lid="Id2">
				<text>One of California's senators is Dianne Feinstein.</text>
				<template>One of AGENT-1 senators is PATIENT-1 .</template>
			</lex>
			<lex comment="good" lid="Id3">
				<text>Dianne Feinstein is a senator in California.</text>
				<template>PATIENT-1 is a senator in AGENT-1 .</template>
			</lex>
			<lex comment="good" lid="Id4">
				<text>Dianne Feinstein is a senator in the State of California.</text>
				<template>PATIENT-1 is a senator in AGENT-1 .</template>
			</lex>
			<entitymap>
				<entity>AGENT-1 | California</entity>
				<entity>PATIENT-1 | Dianne_Feinstein</entity>
			</entitymap>
		</entry>
		<entry category="Astronaut" eid="Id44" size="1">
			<originaltripleset>
				<otriple>Dallas | part | Collin_County,_Texas</otriple>
			</originaltripleset>
			<modifiedtripleset>
				<mtriple>Dallas | part | Collin_County,_Texas</mtriple>
			</modifiedtripleset>
			<lex comment="good" lid="Id1">
				<text>Dallas is in Collin County, Texas.</text>
				<template>AGENT-1 is in PATIENT-1 .</template>
			</lex>
			<lex comment="good" lid="Id2">
				<text>Dallas is located in the Collin County in Texas.</text>
				<template>AGENT-1 is located in PATIENT-1 .</template>
			</lex>
			<entitymap>
				<entity>AGENT-1 | Dallas</entity>
				<entity>PATIENT-1 | Collin_County,_Texas</entity>
			</entitymap>
		</entry>
		<entry category="Astronaut" eid="Id45" size="1">
			<originaltripleset>
				<otriple>Dallas | partsType | List_of_counties_in_Texas</otriple>
			</originaltripleset>
			<modifiedtripleset>
				<mtriple>Dallas | partsType | List_of_counties_in_Texas</mtriple>
			</modifiedtripleset>
			<lex comment="good" lid="Id1">
				<text>Dallas is a county in Texas.</text>
				<template>AGENT-1 is in PATIENT-1 .</template>
			</lex>
			<entitymap>
				<entity>AGENT-1 | Dallas</entity>
				<entity>PATIENT-1 | List_of_counties_in_Texas</entity>
			</entitymap>
		</entry>
		<entry category="Astronaut" eid="Id46" size="1">
			<originaltripleset>
				<otriple>Distinguished_Service_Medal_(United_States_Navy) | higher | Department_of_Commerce_Gold_Medal</otriple>
			</originaltripleset>
			<modifiedtripleset>
				<mtriple>Distinguished_Service_Medal_(United_States_Navy) | higher | Department_of_Commerce_Gold_Medal</mtriple>
			</modifiedtripleset>
			<lex comment="good" lid="Id1">
				<text>the Distinguished service medal from the Navy is higher than the department of commerce gold medal.</text>
				<template>AGENT-1 is higher than PATIENT-1 .</template>
			</lex>
			<lex comment="good" lid="Id2">
				<text>The Distinguished Service Medal of the United States Navy is higher than the Department of Commerce Gold Medal.</text>
				<template>AGENT-1 is higher than PATIENT-1 .</template>
			</lex>
			<lex comment="good" lid="Id3">
				<text>Distinguished Service Medal from United States Navy ranks higher than Department of Commerce Gold Medal.</text>
				<template>AGENT-1 ranks higher than PATIENT-1 .</template>
			</lex>
			<entitymap>
				<entity>AGENT-1 | Distinguished_Service_Medal_(United_States_Navy)</entity>
				<entity>PATIENT-1 | Department_of_Commerce_Gold_Medal</entity>
			</entitymap>
		</entry>
		<entry category="Astronaut" eid="Id47" size="1">
			<originaltripleset>
				<otriple>Elliot_See | almaMater | University_of_Texas_at_Austin</otriple>
			</originaltripleset>
			<modifiedtripleset>
				<mtriple>Elliot_See | almaMater | University_of_Texas_at_Austin</mtriple>
			</modifiedtripleset>
			<lex comment="good" lid="Id1">
				<text>Elliot See was a student at University of Texas at Austin.</text>
				<template>AGENT-1 was a student at PATIENT-1 .</template>
			</lex>
			<lex comment="good" lid="Id2">
				<text>Elliot See attended the University of Texas at Austin.</text>
				<template>AGENT-1 attended PATIENT-1 .</template>
			</lex>
			<lex comment="good" lid="Id3">
				<text>Elliot See graduated from the University of Texas at Austin.</text>
				<template>AGENT-1 graduated from PATIENT-1 .</template>
			</lex>
			<entitymap>
				<entity>AGENT-1 | Elliot_See</entity>
				<entity>PATIENT-1 | University_of_Texas_at_Austin</entity>
			</entitymap>
		</entry>
		<entry category="Astronaut" eid="Id48" size="1">
			<originaltripleset>
				<otriple>Elliot_See | birthDate | &quot;1927-07-23&quot;^^xsd:date</otriple>
			</originaltripleset>
			<modifiedtripleset>
				<mtriple>Elliot_See | birthDate | &quot;1927-07-23&quot;</mtriple>
			</modifiedtripleset>
			<lex comment="good" lid="Id1">
				<text>Elliot was born on the 23rd of July 1927.</text>
				<template>AGENT-1 was born on PATIENT-1 .</template>
			</lex>
			<lex comment="good" lid="Id2">
				<text>Elliot See was born on July 23, 1927.</text>
				<template>AGENT-1 was born on PATIENT-1 .</template>
			</lex>
			<lex comment="good" lid="Id3">
				<text>Elliot See was born on July 23rd, 1927.</text>
				<template>AGENT-1 was born on PATIENT-1 .</template>
			</lex>
			<lex comment="good" lid="Id4">
				<text>Elliot See was born on 23rd July 1927.</text>
				<template>AGENT-1 was born on PATIENT-1 .</template>
			</lex>
			<lex comment="good" lid="Id5">
				<text>Elliot See was born on 07/23/1927.</text>
				<template>AGENT-1 was born on PATIENT-1 .</template>
			</lex>
			<entitymap>
				<entity>AGENT-1 | Elliot_See</entity>
				<entity>PATIENT-1 | &quot;1927-07-23&quot;</entity>
			</entitymap>
		</entry>
		<entry category="Astronaut" eid="Id49" size="1">
			<originaltripleset>
				<otriple>Elliot_See | birthPlace | Dallas</otriple>
			</originaltripleset>
			<modifiedtripleset>
				<mtriple>Elliot_See | birthPlace | Dallas</mtriple>
			</modifiedtripleset>
			<lex comment="good" lid="Id1">
				<text>Elliot See was born in Dallas.</text>
				<template>AGENT-1 was born in PATIENT-1 .</template>
			</lex>
			<entitymap>
				<entity>AGENT-1 | Elliot_See</entity>
				<entity>PATIENT-1 | Dallas</entity>
			</entitymap>
		</entry>
		<entry category="Astronaut" eid="Id50" size="1">
			<originaltripleset>
				<otriple>Elliot_See | nationality | United_States</otriple>
			</originaltripleset>
			<modifiedtripleset>
				<mtriple>Elliot_See | nationality | United_States</mtriple>
			</modifiedtripleset>
			<lex comment="good" lid="Id1">
				<text>The nationality of Elliot See is United States.</text>
				<template>The nationality of AGENT-1 is PATIENT-1 .</template>
			</lex>
			<lex comment="good" lid="Id2">
				<text>Elliot See had a nationality that was of the United States.</text>
				<template>AGENT-1 had a nationality that was of PATIENT-1 .</template>
			</lex>
			<lex comment="good" lid="Id3">
				<text>Elliot See is from the United States.</text>
				<template>AGENT-1 is from PATIENT-1 .</template>
			</lex>
			<lex comment="good" lid="Id4">
				<text>Elliot See is a United States national.</text>
				<template>AGENT-1 is PATIENT-1 national .</template>
			</lex>
			<entitymap>
				<entity>AGENT-1 | Elliot_See</entity>
				<entity>PATIENT-1 | United_States</entity>
			</entitymap>
		</entry>
		<entry category="Astronaut" eid="Id51" size="1">
			<originaltripleset>
				<otriple>Elliot_See | selection | 1962</otriple>
			</originaltripleset>
			<modifiedtripleset>
				<mtriple>Elliot_See | was selected by NASA | 1962</mtriple>
			</modifiedtripleset>
			<lex comment="good" lid="Id1">
				<text>NASA selected Elliot See in 1962.</text>
				<template>NASA selected AGENT-1 in PATIENT-1 .</template>
			</lex>
			<lex comment="good" lid="Id2">
				<text>Elliot See joined NASA in 1962.</text>
				<template>AGENT-1 joined NASA in PATIENT-1 .</template>
			</lex>
			<lex comment="good" lid="Id3">
				<text>Elliot See was selected by NASA in 1962.</text>
				<template>AGENT-1 was selected by NASA in PATIENT-1 .</template>
			</lex>
			<lex comment="toFix" lid="Id4">
				<text>Elliot See worked for NASA beginning in 1962,.</text>
				<template>AGENT-1 worked for NASA beginning in PATIENT-1 , .</template>
			</lex>
			<lex comment="good" lid="Id5">
				<text>Elliot See was chosen by NASA in 1962.</text>
				<template>AGENT-1 was chosen by NASA in PATIENT-1 .</template>
			</lex>
			<entitymap>
				<entity>AGENT-1 | Elliot_See</entity>
				<entity>PATIENT-1 | 1962</entity>
			</entitymap>
		</entry>
		<entry category="Astronaut" eid="Id52" size="1">
			<originaltripleset>
				<otriple>Glen_Ridge,_New_Jersey | isPartOf | Essex_County,_New_Jersey</otriple>
			</originaltripleset>
			<modifiedtripleset>
				<mtriple>Glen_Ridge,_New_Jersey | isPartOf | Essex_County,_New_Jersey</mtriple>
			</modifiedtripleset>
			<lex comment="good" lid="Id1">
				<text>Glen Ridge is in the Essex County in New Jersey.</text>
				<template>AGENT-1 is in PATIENT-1 .</template>
			</lex>
			<lex comment="good" lid="Id2">
				<text>Glen Ridge is located in the Essex County in New Jersey.</text>
				<template>AGENT-1 is located in PATIENT-1 .</template>
			</lex>
			<lex comment="good" lid="Id3">
				<text>Glen Ridge, New Jersey is situated in the Essex County.</text>
				<template>AGENT-1 is situated in PATIENT-1 .</template>
			</lex>
			<entitymap>
				<entity>AGENT-1 | Glen_Ridge,_New_Jersey</entity>
				<entity>PATIENT-1 | Essex_County,_New_Jersey</entity>
			</entitymap>
		</entry>
		<entry category="Astronaut" eid="Id53" size="1">
			<originaltripleset>
				<otriple>New_Hampshire | bird | Purple_finch</otriple>
			</originaltripleset>
			<modifiedtripleset>
				<mtriple>New_Hampshire | bird | Purple_finch</mtriple>
			</modifiedtripleset>
			<lex comment="good" lid="Id1">
				<text>The purple finch is a native bird to New Hampshire.</text>
				<template>PATIENT-1 is a native bird to AGENT-1 .</template>
			</lex>
			<lex comment="good" lid="Id2">
				<text>The Purple finch is a bird found in New Hampshire.</text>
				<template>PATIENT-1 is a bird found in AGENT-1 .</template>
			</lex>
			<lex comment="good" lid="Id3">
				<text>The Purple Finch is a New Hampshire bird.</text>
				<template>PATIENT-1 is a AGENT-1 bird .</template>
			</lex>
			<lex comment="good" lid="Id4">
				<text>The Purple Finch is a bird living in New Hampshire.</text>
				<template>PATIENT-1 is a bird living in AGENT-1 .</template>
			</lex>
			<lex comment="good" lid="Id5">
				<text>The New Hampshire state bird is the purple finch.</text>
				<template>AGENT-1 bird is PATIENT-1 .</template>
			</lex>
			<entitymap>
				<entity>AGENT-1 | New_Hampshire</entity>
				<entity>PATIENT-1 | Purple_finch</entity>
			</entitymap>
		</entry>
		<entry category="Astronaut" eid="Id54" size="1">
			<originaltripleset>
				<otriple>St._Louis | isPartOf | Kingdom_of_France</otriple>
			</originaltripleset>
			<modifiedtripleset>
				<mtriple>St._Louis | isPartOf | Kingdom_of_France</mtriple>
			</modifiedtripleset>
			<lex comment="good" lid="Id1">
				<text>St. Louis was situated in the Kingdom of France.</text>
				<template>AGENT-1 was situated in PATIENT-1 .</template>
			</lex>
			<lex comment="good" lid="Id2">
				<text>St. Louis was part of the Kingdom of France.</text>
				<template>AGENT-1 was part of PATIENT-1 .</template>
			</lex>
			<lex comment="good" lid="Id3">
				<text>St. Louis is part of the Kingdom of France.</text>
				<template>AGENT-1 is part of PATIENT-1 .</template>
			</lex>
			<lex comment="good" lid="Id4">
				<text>St. Louis was a part of the kingdom of France.</text>
				<template>AGENT-1 was a part of PATIENT-1 .</template>
			</lex>
			<entitymap>
				<entity>AGENT-1 | St._Louis</entity>
				<entity>PATIENT-1 | Kingdom_of_France</entity>
			</entitymap>
		</entry>
		<entry category="Astronaut" eid="Id55" size="1">
			<originaltripleset>
				<otriple>St._Louis | leaderName | Francis_G._Slay</otriple>
			</originaltripleset>
			<modifiedtripleset>
				<mtriple>St._Louis | leaderName | Francis_G._Slay</mtriple>
			</modifiedtripleset>
			<lex comment="good" lid="Id1">
				<text>The name of St Louis' leader is Francis G. Slay.</text>
				<template>The name of AGENT-1 leader is PATIENT-1 .</template>
			</lex>
			<lex comment="good" lid="Id2">
				<text>Francis G Slay is the Mayor of St Louis.</text>
				<template>PATIENT-1 is the Mayor of AGENT-1 .</template>
			</lex>
			<entitymap>
				<entity>AGENT-1 | St._Louis</entity>
				<entity>PATIENT-1 | Francis_G._Slay</entity>
			</entitymap>
		</entry>
		<entry category="Astronaut" eid="Id56" size="1">
			<originaltripleset>
				<otriple>United_States | leader | Joe_Biden</otriple>
			</originaltripleset>
			<modifiedtripleset>
				<mtriple>United_States | leader | Joe_Biden</mtriple>
			</modifiedtripleset>
			<lex comment="good" lid="Id1">
				<text>Joe Biden is the United States leader.</text>
				<template>PATIENT-1 is the AGENT-1 leader .</template>
			</lex>
			<lex comment="good" lid="Id2">
				<text>Joe Biden is a United States leader.</text>
				<template>PATIENT-1 is a AGENT-1 leader .</template>
			</lex>
			<lex comment="good" lid="Id3">
				<text>Joe Biden was a representative of the United States.</text>
				<template>PATIENT-1 was a representative of AGENT-1 .</template>
			</lex>
			<lex comment="good" lid="Id4">
				<text>Joe Biden is a leader of the United States.</text>
				<template>PATIENT-1 is a leader of AGENT-1 .</template>
			</lex>
			<entitymap>
				<entity>AGENT-1 | United_States</entity>
				<entity>PATIENT-1 | Joe_Biden</entity>
			</entitymap>
		</entry>
		<entry category="Astronaut" eid="Id57" size="1">
			<originaltripleset>
				<otriple>United_States | leaderName | Joe_Biden</otriple>
			</originaltripleset>
			<modifiedtripleset>
				<mtriple>United_States | leaderName | Joe_Biden</mtriple>
			</modifiedtripleset>
			<lex comment="good" lid="Id1">
				<text>The United States leader was called Joe Biden.</text>
				<template>The AGENT-1 leader was called PATIENT-1 .</template>
			</lex>
			<lex comment="good" lid="Id2">
				<text>Joe Biden served as United State's vice president.</text>
				<template>PATIENT-1 served as AGENT-1 vice president .</template>
			</lex>
			<lex comment="good" lid="Id3">
				<text>Joe Biden is a United States leader.</text>
				<template>PATIENT-1 is a AGENT-1 leader .</template>
			</lex>
			<entitymap>
				<entity>AGENT-1 | United_States</entity>
				<entity>PATIENT-1 | Joe_Biden</entity>
			</entitymap>
		</entry>
		<entry category="Astronaut" eid="Id58" size="1">
			<originaltripleset>
				<otriple>University_of_Texas_at_Austin | affiliation | University_of_Texas_System</otriple>
			</originaltripleset>
			<modifiedtripleset>
				<mtriple>University_of_Texas_at_Austin | affiliation | University_of_Texas_System</mtriple>
			</modifiedtripleset>
			<lex comment="good" lid="Id1">
				<text>University of Texas at Austin is affiliated with University of Texas System.</text>
				<template>AGENT-1 is affiliated with PATIENT-1 .</template>
			</lex>
			<lex comment="good" lid="Id2">
				<text>The University of Texas, Austin, is affiliated with the University of Texas System.</text>
				<template>AGENT-1 is affiliated with PATIENT-1 .</template>
			</lex>
			<entitymap>
				<entity>AGENT-1 | University_of_Texas_at_Austin</entity>
				<entity>PATIENT-1 | University_of_Texas_System</entity>
			</entitymap>
		</entry>
		<entry category="Astronaut" eid="Id59" size="1">
			<originaltripleset>
				<otriple>University_of_Texas_at_Austin | athletics | Big_12_Conference</otriple>
			</originaltripleset>
			<modifiedtripleset>
				<mtriple>University_of_Texas_at_Austin | compete in | Big_12_Conference</mtriple>
			</modifiedtripleset>
			<lex comment="good" lid="Id1">
				<text>The University of Texas at Austin is competing in the Big 12 Conference.</text>
				<template>AGENT-1 is competing in PATIENT-1 .</template>
			</lex>
			<lex comment="good" lid="Id2">
				<text>The University of Texas, Austin, will compete in the Big 12 Conference.</text>
				<template>AGENT-1 will compete in PATIENT-1 .</template>
			</lex>
			<lex comment="good" lid="Id3">
				<text>The University of Texas competed in the Big 12 Conference in Austin.</text>
				<template>AGENT-1 competed in PATIENT-1 .</template>
			</lex>
			<entitymap>
				<entity>AGENT-1 | University_of_Texas_at_Austin</entity>
				<entity>PATIENT-1 | Big_12_Conference</entity>
			</entitymap>
		</entry>
		<entry category="Astronaut" eid="Id60" size="1">
			<originaltripleset>
				<otriple>University_of_Texas_at_Austin | president | Gregory_L._Fenves</otriple>
			</originaltripleset>
			<modifiedtripleset>
				<mtriple>University_of_Texas_at_Austin | president | Gregory_L._Fenves</mtriple>
			</modifiedtripleset>
			<lex comment="good" lid="Id1">
				<text>Gregory L. Fenves is the President of University of Texas at Austin.</text>
				<template>PATIENT-1 is the President of AGENT-1 .</template>
			</lex>
			<lex comment="good" lid="Id2">
				<text>Gregory L. Fenves is the appointed president of the University of Texas at Austin.</text>
				<template>PATIENT-1 is the appointed president of AGENT-1 .</template>
			</lex>
			<lex comment="good" lid="Id3">
				<text>Gregory L. Fenves was appointed as the president of the University of Texas at Ausitin.</text>
				<template>PATIENT-1 was appointed as the president of AGENT-1 .</template>
			</lex>
			<entitymap>
				<entity>AGENT-1 | University_of_Texas_at_Austin</entity>
				<entity>PATIENT-1 | Gregory_L._Fenves</entity>
			</entitymap>
		</entry>
		<entry category="Astronaut" eid="Id61" size="1">
			<originaltripleset>
				<otriple>William_Anders | almaMater | &quot;AFIT, M.S. 1962&quot;@en</otriple>
			</originaltripleset>
			<modifiedtripleset>
				<mtriple>William_Anders | almaMater | &quot;AFIT, M.S. 1962&quot;</mtriple>
			</modifiedtripleset>
			<lex comment="toFix" lid="Id1">
				<text>In 1962, William Anders received a M.S. from his alma Mater, AFIT.</text>
				<template>AGENT-1 received PATIENT-1 from AGENT-1 alma Mater .</template>
			</lex>
			<lex comment="good" lid="Id2">
				<text>William Anders graduated, with an M.S., from AFIT in 1962.</text>
				<template>AGENT-1 graduated from PATIENT-1 .</template>
			</lex>
			<lex comment="good" lid="Id3">
				<text>William Anders graduated from AFIT in 1962 with an M.S.</text>
				<template>AGENT-1 graduated from PATIENT-1 .</template>
			</lex>
			<lex comment="good" lid="Id4">
				<text>William Anders graduated from AFIT, M.S. in 1962.</text>
				<template>AGENT-1 graduated from PATIENT-1 .</template>
			</lex>
			<entitymap>
				<entity>AGENT-1 | William_Anders</entity>
				<entity>PATIENT-1 | &quot;AFIT, M.S. 1962&quot;</entity>
			</entitymap>
		</entry>
		<entry category="Astronaut" eid="Id62" size="1">
			<originaltripleset>
				<otriple>William_Anders | birthDate | &quot;1933-10-17&quot;^^xsd:date</otriple>
			</originaltripleset>
			<modifiedtripleset>
				<mtriple>William_Anders | birthDate | &quot;1933-10-17&quot;</mtriple>
			</modifiedtripleset>
			<lex comment="good" lid="Id1">
				<text>William Anders was born on October 17th, 1933.</text>
				<template>AGENT-1 was born on PATIENT-1 .</template>
			</lex>
			<lex comment="good" lid="Id2">
				<text>William Anders was born October 17th 1933.</text>
				<template>AGENT-1 was born PATIENT-1 .</template>
			</lex>
			<lex comment="good" lid="Id3">
				<text>William Anders was born on October 17, 1933.</text>
				<template>AGENT-1 was born on PATIENT-1 .</template>
			</lex>
			<lex comment="good" lid="Id4">
				<text>William Anders was born 1933-10-17.</text>
				<template>AGENT-1 was born PATIENT-1 .</template>
			</lex>
			<lex comment="good" lid="Id5">
				<text>William Anders was born on the 17th of October 1933.</text>
				<template>AGENT-1 was born on PATIENT-1 .</template>
			</lex>
			<entitymap>
				<entity>AGENT-1 | William_Anders</entity>
				<entity>PATIENT-1 | &quot;1933-10-17&quot;</entity>
			</entitymap>
		</entry>
		<entry category="Astronaut" eid="Id63" size="1">
			<originaltripleset>
				<otriple>William_Anders | birthPlace | British_Hong_Kong</otriple>
			</originaltripleset>
			<modifiedtripleset>
				<mtriple>William_Anders | birthPlace | British_Hong_Kong</mtriple>
			</modifiedtripleset>
			<lex comment="good" lid="Id1">
				<text>William Anders was born in British Hong Kong.</text>
				<template>AGENT-1 was born in PATIENT-1 .</template>
			</lex>
			<entitymap>
				<entity>AGENT-1 | William_Anders</entity>
				<entity>PATIENT-1 | British_Hong_Kong</entity>
			</entitymap>
		</entry>
		<entry category="Astronaut" eid="Id64" size="1">
			<originaltripleset>
				<otriple>William_Anders | dateOfRet | &quot;1969-09-01&quot;^^xsd:date</otriple>
			</originaltripleset>
			<modifiedtripleset>
				<mtriple>William_Anders | dateOfRetirement | &quot;1969-09-01&quot;</mtriple>
			</modifiedtripleset>
			<lex comment="good" lid="Id1">
				<text>William Anders retired on September 1st, 1969.</text>
				<template>AGENT-1 retired on PATIENT-1 .</template>
			</lex>
			<lex comment="good" lid="Id2">
				<text>William Anders retired Sept 1st 1969.</text>
				<template>AGENT-1 retired PATIENT-1 .</template>
			</lex>
			<lex comment="good" lid="Id3">
				<text>William Anders retired on September 1, 1969.</text>
				<template>AGENT-1 retired on PATIENT-1 .</template>
			</lex>
			<lex comment="good" lid="Id4">
				<text>William Anders retired in 1969-09-01.</text>
				<template>AGENT-1 retired in PATIENT-1 .</template>
			</lex>
			<lex comment="good" lid="Id5">
				<text>William Anders retired 1969-09-01.</text>
				<template>AGENT-1 retired PATIENT-1 .</template>
			</lex>
			<lex comment="good" lid="Id6">
				<text>William Anders retired on the 1st of September 1969.</text>
				<template>AGENT-1 retired on PATIENT-1 .</template>
			</lex>
			<entitymap>
				<entity>AGENT-1 | William_Anders</entity>
				<entity>PATIENT-1 | &quot;1969-09-01&quot;</entity>
			</entitymap>
		</entry>
		<entry category="Astronaut" eid="Id65" size="1">
			<originaltripleset>
				<otriple>William_Anders | nationality | United_States</otriple>
			</originaltripleset>
			<modifiedtripleset>
				<mtriple>William_Anders | nationality | United_States</mtriple>
			</modifiedtripleset>
			<lex comment="good" lid="Id1">
				<text>Willian Anders has a nationality that is of the United States.</text>
				<template>AGENT-1 has a nationality that is of PATIENT-1 .</template>
			</lex>
			<lex comment="good" lid="Id2">
				<text>William Anders is an American.</text>
				<template>AGENT-1 is PATIENT-1 .</template>
			</lex>
			<lex comment="good" lid="Id3">
				<text>The nationality of William Anders is United States.</text>
				<template>The nationality of AGENT-1 is PATIENT-1 .</template>
			</lex>
			<lex comment="good" lid="Id4">
				<text>William Anders is from the United States.</text>
				<template>AGENT-1 is from PATIENT-1 .</template>
			</lex>
			<lex comment="good" lid="Id5">
				<text>William Anders was from the United STates.</text>
				<template>AGENT-1 was from PATIENT-1 .</template>
			</lex>
			<lex comment="good" lid="Id6">
				<text>William Anders is a US national.</text>
				<template>AGENT-1 is PATIENT-1 national .</template>
			</lex>
			<entitymap>
				<entity>AGENT-1 | William_Anders</entity>
				<entity>PATIENT-1 | United_States</entity>
			</entitymap>
		</entry>
		<entry category="Astronaut" eid="Id66" size="1">
			<originaltripleset>
				<otriple>William_Anders | occupation | Fighter_pilot</otriple>
			</originaltripleset>
			<modifiedtripleset>
				<mtriple>William_Anders | occupation | Fighter_pilot</mtriple>
			</modifiedtripleset>
			<lex comment="good" lid="Id1">
				<text>William Anders was a Fighter pilot.</text>
				<template>AGENT-1 was PATIENT-1 .</template>
			</lex>
			<lex comment="good" lid="Id2">
				<text>William Anders served as a Fighter pilot.</text>
				<template>AGENT-1 served as PATIENT-1 .</template>
			</lex>
			<lex comment="good" lid="Id3">
				<text>William Anders is a fighter pilot.</text>
				<template>AGENT-1 is PATIENT-1 .</template>
			</lex>
			<lex comment="good" lid="Id4">
				<text>William Anders is a test pilot.</text>
				<template>AGENT-1 is PATIENT-1 .</template>
			</lex>
			<entitymap>
				<entity>AGENT-1 | William_Anders</entity>
				<entity>PATIENT-1 | Fighter_pilot</entity>
			</entitymap>
		</entry>
		<entry category="Astronaut" eid="Id67" size="1">
			<originaltripleset>
				<otriple>William_Anders | years | 1976</otriple>
			</originaltripleset>
			<modifiedtripleset>
				<mtriple>William_Anders | served as Chief of the Astronaut Office in | 1976</mtriple>
			</modifiedtripleset>
			<lex comment="good" lid="Id1">
				<text>William Anders served as Chief of the Astronaut Office in 1976.</text>
				<template>AGENT-1 served as Chief of the Astronaut Office in PATIENT-1 .</template>
			</lex>
			<entitymap>
				<entity>AGENT-1 | William_Anders</entity>
				<entity>PATIENT-1 | 1976</entity>
			</entitymap>
		</entry>
		<entry category="Astronaut" eid="Id68" size="1">
			<originaltripleset>
				<otriple>William_Anders | status | &quot;Retired&quot;@en</otriple>
			</originaltripleset>
			<modifiedtripleset>
				<mtriple>William_Anders | status | &quot;Retired&quot;</mtriple>
			</modifiedtripleset>
			<lex comment="good" lid="Id1">
				<text>William Anders is retired.</text>
				<template>AGENT-1 is PATIENT-1 .</template>
			</lex>
			<lex comment="good" lid="Id2">
				<text>William Anders is now retired.</text>
				<template>AGENT-1 is now PATIENT-1 .</template>
			</lex>
			<lex comment="good" lid="Id3">
				<text>William Anders has retired.</text>
				<template>AGENT-1 has PATIENT-1 .</template>
			</lex>
			<entitymap>
				<entity>AGENT-1 | William_Anders</entity>
				<entity>PATIENT-1 | &quot;Retired&quot;</entity>
			</entitymap>
		</entry>
		<entry category="Astronaut" eid="Id69" size="1">
			<originaltripleset>
				<otriple>William_Anders | timeInSpace | &quot;8820.0&quot;^^&lt;http://dbpedia.org/datatype/minute&gt;</otriple>
			</originaltripleset>
			<modifiedtripleset>
				<mtriple>William_Anders | timeInSpace | &quot;8820.0&quot;(minutes)</mtriple>
			</modifiedtripleset>
			<lex comment="good" lid="Id1">
				<text>William anders spent 8820 minutes in space.</text>
				<template>AGENT-1 spent PATIENT-1 in space .</template>
			</lex>
			<lex comment="good" lid="Id2">
				<text>William Anders spent 8820.0 minutes in space.</text>
				<template>AGENT-1 spent PATIENT-1 in space .</template>
			</lex>
			<lex comment="good" lid="Id3">
				<text>William Anders time in space has been 8820.0 minutes.</text>
				<template>AGENT-1 time in space has been PATIENT-1 .</template>
			</lex>
			<lex comment="good" lid="Id4">
				<text>William Anders walked in space 8820.0 minutes.</text>
				<template>AGENT-1 walked in space PATIENT-1 .</template>
			</lex>
			<lex comment="good" lid="Id5">
				<text>William Anders time in space is 8820.0 minutes.</text>
				<template>AGENT-1 time in space is PATIENT-1 .</template>
			</lex>
			<entitymap>
				<entity>AGENT-1 | William_Anders</entity>
				<entity>PATIENT-1 | &quot;8820.0&quot;(minutes)</entity>
			</entitymap>
		</entry>
		<entry category="Astronaut" eid="Id70" size="1">
			<originaltripleset>
				<otriple>William_Anders | title | United_States_Ambassador_to_Norway</otriple>
			</originaltripleset>
			<modifiedtripleset>
				<mtriple>William_Anders | title | United_States_Ambassador_to_Norway</mtriple>
			</modifiedtripleset>
			<lex comment="good" lid="Id1">
				<text>William Anders serves as Ambassador to Norway in the United States.</text>
				<template>AGENT-1 serves as PATIENT-1 .</template>
			</lex>
			<lex comment="good" lid="Id2">
				<text>William Anders official title is the United States Ambassador to Norway.</text>
				<template>AGENT-1 official title is PATIENT-1 .</template>
			</lex>
			<lex comment="good" lid="Id3">
				<text>United States's Ambassador to Norway is William Anders.</text>
				<template>PATIENT-1 is AGENT-1 .</template>
			</lex>
			<lex comment="good" lid="Id4">
				<text>William Anders is the US Ambassador to Norway.</text>
				<template>AGENT-1 is PATIENT-1 .</template>
			</lex>
			<lex comment="good" lid="Id5">
				<text>William Anders' title is the US Ambassador to Norway.</text>
				<template>AGENT-1 ' title is PATIENT-1 .</template>
			</lex>
			<lex comment="good" lid="Id6">
				<text>William Anders title is the United States Ambassador to Norway.</text>
				<template>AGENT-1 title is PATIENT-1 .</template>
			</lex>
			<lex comment="good" lid="Id7">
				<text>William Anders is the United States Ambassador to Norway.</text>
				<template>AGENT-1 is PATIENT-1 .</template>
			</lex>
			<entitymap>
				<entity>AGENT-1 | William_Anders</entity>
				<entity>PATIENT-1 | United_States_Ambassador_to_Norway</entity>
			</entitymap>
		</entry>
		<entry category="Astronaut" eid="Id71" size="1">
			<originaltripleset>
				<otriple>William_Anders | mission | Apollo_8</otriple>
			</originaltripleset>
			<modifiedtripleset>
				<mtriple>William_Anders | was a crew member of | Apollo_8</mtriple>
			</modifiedtripleset>
			<lex comment="good" lid="Id1">
				<text>William Anders served as a crew member on Apollo 8.</text>
				<template>AGENT-1 served as a crew member on PATIENT-1 .</template>
			</lex>
			<lex comment="good" lid="Id2">
				<text>William Anders served as a crew member of Apollo 8.</text>
				<template>AGENT-1 served as a crew member of PATIENT-1 .</template>
			</lex>
			<lex comment="good" lid="Id3">
				<text>William Anders crewed Apollo 8.</text>
				<template>AGENT-1 crewed PATIENT-1 .</template>
			</lex>
			<lex comment="good" lid="Id4">
				<text>William Anders was a crew member on Apollo 8.</text>
				<template>AGENT-1 was a crew member on PATIENT-1 .</template>
			</lex>
			<lex comment="good" lid="Id5">
				<text>William Anders was a member of the Apollo 8 crew.</text>
				<template>AGENT-1 was a member of the PATIENT-1 crew .</template>
			</lex>
			<lex comment="good" lid="Id6">
				<text>William Anders was a member of Apollo 8's crew.</text>
				<template>AGENT-1 was a member of PATIENT-1 's crew .</template>
			</lex>
			<entitymap>
				<entity>AGENT-1 | William_Anders</entity>
				<entity>PATIENT-1 | Apollo_8</entity>
			</entitymap>
		</entry>
		<entry category="Astronaut" eid="Id72" size="1">
			<originaltripleset>
				<otriple>William_Anders | selection | 1963</otriple>
			</originaltripleset>
			<modifiedtripleset>
				<mtriple>William_Anders | was selected by NASA | 1963</mtriple>
			</modifiedtripleset>
			<lex comment="good" lid="Id1">
				<text>William Anders was selected by NASA in 1963.</text>
				<template>AGENT-1 was selected by NASA in PATIENT-1 .</template>
			</lex>
			<lex comment="good" lid="Id2">
				<text>William Anders joined NASA in 1963.</text>
				<template>AGENT-1 joined NASA in PATIENT-1 .</template>
			</lex>
			<lex comment="good" lid="Id3">
				<text>William Anders was chosen by NASA in 1963.</text>
				<template>AGENT-1 was chosen by NASA in PATIENT-1 .</template>
			</lex>
			<entitymap>
				<entity>AGENT-1 | William_Anders</entity>
				<entity>PATIENT-1 | 1963</entity>
			</entitymap>
		</entry>
	</entries>
</benchmark>
