<?xml version="1.0" ?>
<benchmark>
	<entries>
		<entry category="ComicsCharacter" eid="Id1" size="1">
			<originaltripleset>
				<otriple>Airman_(comics) | alterEgo | &quot;Drake Stevens&quot;@en</otriple>
			</originaltripleset>
			<modifiedtripleset>
				<mtriple>Airman_(comicsCharacter) | alternativeName | &quot;Drake Stevens&quot;</mtriple>
			</modifiedtripleset>
			<lex comment="good" lid="Id1">
				<text>&quot;Drake Stevens&quot; is known as the comic character Airman.</text>
				<template>`` PATIENT-1 '' is known as AGENT-1 .</template>
			</lex>
			<lex comment="good" lid="Id2">
				<text>Airman's alternative name is Drake Stevens.</text>
				<template>AGENT-1 alternative name is PATIENT-1 .</template>
			</lex>
			<lex comment="good" lid="Id3">
				<text>The alternative name of Airman (comics character) is &quot;Drake Stevens&quot;.</text>
				<template>The alternative name of AGENT-1 is `` PATIENT-1 '' .</template>
			</lex>
			<entitymap>
				<entity>AGENT-1 | Airman_(comicsCharacter)</entity>
				<entity>PATIENT-1 | &quot;Drake Stevens&quot;</entity>
			</entitymap>
		</entry>
		<entry category="ComicsCharacter" eid="Id2" size="1">
			<originaltripleset>
				<otriple>Airman_(comics) | creators | George_Kapitan</otriple>
			</originaltripleset>
			<originaltripleset>
				<otriple>Airman_(comics) | creator | George_Kapitan</otriple>
			</originaltripleset>
			<modifiedtripleset>
				<mtriple>Airman_(comicsCharacter) | creator | George_Kapitan</mtriple>
			</modifiedtripleset>
			<lex comment="good" lid="Id1">
				<text>The creator of Airman, (comics character) is George Kapitan.</text>
				<template>The creator of AGENT-1 is PATIENT-1 .</template>
			</lex>
			<lex comment="good" lid="Id2">
				<text>The creator of Airman (comics character) is George Kapitan.</text>
				<template>The creator of AGENT-1 is PATIENT-1 .</template>
			</lex>
			<lex comment="good" lid="Id3">
				<text>George Kapitan created the comic character Airman.</text>
				<template>PATIENT-1 created AGENT-1 .</template>
			</lex>
			<entitymap>
				<entity>AGENT-1 | Airman_(comicsCharacter)</entity>
				<entity>PATIENT-1 | George_Kapitan</entity>
			</entitymap>
		</entry>
		<entry category="ComicsCharacter" eid="Id3" size="1">
			<originaltripleset>
				<otriple>Airman_(comics) | creators | Harry_Sahle</otriple>
			</originaltripleset>
			<originaltripleset>
				<otriple>Airman_(comics) | creator | Harry_Sahle</otriple>
			</originaltripleset>
			<modifiedtripleset>
				<mtriple>Airman_(comicsCharacter) | creator | Harry_Sahle</mtriple>
			</modifiedtripleset>
			<lex comment="good" lid="Id1">
				<text>The comic character, Airman, was created by Harry Sahle.</text>
				<template>AGENT-1 was created by PATIENT-1 .</template>
			</lex>
			<lex comment="good" lid="Id2">
				<text>The creator of Airman (comics character) is Harry Sahle.</text>
				<template>The creator of AGENT-1 is PATIENT-1 .</template>
			</lex>
			<lex comment="good" lid="Id3">
				<text>The comic book character Airman was created by Harry Sahle.</text>
				<template>AGENT-1 was created by PATIENT-1 .</template>
			</lex>
			<entitymap>
				<entity>AGENT-1 | Airman_(comicsCharacter)</entity>
				<entity>PATIENT-1 | Harry_Sahle</entity>
			</entitymap>
		</entry>
		<entry category="ComicsCharacter" eid="Id4" size="1">
			<originaltripleset>
				<otriple>Amazing-Man_(Centaur_Publications) | alterEgo | &quot;John Aman&quot;@en</otriple>
			</originaltripleset>
			<modifiedtripleset>
				<mtriple>Amazing-Man_(comicsCharacter) | alternativeName | &quot;John Aman&quot;</mtriple>
			</modifiedtripleset>
			<lex comment="good" lid="Id1">
				<text>John Aman, is the alternative name for the comic character, Amazing-Man.</text>
				<template>PATIENT-1 is the alternative name for AGENT-1 .</template>
			</lex>
			<lex comment="good" lid="Id2">
				<text>The comic book character Amazing-Man's alter ego is John Aman.</text>
				<template>AGENT-1 alter ego is PATIENT-1 .</template>
			</lex>
			<lex comment="good" lid="Id3">
				<text>John Aman is also known as Amazing-Man in the comics genre.</text>
				<template>PATIENT-1 is also known as AGENT-1 in the comics genre .</template>
			</lex>
			<entitymap>
				<entity>AGENT-1 | Amazing-Man_(comicsCharacter)</entity>
				<entity>PATIENT-1 | &quot;John Aman&quot;</entity>
			</entitymap>
		</entry>
		<entry category="ComicsCharacter" eid="Id5" size="1">
			<originaltripleset>
				<otriple>Amazing-Man_(Centaur_Publications) | creators | Bill_Everett</otriple>
			</originaltripleset>
			<originaltripleset>
				<otriple>Amazing-Man_(Centaur_Publications) | creator | Bill_Everett</otriple>
			</originaltripleset>
			<modifiedtripleset>
				<mtriple>Amazing-Man_(comicsCharacter) | creator | Bill_Everett</mtriple>
			</modifiedtripleset>
			<lex comment="good" lid="Id1">
				<text>Bill Everett is the creator of the comic character, Amazing-Man.</text>
				<template>PATIENT-1 is the creator of AGENT-1 .</template>
			</lex>
			<lex comment="good" lid="Id2">
				<text>The comic book character Amazing-Man was created by Bill Everett.</text>
				<template>AGENT-1 was created by PATIENT-1 .</template>
			</lex>
			<lex comment="good" lid="Id3">
				<text>The comic character Amazing Man was created by Bill Everett.</text>
				<template>AGENT-1 was created by PATIENT-1 .</template>
			</lex>
			<entitymap>
				<entity>AGENT-1 | Amazing-Man_(comicsCharacter)</entity>
				<entity>PATIENT-1 | Bill_Everett</entity>
			</entitymap>
		</entry>
		<entry category="ComicsCharacter" eid="Id6" size="1">
			<originaltripleset>
				<otriple>April_O'Neil | creators | Peter_Laird</otriple>
			</originaltripleset>
			<originaltripleset>
				<otriple>April_O'Neil | creator | Peter_Laird</otriple>
			</originaltripleset>
			<modifiedtripleset>
				<mtriple>April_O'Neil | creator | Peter_Laird</mtriple>
			</modifiedtripleset>
			<lex comment="good" lid="Id1">
				<text>The character, April O'Neal, was created by Peter Laird.</text>
				<template>AGENT-1 was created by PATIENT-1 .</template>
			</lex>
			<lex comment="good" lid="Id2">
				<text>April O'Neil was created by Peter Laird.</text>
				<template>AGENT-1 was created by PATIENT-1 .</template>
			</lex>
			<lex comment="good" lid="Id3">
				<text>The creator of April O'Neil is Peter Laird.</text>
				<template>The creator of AGENT-1 is PATIENT-1 .</template>
			</lex>
			<entitymap>
				<entity>AGENT-1 | April_ONeil</entity>
				<entity>PATIENT-1 | Peter_Laird</entity>
			</entitymap>
		</entry>
		<entry category="ComicsCharacter" eid="Id7" size="1">
			<originaltripleset>
				<otriple>Arion_(comics) | alterEgo | &quot;Ahri'ahn&quot;@en</otriple>
			</originaltripleset>
			<modifiedtripleset>
				<mtriple>Arion_(comicsCharacter) | alternativeName | &quot;Ahri'ahn&quot;</mtriple>
			</modifiedtripleset>
			<lex comment="good" lid="Id1">
				<text>The comic character, Arion, is also known by he name Ahri'ahn.</text>
				<template>AGENT-1 is also known by AGENT-1 name PATIENT-1 .</template>
			</lex>
			<lex comment="good" lid="Id2">
				<text>The comic book character Arion is also known as Ahri'ahn.</text>
				<template>AGENT-1 is also known as PATIENT-1 .</template>
			</lex>
			<lex comment="good" lid="Id3">
				<text>The comic character Arion is also known as Ahri'ahn.</text>
				<template>AGENT-1 is also known as PATIENT-1 .</template>
			</lex>
			<entitymap>
				<entity>AGENT-1 | Arion_(comicsCharacter)</entity>
				<entity>PATIENT-1 | &quot;Ahriahn&quot;</entity>
			</entitymap>
		</entry>
		<entry category="ComicsCharacter" eid="Id8" size="1">
			<originaltripleset>
				<otriple>Arion_(comics) | creators | Jan_Duursema</otriple>
			</originaltripleset>
			<originaltripleset>
				<otriple>Arion_(comics) | creator | Jan_Duursema</otriple>
			</originaltripleset>
			<modifiedtripleset>
				<mtriple>Arion_(comicsCharacter) | creator | Jan_Duursema</mtriple>
			</modifiedtripleset>
			<lex comment="good" lid="Id1">
				<text>The comic character, Arion, was created by Jan Duursema.</text>
				<template>AGENT-1 was created by PATIENT-1 .</template>
			</lex>
			<lex comment="good" lid="Id2">
				<text>The comic book character Arion was created by Jan Duursema.</text>
				<template>AGENT-1 was created by PATIENT-1 .</template>
			</lex>
			<entitymap>
				<entity>AGENT-1 | Arion_(comicsCharacter)</entity>
				<entity>PATIENT-1 | Jan_Duursema</entity>
			</entitymap>
		</entry>
		<entry category="ComicsCharacter" eid="Id9" size="1">
			<originaltripleset>
				<otriple>Arion_(comics) | creators | Paul_Kupperberg</otriple>
			</originaltripleset>
			<originaltripleset>
				<otriple>Arion_(comics) | creator | Paul_Kupperberg</otriple>
			</originaltripleset>
			<modifiedtripleset>
				<mtriple>Arion_(comicsCharacter) | creator | Paul_Kupperberg</mtriple>
			</modifiedtripleset>
			<lex comment="good" lid="Id1">
				<text>Paul Kupperberg is the creator of the comic character, Arion.</text>
				<template>PATIENT-1 is the creator of AGENT-1 .</template>
			</lex>
			<lex comment="good" lid="Id2">
				<text>The comic book character Arion was created by Paul Kupperberg.</text>
				<template>AGENT-1 was created by PATIENT-1 .</template>
			</lex>
			<lex comment="good" lid="Id3">
				<text>The comic character Arion was created by Paul Kupperberg.</text>
				<template>AGENT-1 was created by PATIENT-1 .</template>
			</lex>
			<entitymap>
				<entity>AGENT-1 | Arion_(comicsCharacter)</entity>
				<entity>PATIENT-1 | Paul_Kupperberg</entity>
			</entitymap>
		</entry>
		<entry category="ComicsCharacter" eid="Id10" size="1">
			<originaltripleset>
				<otriple>Asterix_(character) | alterEgo | &quot;Astérix&quot;@en</otriple>
			</originaltripleset>
			<modifiedtripleset>
				<mtriple>Asterix_(comicsCharacter) | alternativeName | &quot;Astérix&quot;</mtriple>
			</modifiedtripleset>
			<lex comment="good" lid="Id1">
				<text>The alternative name of Asterix (comics character) is &quot;Astérix&quot;.</text>
				<template>The alternative name of AGENT-1 is `` PATIENT-1 '' .</template>
			</lex>
			<lex comment="good" lid="Id2">
				<text>The comic character Asterix is also known as Astérix.</text>
				<template>AGENT-1 is also known as PATIENT-1 .</template>
			</lex>
			<lex comment="good" lid="Id3">
				<text>The comic character Asterix is sometimes called &quot;Astérix&quot;.</text>
				<template>AGENT-1 is sometimes called `` PATIENT-1 '' .</template>
			</lex>
			<entitymap>
				<entity>AGENT-1 | Asterix_(comicsCharacter)</entity>
				<entity>PATIENT-1 | &quot;Astérix&quot;</entity>
			</entitymap>
		</entry>
		<entry category="ComicsCharacter" eid="Id11" size="1">
			<originaltripleset>
				<otriple>Asterix_(character) | creator | Albert_Uderzo</otriple>
			</originaltripleset>
			<originaltripleset>
				<otriple>Asterix_(character) | creators | Albert_Uderzo</otriple>
			</originaltripleset>
			<modifiedtripleset>
				<mtriple>Asterix_(comicsCharacter) | creator | Albert_Uderzo</mtriple>
			</modifiedtripleset>
			<lex comment="good" lid="Id1">
				<text>Albert Uderzo is the creator of the comic character, Asterix.</text>
				<template>PATIENT-1 is the creator of AGENT-1 .</template>
			</lex>
			<lex comment="good" lid="Id2">
				<text>The comic book character Asterix was created by Albert Uderzo.</text>
				<template>AGENT-1 was created by PATIENT-1 .</template>
			</lex>
			<lex comment="good" lid="Id3">
				<text>The comic strip character Asterix was created by Albert Uderzo.</text>
				<template>AGENT-1 was created by PATIENT-1 .</template>
			</lex>
			<entitymap>
				<entity>AGENT-1 | Asterix_(comicsCharacter)</entity>
				<entity>PATIENT-1 | Albert_Uderzo</entity>
			</entitymap>
		</entry>
		<entry category="ComicsCharacter" eid="Id12" size="1">
			<originaltripleset>
				<otriple>Aurakles | alterEgo | &quot;Aurakles&quot;@en</otriple>
			</originaltripleset>
			<modifiedtripleset>
				<mtriple>Aurakles | alternativeName | &quot;Aurakles&quot;</mtriple>
			</modifiedtripleset>
			<lex comment="good" lid="Id1">
				<text>Aurakles is also known as ''Aurakles''.</text>
				<template>PATIENT-1 is also known as '' PATIENT-1 '' .</template>
			</lex>
			<lex comment="good" lid="Id2">
				<text>An alternative name for Aurakles is Aurakles.</text>
				<template>An alternative name for AGENT-1 is PATIENT-1 .</template>
			</lex>
			<lex comment="good" lid="Id3">
				<text>Aurakles alternative name is also Aurakles.</text>
				<template>AGENT-1 alternative name is also PATIENT-1 .</template>
			</lex>
			<entitymap>
				<entity>AGENT-1 | Aurakles</entity>
				<entity>PATIENT-1 | &quot;Aurakles&quot;</entity>
			</entitymap>
		</entry>
		<entry category="ComicsCharacter" eid="Id13" size="1">
			<originaltripleset>
				<otriple>Aurakles | creator | Dick_Dillin</otriple>
			</originaltripleset>
			<originaltripleset>
				<otriple>Aurakles | creators | Dick_Dillin</otriple>
			</originaltripleset>
			<modifiedtripleset>
				<mtriple>Aurakles | creator | Dick_Dillin</mtriple>
			</modifiedtripleset>
			<lex comment="good" lid="Id1">
				<text>Dick Dillin is the creator of Aurakles.</text>
				<template>PATIENT-1 is the creator of AGENT-1 .</template>
			</lex>
			<lex comment="good" lid="Id2">
				<text>The comic book character Aurakles was created by Dick Dillin.</text>
				<template>AGENT-1 was created by PATIENT-1 .</template>
			</lex>
			<lex comment="good" lid="Id3">
				<text>Aurakles is a fictional character created by Dick Dillin.</text>
				<template>AGENT-1 is a fictional character created by PATIENT-1 .</template>
			</lex>
			<entitymap>
				<entity>AGENT-1 | Aurakles</entity>
				<entity>PATIENT-1 | Dick_Dillin</entity>
			</entitymap>
		</entry>
		<entry category="ComicsCharacter" eid="Id14" size="1">
			<originaltripleset>
				<otriple>Aurakles | creator | Len_Wein</otriple>
			</originaltripleset>
			<originaltripleset>
				<otriple>Aurakles | creators | Len_Wein</otriple>
			</originaltripleset>
			<modifiedtripleset>
				<mtriple>Aurakles | creator | Len_Wein</mtriple>
			</modifiedtripleset>
			<lex comment="good" lid="Id1">
				<text>The character, Aurakles, was created by Len Wein.</text>
				<template>AGENT-1 was created by PATIENT-1 .</template>
			</lex>
			<lex comment="good" lid="Id2">
				<text>Aurakles was created by Len Wein.</text>
				<template>AGENT-1 was created by PATIENT-1 .</template>
			</lex>
			<entitymap>
				<entity>AGENT-1 | Aurakles</entity>
				<entity>PATIENT-1 | Len_Wein</entity>
			</entitymap>
		</entry>
		<entry category="ComicsCharacter" eid="Id15" size="1">
			<originaltripleset>
				<otriple>Auron_(comics) | creator | Karl_Kesel</otriple>
			</originaltripleset>
			<originaltripleset>
				<otriple>Auron_(comics) | creators | Karl_Kesel</otriple>
			</originaltripleset>
			<modifiedtripleset>
				<mtriple>Auron_(comicsCharacter) | creator | Karl_Kesel</mtriple>
			</modifiedtripleset>
			<lex comment="good" lid="Id1">
				<text>The creator of Auron (comics character) is Karl Kesel.</text>
				<template>The creator of AGENT-1 is PATIENT-1 .</template>
			</lex>
			<lex comment="good" lid="Id2">
				<text>The comic book character Auron was created by Karl Kesel.</text>
				<template>AGENT-1 was created by PATIENT-1 .</template>
			</lex>
			<lex comment="good" lid="Id3">
				<text>Karl Kesel is the creator of the comic character, Auron.</text>
				<template>PATIENT-1 is the creator of AGENT-1 .</template>
			</lex>
			<entitymap>
				<entity>AGENT-1 | Auron_(comicsCharacter)</entity>
				<entity>PATIENT-1 | Karl_Kesel</entity>
			</entitymap>
		</entry>
		<entry category="ComicsCharacter" eid="Id16" size="1">
			<originaltripleset>
				<otriple>Auron_(comics) | creators | Walt_Simonson</otriple>
			</originaltripleset>
			<originaltripleset>
				<otriple>Auron_(comics) | creator | Walt_Simonson</otriple>
			</originaltripleset>
			<modifiedtripleset>
				<mtriple>Auron_(comicsCharacter) | creator | Walt_Simonson</mtriple>
			</modifiedtripleset>
			<lex comment="good" lid="Id1">
				<text>The comic character, Auron, was created by Walt Simonson.</text>
				<template>AGENT-1 was created by PATIENT-1 .</template>
			</lex>
			<lex comment="good" lid="Id2">
				<text>Auron was created by Walt Simonson.</text>
				<template>AGENT-1 was created by PATIENT-1 .</template>
			</lex>
			<entitymap>
				<entity>AGENT-1 | Auron_(comicsCharacter)</entity>
				<entity>PATIENT-1 | Walt_Simonson</entity>
			</entitymap>
		</entry>
		<entry category="ComicsCharacter" eid="Id17" size="1">
			<originaltripleset>
				<otriple>Auron_(comics) | fullName | &quot;Lambien&quot;@en</otriple>
			</originaltripleset>
			<modifiedtripleset>
				<mtriple>Auron_(comicsCharacter) | fullName | &quot;Lambien&quot;</mtriple>
			</modifiedtripleset>
			<lex comment="good" lid="Id1">
				<text>the full name of Auron (comics character) is &quot;Lambien&quot;.</text>
				<template>AGENT-1 is `` PATIENT-1 '' .</template>
			</lex>
			<lex comment="good" lid="Id2">
				<text>The comic character Auron's full name is Lambien,.</text>
				<template>AGENT-1 full name is PATIENT-1 .</template>
			</lex>
			<lex comment="good" lid="Id3">
				<text>The comic character, Auron's full name is Lambien.</text>
				<template>AGENT-1 's full name is PATIENT-1 .</template>
			</lex>
			<entitymap>
				<entity>AGENT-1 | Auron_(comicsCharacter)</entity>
				<entity>PATIENT-1 | &quot;Lambien&quot;</entity>
			</entitymap>
		</entry>
		<entry category="ComicsCharacter" eid="Id18" size="1">
			<originaltripleset>
				<otriple>BBC | foundedBy | John_Reith,_1st_Baron_Reith</otriple>
			</originaltripleset>
			<modifiedtripleset>
				<mtriple>BBC | foundedBy | John_Reith,_1st_Baron_Reith</mtriple>
			</modifiedtripleset>
			<lex comment="good" lid="Id1">
				<text>BBC was founded by John Reith 1st Baron Reith.</text>
				<template>AGENT-1 was founded by PATIENT-1 .</template>
			</lex>
			<lex comment="good" lid="Id2">
				<text>The BBC was founded by John Reith, 1st Baron Reith.</text>
				<template>AGENT-1 was founded by PATIENT-1 .</template>
			</lex>
			<lex comment="good" lid="Id3">
				<text>1st Baron, John Reith was the founder of the BBC.</text>
				<template>PATIENT-1 was the founder of AGENT-1 .</template>
			</lex>
			<entitymap>
				<entity>AGENT-1 | BBC</entity>
				<entity>PATIENT-1 | John_Reith,_1st_Baron_Reith</entity>
			</entitymap>
		</entry>
		<entry category="ComicsCharacter" eid="Id19" size="1">
			<originaltripleset>
				<otriple>BBC | keyPeople | Rona_Fairhead</otriple>
			</originaltripleset>
			<modifiedtripleset>
				<mtriple>BBC | keyPerson | Rona_Fairhead</mtriple>
			</modifiedtripleset>
			<lex comment="good" lid="Id1">
				<text>Rona Fairhead is the key person for BBC.</text>
				<template>PATIENT-1 is the key person for AGENT-1 .</template>
			</lex>
			<lex comment="good" lid="Id2">
				<text>Rona Fairhead was a key person at the BBC.</text>
				<template>PATIENT-1 was a key person at AGENT-1 .</template>
			</lex>
			<lex comment="good" lid="Id3">
				<text>The key person for BBC is Rona Fairhead.</text>
				<template>The key person for AGENT-1 is PATIENT-1 .</template>
			</lex>
			<entitymap>
				<entity>AGENT-1 | BBC</entity>
				<entity>PATIENT-1 | Rona_Fairhead</entity>
			</entitymap>
		</entry>
		<entry category="ComicsCharacter" eid="Id20" size="1">
			<originaltripleset>
				<otriple>BBC | keyPeople | Tony_Hall,_Baron_Hall_of_Birkenhead</otriple>
			</originaltripleset>
			<modifiedtripleset>
				<mtriple>BBC | keyPerson | Tony_Hall,_Baron_Hall_of_Birkenhead</mtriple>
			</modifiedtripleset>
			<lex comment="good" lid="Id1">
				<text>A key person at the BBC is Baron Hall of Birkenhead, Tony Hall.</text>
				<template>A key person at AGENT-1 is PATIENT-1 .</template>
			</lex>
			<lex comment="good" lid="Id2">
				<text>A key person at the BBC is Tony Hall, Baron Hall of Birkenhead.</text>
				<template>A key person at AGENT-1 is PATIENT-1 .</template>
			</lex>
			<lex comment="good" lid="Id3">
				<text>Tony Hall, the Baron Hall of Birkenhead, is a key person with the BBC.</text>
				<template>PATIENT-1 is a key person with AGENT-1 .</template>
			</lex>
			<entitymap>
				<entity>AGENT-1 | BBC</entity>
				<entity>PATIENT-1 | Tony_Hall,_Baron_Hall_of_Birkenhead</entity>
			</entitymap>
		</entry>
		<entry category="ComicsCharacter" eid="Id21" size="1">
			<originaltripleset>
				<otriple>BBC | locationCity | Broadcasting_House</otriple>
			</originaltripleset>
			<modifiedtripleset>
				<mtriple>BBC | locationCity | Broadcasting_House</mtriple>
			</modifiedtripleset>
			<lex comment="good" lid="Id1">
				<text>The location of the BBC is the Broadcasting House in London.</text>
				<template>The location of AGENT-1 is PATIENT-1 .</template>
			</lex>
			<lex comment="good" lid="Id2">
				<text>The BBC headquarters is called Broadcasting House.</text>
				<template>The AGENT-1 headquarters is called PATIENT-1 .</template>
			</lex>
			<lex comment="good" lid="Id3">
				<text>Broadcasting House is the home of the BBC which is based in London.</text>
				<template>PATIENT-1 is the home of AGENT-1 .</template>
			</lex>
			<entitymap>
				<entity>AGENT-1 | BBC</entity>
				<entity>PATIENT-1 | Broadcasting_House</entity>
			</entitymap>
		</entry>
		<entry category="ComicsCharacter" eid="Id22" size="1">
			<originaltripleset>
				<otriple>BBC | locationCity | London</otriple>
			</originaltripleset>
			<modifiedtripleset>
				<mtriple>BBC | locationCity | London</mtriple>
			</modifiedtripleset>
			<lex comment="good" lid="Id1">
				<text>BBC is located in London.</text>
				<template>AGENT-1 is located in PATIENT-1 .</template>
			</lex>
			<lex comment="good" lid="Id2">
				<text>The BBC location city is London.</text>
				<template>The AGENT-1 location city is PATIENT-1 .</template>
			</lex>
			<lex comment="good" lid="Id3">
				<text>The BBC is located in London.</text>
				<template>AGENT-1 is located in PATIENT-1 .</template>
			</lex>
			<entitymap>
				<entity>AGENT-1 | BBC</entity>
				<entity>PATIENT-1 | London</entity>
			</entitymap>
		</entry>
		<entry category="ComicsCharacter" eid="Id23" size="1">
			<originaltripleset>
				<otriple>BBC | product | BBC_Radio</otriple>
			</originaltripleset>
			<modifiedtripleset>
				<mtriple>BBC | product | BBC_Radio</mtriple>
			</modifiedtripleset>
			<lex comment="good" lid="Id1">
				<text>One of the products of BCC is BCC radio.</text>
				<template>One of the products of AGENT-1 is PATIENT-1 .</template>
			</lex>
			<lex comment="good" lid="Id2">
				<text>BBC radio is one of the products of the BBC.</text>
				<template>PATIENT-1 radio is one of the products of AGENT-1 .</template>
			</lex>
			<lex comment="good" lid="Id3">
				<text>The BBC produces BBC Radio.</text>
				<template>AGENT-1 produces PATIENT-1 .</template>
			</lex>
			<entitymap>
				<entity>AGENT-1 | BBC</entity>
				<entity>PATIENT-1 | BBC_Radio</entity>
			</entitymap>
		</entry>
		<entry category="ComicsCharacter" eid="Id24" size="1">
			<originaltripleset>
				<otriple>Balder_(comics) | alterEgo | &quot;Balder Odinson&quot;@en</otriple>
			</originaltripleset>
			<modifiedtripleset>
				<mtriple>Balder_(comicsCharacter) | alternativeName | &quot;Balder Odinson&quot;</mtriple>
			</modifiedtripleset>
			<lex comment="good" lid="Id1">
				<text>An alternative name for the comic character Balder is Balder Odinson.</text>
				<template>An alternative name for AGENT-1 is PATIENT-1 .</template>
			</lex>
			<lex comment="good" lid="Id2">
				<text>Balder Odinson is also known by the name Balder.</text>
				<template>PATIENT-1 is also known by AGENT-1 .</template>
			</lex>
			<lex comment="good" lid="Id3">
				<text>The comic character, Balder's alternative name, is Balder Odinson.</text>
				<template>AGENT-1 alternative name is PATIENT-1 .</template>
			</lex>
			<entitymap>
				<entity>AGENT-1 | Balder_(comicsCharacter)</entity>
				<entity>PATIENT-1 | &quot;Balder Odinson&quot;</entity>
			</entitymap>
		</entry>
		<entry category="ComicsCharacter" eid="Id25" size="1">
			<originaltripleset>
				<otriple>Balder_(comics) | creators | Stan_Lee</otriple>
			</originaltripleset>
			<originaltripleset>
				<otriple>Balder_(comics) | creator | Stan_Lee</otriple>
			</originaltripleset>
			<modifiedtripleset>
				<mtriple>Balder_(comicsCharacter) | creator | Stan_Lee</mtriple>
			</modifiedtripleset>
			<lex comment="good" lid="Id1">
				<text>Stan Lee created the comic character Balder.</text>
				<template>PATIENT-1 created AGENT-1 .</template>
			</lex>
			<lex comment="good" lid="Id2">
				<text>The comic character, Balder, was created by Stan Lee.</text>
				<template>AGENT-1 was created by PATIENT-1 .</template>
			</lex>
			<lex comment="good" lid="Id3">
				<text>The comic character Balder was created by Stan Lee.</text>
				<template>AGENT-1 was created by PATIENT-1 .</template>
			</lex>
			<entitymap>
				<entity>AGENT-1 | Balder_(comicsCharacter)</entity>
				<entity>PATIENT-1 | Stan_Lee</entity>
			</entitymap>
		</entry>
		<entry category="ComicsCharacter" eid="Id26" size="1">
			<originaltripleset>
				<otriple>Ballistic_(DC_Comics) | alterEgo | &quot;Kelvin Mao&quot;@en</otriple>
			</originaltripleset>
			<modifiedtripleset>
				<mtriple>Ballistic_(comicsCharacter) | alternativeName | &quot;Kelvin Mao&quot;</mtriple>
			</modifiedtripleset>
			<lex comment="good" lid="Id1">
				<text>The comic character, Ballistic, has the alternative name, Kelvin Mao.</text>
				<template>AGENT-1 has the alternative name PATIENT-1 .</template>
			</lex>
			<lex comment="toFix" lid="Id2">
				<text>Ballistic is a fictional comic superhero who is sometimes known as Kelvin Mao.</text>
				<template>AGENT-1 is sometimes known as PATIENT-1 .</template>
			</lex>
			<entitymap>
				<entity>AGENT-1 | Ballistic_(comicsCharacter)</entity>
				<entity>PATIENT-1 | &quot;Kelvin Mao&quot;</entity>
			</entitymap>
		</entry>
		<entry category="ComicsCharacter" eid="Id27" size="1">
			<originaltripleset>
				<otriple>Ballistic_(DC_Comics) | creators | &quot;Michael Manley&quot;@en</otriple>
			</originaltripleset>
			<modifiedtripleset>
				<mtriple>Ballistic_(comicsCharacter) | creator | &quot;Michael Manley&quot;</mtriple>
			</modifiedtripleset>
			<lex comment="good" lid="Id1">
				<text>The comic character Ballistic was created by Michael Manley.</text>
				<template>AGENT-1 was created by PATIENT-1 .</template>
			</lex>
			<lex comment="good" lid="Id2">
				<text>The comic book character Ballistic was created by Michael Manley.</text>
				<template>AGENT-1 was created by PATIENT-1 .</template>
			</lex>
			<entitymap>
				<entity>AGENT-1 | Ballistic_(comicsCharacter)</entity>
				<entity>PATIENT-1 | &quot;Michael Manley&quot;</entity>
			</entitymap>
		</entry>
		<entry category="ComicsCharacter" eid="Id28" size="1">
			<originaltripleset>
				<otriple>Ballistic_(DC_Comics) | creator | Doug_Moench</otriple>
			</originaltripleset>
			<originaltripleset>
				<otriple>Ballistic_(DC_Comics) | creators | Doug_Moench</otriple>
			</originaltripleset>
			<modifiedtripleset>
				<mtriple>Ballistic_(comicsCharacter) | creator | Doug_Moench</mtriple>
			</modifiedtripleset>
			<lex comment="good" lid="Id1">
				<text>The comic character Ballistic was created by Doug Moench.</text>
				<template>AGENT-1 was created by PATIENT-1 .</template>
			</lex>
			<lex comment="good" lid="Id2">
				<text>Doug Moench, was the creator of the comic character, Ballistic.</text>
				<template>PATIENT-1 was the creator of AGENT-1 .</template>
			</lex>
			<lex comment="good" lid="Id3">
				<text>Doug Moench created the comic character Ballistic.</text>
				<template>PATIENT-1 created AGENT-1 .</template>
			</lex>
			<entitymap>
				<entity>AGENT-1 | Ballistic_(comicsCharacter)</entity>
				<entity>PATIENT-1 | Doug_Moench</entity>
			</entitymap>
		</entry>
		<entry category="ComicsCharacter" eid="Id29" size="1">
			<originaltripleset>
				<otriple>Bananaman | creator | John_Geering</otriple>
			</originaltripleset>
			<modifiedtripleset>
				<mtriple>Bananaman | creator | John_Geering</mtriple>
			</modifiedtripleset>
			<lex comment="good" lid="Id1">
				<text>John Geering is the creator of Bananaman.</text>
				<template>PATIENT-1 is the creator of AGENT-1 .</template>
			</lex>
			<lex comment="good" lid="Id2">
				<text>The TV character Bananaman was created by John Geering.</text>
				<template>AGENT-1 was created by PATIENT-1 .</template>
			</lex>
			<lex comment="good" lid="Id3">
				<text>The fictional comic superhero Bananaman was created by John Geering.</text>
				<template>AGENT-1 was created by PATIENT-1 .</template>
			</lex>
			<entitymap>
				<entity>AGENT-1 | Bananaman</entity>
				<entity>PATIENT-1 | John_Geering</entity>
			</entitymap>
		</entry>
		<entry category="ComicsCharacter" eid="Id30" size="1">
			<originaltripleset>
				<otriple>Bananaman | creator | Steve_Bright</otriple>
			</originaltripleset>
			<modifiedtripleset>
				<mtriple>Bananaman | creator | Steve_Bright</mtriple>
			</modifiedtripleset>
			<lex comment="good" lid="Id1">
				<text>Steve Bright is the creator of Bananaman.</text>
				<template>PATIENT-1 is the creator of AGENT-1 .</template>
			</lex>
			<lex comment="good" lid="Id2">
				<text>Bananaman was created by Steve Bright.</text>
				<template>AGENT-1 was created by PATIENT-1 .</template>
			</lex>
			<lex comment="good" lid="Id3">
				<text>The creator of Bananaman is Steve Bright.</text>
				<template>The creator of AGENT-1 is PATIENT-1 .</template>
			</lex>
			<entitymap>
				<entity>AGENT-1 | Bananaman</entity>
				<entity>PATIENT-1 | Steve_Bright</entity>
			</entitymap>
		</entry>
		<entry category="ComicsCharacter" eid="Id31" size="1">
			<originaltripleset>
				<otriple>Bananaman | lastAired | &quot;1986-04-15&quot;^^xsd:date</otriple>
			</originaltripleset>
			<modifiedtripleset>
				<mtriple>Bananaman | lastAired | &quot;1986-04-15&quot;</mtriple>
			</modifiedtripleset>
			<lex comment="good" lid="Id1">
				<text>Bananaman last aired on April 15th 1986.</text>
				<template>AGENT-1 last aired on PATIENT-1 .</template>
			</lex>
			<lex comment="good" lid="Id2">
				<text>Bananaman last aired on 15th April 1986.</text>
				<template>AGENT-1 last aired on PATIENT-1 .</template>
			</lex>
			<entitymap>
				<entity>AGENT-1 | Bananaman</entity>
				<entity>PATIENT-1 | &quot;1986-04-15&quot;</entity>
			</entitymap>
		</entry>
		<entry category="ComicsCharacter" eid="Id32" size="1">
			<originaltripleset>
				<otriple>Bananaman | starring | Graeme_Garden</otriple>
			</originaltripleset>
			<modifiedtripleset>
				<mtriple>Bananaman | starring | Graeme_Garden</mtriple>
			</modifiedtripleset>
			<lex comment="good" lid="Id1">
				<text>Graeme Garden stars in Bananaman.</text>
				<template>PATIENT-1 stars in AGENT-1 .</template>
			</lex>
			<lex comment="good" lid="Id2">
				<text>Bananaman stars Graeme Garden.</text>
				<template>AGENT-1 stars PATIENT-1 .</template>
			</lex>
			<entitymap>
				<entity>AGENT-1 | Bananaman</entity>
				<entity>PATIENT-1 | Graeme_Garden</entity>
			</entitymap>
		</entry>
		<entry category="ComicsCharacter" eid="Id33" size="1">
			<originaltripleset>
				<otriple>Bananaman | starring | Jill_Shilling</otriple>
			</originaltripleset>
			<modifiedtripleset>
				<mtriple>Bananaman | starring | Jill_Shilling</mtriple>
			</modifiedtripleset>
			<lex comment="good" lid="Id1">
				<text>Jill Shilling stared in Bananaman.</text>
				<template>PATIENT-1 stared in AGENT-1 .</template>
			</lex>
			<lex comment="good" lid="Id2">
				<text>Jill Shilling starred in Bananaman.</text>
				<template>PATIENT-1 starred in AGENT-1 .</template>
			</lex>
			<entitymap>
				<entity>AGENT-1 | Bananaman</entity>
				<entity>PATIENT-1 | Jill_Shilling</entity>
			</entitymap>
		</entry>
		<entry category="ComicsCharacter" eid="Id34" size="1">
			<originaltripleset>
				<otriple>Bananaman | starring | Tim_Brooke-Taylor</otriple>
			</originaltripleset>
			<modifiedtripleset>
				<mtriple>Bananaman | starring | Tim_Brooke-Taylor</mtriple>
			</modifiedtripleset>
			<lex comment="good" lid="Id1">
				<text>Tim Brooke-Taylor starred in Bananaman.</text>
				<template>PATIENT-1 starred in AGENT-1 .</template>
			</lex>
			<entitymap>
				<entity>AGENT-1 | Bananaman</entity>
				<entity>PATIENT-1 | Tim_Brooke-Taylor</entity>
			</entitymap>
		</entry>
		<entry category="ComicsCharacter" eid="Id35" size="1">
			<originaltripleset>
				<otriple>Baymax | creator | Duncan_Rouleau</otriple>
			</originaltripleset>
			<originaltripleset>
				<otriple>Baymax | creators | Duncan_Rouleau</otriple>
			</originaltripleset>
			<modifiedtripleset>
				<mtriple>Baymax | creator | Duncan_Rouleau</mtriple>
			</modifiedtripleset>
			<lex comment="good" lid="Id1">
				<text>Baymax was created by Duncan Rouleau.</text>
				<template>AGENT-1 was created by PATIENT-1 .</template>
			</lex>
			<lex comment="good" lid="Id2">
				<text>Duncan Rouleau created Baymax.</text>
				<template>PATIENT-1 created AGENT-1 .</template>
			</lex>
			<entitymap>
				<entity>AGENT-1 | Baymax</entity>
				<entity>PATIENT-1 | Duncan_Rouleau</entity>
			</entitymap>
		</entry>
		<entry category="ComicsCharacter" eid="Id36" size="1">
			<originaltripleset>
				<otriple>Baymax | creators | Steven_T._Seagle</otriple>
			</originaltripleset>
			<originaltripleset>
				<otriple>Baymax | creator | Steven_T._Seagle</otriple>
			</originaltripleset>
			<modifiedtripleset>
				<mtriple>Baymax | creator | Steven_T._Seagle</mtriple>
			</modifiedtripleset>
			<lex comment="good" lid="Id1">
				<text>Steven T. Seagle is the creator of Baymax.</text>
				<template>PATIENT-1 is the creator of AGENT-1 .</template>
			</lex>
			<lex comment="good" lid="Id2">
				<text>The creator of Baymax is Steven T. Seagle.</text>
				<template>The creator of AGENT-1 is PATIENT-1 .</template>
			</lex>
			<lex comment="good" lid="Id3">
				<text>Baymax was created by Steve T. Seagle.</text>
				<template>AGENT-1 was created by PATIENT-1 .</template>
			</lex>
			<entitymap>
				<entity>AGENT-1 | Baymax</entity>
				<entity>PATIENT-1 | Steven_T._Seagle</entity>
			</entitymap>
		</entry>
		<entry category="ComicsCharacter" eid="Id37" size="1">
			<originaltripleset>
				<otriple>Baymax | firstAppearance | &quot;Big Hero 6(2014)&quot;</otriple>
			</originaltripleset>
			<originaltripleset>
				<otriple>Baymax | first | Big_Hero_6_(film)</otriple>
			</originaltripleset>
			<modifiedtripleset>
				<mtriple>Baymax | firstAppearanceInFilm | Big_Hero_6_(film)</mtriple>
			</modifiedtripleset>
			<lex comment="good" lid="Id1">
				<text>Big Hero 6 was Baymax's first film appearance.</text>
				<template>PATIENT-1 was AGENT-1 first film appearance .</template>
			</lex>
			<lex comment="good" lid="Id2">
				<text>The first appearance in a film for the character Baymax was Big Hero 6.</text>
				<template>The first appearance in a film for AGENT-1 was PATIENT-1 .</template>
			</lex>
			<lex comment="good" lid="Id3">
				<text>Baymax first appeared in the film Big Hero 6.</text>
				<template>AGENT-1 first appeared in PATIENT-1 .</template>
			</lex>
			<entitymap>
				<entity>AGENT-1 | Baymax</entity>
				<entity>PATIENT-1 | Big_Hero_6_(film)</entity>
			</entitymap>
		</entry>
		<entry category="ComicsCharacter" eid="Id38" size="1">
			<originaltripleset>
				<otriple>Baymax | voice | Scott_Adsit</otriple>
			</originaltripleset>
			<modifiedtripleset>
				<mtriple>Baymax | voice | Scott_Adsit</mtriple>
			</modifiedtripleset>
			<lex comment="good" lid="Id1">
				<text>Scott Adsit does the voice for Baymax.</text>
				<template>PATIENT-1 does the voice for AGENT-1 .</template>
			</lex>
			<lex comment="good" lid="Id2">
				<text>Scott Adsit provides the voice for the character Baymax.</text>
				<template>PATIENT-1 provides the voice for AGENT-1 .</template>
			</lex>
			<lex comment="good" lid="Id3">
				<text>The character Baymax is voiced by Scott Adsit.</text>
				<template>AGENT-1 is voiced by PATIENT-1 .</template>
			</lex>
			<entitymap>
				<entity>AGENT-1 | Baymax</entity>
				<entity>PATIENT-1 | Scott_Adsit</entity>
			</entitymap>
		</entry>
		<entry category="ComicsCharacter" eid="Id39" size="1">
			<originaltripleset>
				<otriple>Ben_Urich | creators | Gene_Colan</otriple>
			</originaltripleset>
			<originaltripleset>
				<otriple>Ben_Urich | creator | Gene_Colan</otriple>
			</originaltripleset>
			<modifiedtripleset>
				<mtriple>Ben_Urich | creator | Gene_Colan</mtriple>
			</modifiedtripleset>
			<lex comment="good" lid="Id1">
				<text>Gene Colan created Ben Urich.</text>
				<template>PATIENT-1 created AGENT-1 .</template>
			</lex>
			<lex comment="good" lid="Id2">
				<text>Ben Urich was created by Gene Colan.</text>
				<template>AGENT-1 was created by PATIENT-1 .</template>
			</lex>
			<lex comment="good" lid="Id3">
				<text>The character Ben Urich, was created by Gene Colan.</text>
				<template>AGENT-1 , was created by PATIENT-1 .</template>
			</lex>
			<entitymap>
				<entity>AGENT-1 | Ben_Urich</entity>
				<entity>PATIENT-1 | Gene_Colan</entity>
			</entitymap>
		</entry>
		<entry category="ComicsCharacter" eid="Id40" size="1">
			<originaltripleset>
				<otriple>Ben_Urich | creators | Roger_McKenzie_(comics)</otriple>
			</originaltripleset>
			<originaltripleset>
				<otriple>Ben_Urich | creator | Roger_McKenzie_(comics)</otriple>
			</originaltripleset>
			<modifiedtripleset>
				<mtriple>Ben_Urich | creator | Roger_McKenzie_(comic_book_writer)</mtriple>
			</modifiedtripleset>
			<lex comment="good" lid="Id1">
				<text>The comic book writer, Roger McKenzie, is the creator of Ben Urich.</text>
				<template>PATIENT-1 is the creator of AGENT-1 .</template>
			</lex>
			<lex comment="good" lid="Id2">
				<text>Ben Urich was created by the comic book writer Roger McKenzie.</text>
				<template>AGENT-1 was created by PATIENT-1 .</template>
			</lex>
			<lex comment="good" lid="Id3">
				<text>The Comic book character Ben Urich was created by Roger McKenzie.</text>
				<template>AGENT-1 was created by PATIENT-1 .</template>
			</lex>
			<entitymap>
				<entity>AGENT-1 | Ben_Urich</entity>
				<entity>PATIENT-1 | Roger_McKenzie_(comic_book_writer)</entity>
			</entitymap>
		</entry>
		<entry category="ComicsCharacter" eid="Id41" size="1">
			<originaltripleset>
				<otriple>Bianca_Castafiore | creators | Hergé</otriple>
			</originaltripleset>
			<originaltripleset>
				<otriple>Bianca_Castafiore | creator | Hergé</otriple>
			</originaltripleset>
			<modifiedtripleset>
				<mtriple>Bianca_Castafiore | creator | Hergé</mtriple>
			</modifiedtripleset>
			<lex comment="good" lid="Id1">
				<text>Hergé was the creator of the character Bianca Castafiore.</text>
				<template>PATIENT-1 was the creator of AGENT-1 .</template>
			</lex>
			<entitymap>
				<entity>AGENT-1 | Bianca_Castafiore</entity>
				<entity>PATIENT-1 | Hergé</entity>
			</entitymap>
		</entry>
		<entry category="ComicsCharacter" eid="Id42" size="1">
			<originaltripleset>
				<otriple>Bibbo_Bibbowski | creators | Marv_Wolfman</otriple>
			</originaltripleset>
			<originaltripleset>
				<otriple>Bibbo_Bibbowski | creator | Marv_Wolfman</otriple>
			</originaltripleset>
			<modifiedtripleset>
				<mtriple>Bibbo_Bibbowski | creator | Marv_Wolfman</mtriple>
			</modifiedtripleset>
			<lex comment="good" lid="Id1">
				<text>Marv Wolfman was the creator of Bibbo Bibowski.</text>
				<template>PATIENT-1 was the creator of AGENT-1 .</template>
			</lex>
			<lex comment="good" lid="Id2">
				<text>Bibbo Bibbowski was created by Marv Wolfman.</text>
				<template>AGENT-1 was created by PATIENT-1 .</template>
			</lex>
			<entitymap>
				<entity>AGENT-1 | Bibbo_Bibbowski</entity>
				<entity>PATIENT-1 | Marv_Wolfman</entity>
			</entitymap>
		</entry>
		<entry category="ComicsCharacter" eid="Id43" size="1">
			<originaltripleset>
				<otriple>Big_Hero_6_(film) | distributor | Walt_Disney_Studios_Motion_Pictures</otriple>
			</originaltripleset>
			<modifiedtripleset>
				<mtriple>Big_Hero_6_(film) | distributor | Walt_Disney_Studios_Motion_Pictures</mtriple>
			</modifiedtripleset>
			<lex comment="good" lid="Id1">
				<text>Walt Disney Studios Motion Pictures is the distributor of the film , Big Hero 6.</text>
				<template>PATIENT-1 is the distributor of AGENT-1 .</template>
			</lex>
			<lex comment="good" lid="Id2">
				<text>The distributor of Big Hero 6 (film) is Walt Disney Studios Motion Pictures.</text>
				<template>The distributor of AGENT-1 is PATIENT-1 .</template>
			</lex>
			<lex comment="good" lid="Id3">
				<text>Big Hero 6 was a film distributed by Walt Disney Studios Motion Pictures.</text>
				<template>AGENT-1 was a film distributed by PATIENT-1 .</template>
			</lex>
			<entitymap>
				<entity>AGENT-1 | Big_Hero_6_(film)</entity>
				<entity>PATIENT-1 | Walt_Disney_Studios_Motion_Pictures</entity>
			</entitymap>
		</entry>
		<entry category="ComicsCharacter" eid="Id44" size="1">
			<originaltripleset>
				<otriple>Big_Hero_6_(film) | starring | Alan_Tudyk</otriple>
			</originaltripleset>
			<modifiedtripleset>
				<mtriple>Big_Hero_6_(film) | starring | Alan_Tudyk</mtriple>
			</modifiedtripleset>
			<lex comment="good" lid="Id1">
				<text>Alan Tudyk stars in the film, Big Hero 6.</text>
				<template>PATIENT-1 stars in AGENT-1 .</template>
			</lex>
			<lex comment="good" lid="Id2">
				<text>The film, Big Hero 6, starred Alan Tudyk.</text>
				<template>AGENT-1 starred PATIENT-1 .</template>
			</lex>
			<entitymap>
				<entity>AGENT-1 | Big_Hero_6_(film)</entity>
				<entity>PATIENT-1 | Alan_Tudyk</entity>
			</entitymap>
		</entry>
		<entry category="ComicsCharacter" eid="Id45" size="1">
			<originaltripleset>
				<otriple>Big_Hero_6_(film) | starring | Damon_Wayans,_Jr.</otriple>
			</originaltripleset>
			<modifiedtripleset>
				<mtriple>Big_Hero_6_(film) | starring | Damon_Wayans,_Jr.</mtriple>
			</modifiedtripleset>
			<lex comment="good" lid="Id1">
				<text>The film Big Hero 6 stars actor Damon Wayans Jr.</text>
				<template>AGENT-1 PATIENT-1 .</template>
			</lex>
			<lex comment="good" lid="Id2">
				<text>The film Big Hero 6 stars Damon Wayans, Jr.</text>
				<template>The film AGENT-1 stars PATIENT-1 .</template>
			</lex>
			<entitymap>
				<entity>AGENT-1 | Big_Hero_6_(film)</entity>
				<entity>PATIENT-1 | Damon_Wayans,_Jr.</entity>
			</entitymap>
		</entry>
		<entry category="ComicsCharacter" eid="Id46" size="1">
			<originaltripleset>
				<otriple>Big_Hero_6_(film) | starring | Jamie_Chung</otriple>
			</originaltripleset>
			<modifiedtripleset>
				<mtriple>Big_Hero_6_(film) | starring | Jamie_Chung</mtriple>
			</modifiedtripleset>
			<lex comment="good" lid="Id1">
				<text>The film Big Hero 6 starred Jamie Chung.</text>
				<template>AGENT-1 starred PATIENT-1 .</template>
			</lex>
			<lex comment="good" lid="Id2">
				<text>The film Big Hero 6, stars Jamie Chung.</text>
				<template>AGENT-1 stars PATIENT-1 .</template>
			</lex>
			<lex comment="good" lid="Id3">
				<text>Jamie Chung starred in the film Big Hero 6.</text>
				<template>PATIENT-1 starred in AGENT-1 .</template>
			</lex>
			<entitymap>
				<entity>AGENT-1 | Big_Hero_6_(film)</entity>
				<entity>PATIENT-1 | Jamie_Chung</entity>
			</entitymap>
		</entry>
		<entry category="ComicsCharacter" eid="Id47" size="1">
			<originaltripleset>
				<otriple>Big_Hero_6_(film) | starring | Maya_Rudolph</otriple>
			</originaltripleset>
			<modifiedtripleset>
				<mtriple>Big_Hero_6_(film) | starring | Maya_Rudolph</mtriple>
			</modifiedtripleset>
			<lex comment="good" lid="Id1">
				<text>Big Hero 6 stars Maya Rudolph.</text>
				<template>AGENT-1 stars PATIENT-1 .</template>
			</lex>
			<lex comment="good" lid="Id2">
				<text>The starring of Big Hero 6 (film) is Maya Rudolph.</text>
				<template>The starring of AGENT-1 is PATIENT-1 .</template>
			</lex>
			<lex comment="good" lid="Id3">
				<text>Maya Rudolph, was one of the stars, in the film Big Hero 6.</text>
				<template>PATIENT-1 , was one of the stars , in AGENT-1 .</template>
			</lex>
			<entitymap>
				<entity>AGENT-1 | Big_Hero_6_(film)</entity>
				<entity>PATIENT-1 | Maya_Rudolph</entity>
			</entitymap>
		</entry>
		<entry category="ComicsCharacter" eid="Id48" size="1">
			<originaltripleset>
				<otriple>Big_Hero_6_(film) | starring | Ryan_Potter</otriple>
			</originaltripleset>
			<modifiedtripleset>
				<mtriple>Big_Hero_6_(film) | starring | Ryan_Potter</mtriple>
			</modifiedtripleset>
			<lex comment="good" lid="Id1">
				<text>The film, Big Hero 6, stars Ryan Potter.</text>
				<template>AGENT-1 stars PATIENT-1 .</template>
			</lex>
			<lex comment="good" lid="Id2">
				<text>Ryan Potter starred in the film Big Hero 6.</text>
				<template>PATIENT-1 starred in AGENT-1 .</template>
			</lex>
			<lex comment="good" lid="Id3">
				<text>Big Hero 6 stars Ryan Potter.</text>
				<template>AGENT-1 stars PATIENT-1 .</template>
			</lex>
			<entitymap>
				<entity>AGENT-1 | Big_Hero_6_(film)</entity>
				<entity>PATIENT-1 | Ryan_Potter</entity>
			</entitymap>
		</entry>
		<entry category="ComicsCharacter" eid="Id49" size="1">
			<originaltripleset>
				<otriple>Big_Hero_6_(film) | starring | Scott_Adsit</otriple>
			</originaltripleset>
			<modifiedtripleset>
				<mtriple>Big_Hero_6_(film) | starring | Scott_Adsit</mtriple>
			</modifiedtripleset>
			<lex comment="good" lid="Id1">
				<text>The film, Big hero 6, stars Scott Adsit.</text>
				<template>AGENT-1 stars PATIENT-1 .</template>
			</lex>
			<lex comment="good" lid="Id2">
				<text>Scott Adsit starred in the film Big Hero 6.</text>
				<template>PATIENT-1 starred in AGENT-1 .</template>
			</lex>
			<entitymap>
				<entity>AGENT-1 | Big_Hero_6_(film)</entity>
				<entity>PATIENT-1 | Scott_Adsit</entity>
			</entitymap>
		</entry>
		<entry category="ComicsCharacter" eid="Id50" size="1">
			<originaltripleset>
				<otriple>Bill_Oddie | birthPlace | Rochdale</otriple>
			</originaltripleset>
			<modifiedtripleset>
				<mtriple>Bill_Oddie | birthPlace | Rochdale</mtriple>
			</modifiedtripleset>
			<lex comment="good" lid="Id1">
				<text>Bill Oddie was born in Rochdale.</text>
				<template>AGENT-1 was born in PATIENT-1 .</template>
			</lex>
			<entitymap>
				<entity>AGENT-1 | Bill_Oddie</entity>
				<entity>PATIENT-1 | Rochdale</entity>
			</entitymap>
		</entry>
		<entry category="ComicsCharacter" eid="Id51" size="1">
			<originaltripleset>
				<otriple>Black_Pirate | creator | Sheldon_Moldoff</otriple>
			</originaltripleset>
			<originaltripleset>
				<otriple>Black_Pirate | creators | Sheldon_Moldoff</otriple>
			</originaltripleset>
			<modifiedtripleset>
				<mtriple>Black_Pirate | creator | Sheldon_Moldoff</mtriple>
			</modifiedtripleset>
			<lex comment="good" lid="Id1">
				<text>Sheldon Moldoff is the creator of Black Pirate.</text>
				<template>PATIENT-1 is the creator of AGENT-1 .</template>
			</lex>
			<lex comment="good" lid="Id2">
				<text>Sheldon Moldoff created the Black Pirate.</text>
				<template>PATIENT-1 created AGENT-1 .</template>
			</lex>
			<lex comment="good" lid="Id3">
				<text>The Black Pirate was created by Sheldon Moldoff.</text>
				<template>AGENT-1 was created by PATIENT-1 .</template>
			</lex>
			<entitymap>
				<entity>AGENT-1 | Black_Pirate</entity>
				<entity>PATIENT-1 | Sheldon_Moldoff</entity>
			</entitymap>
		</entry>
		<entry category="ComicsCharacter" eid="Id52" size="1">
			<originaltripleset>
				<otriple>Blockbuster_(DC_Comics) | alterEgo | &quot;Mark Desmond&quot;@en</otriple>
			</originaltripleset>
			<modifiedtripleset>
				<mtriple>Blockbuster_(comicsCharacter) | alternativeName | &quot;Mark Desmond&quot;</mtriple>
			</modifiedtripleset>
			<lex comment="good" lid="Id1">
				<text>&quot;Mark Desmond&quot; is also known as the comic character Blockbuster.</text>
				<template>`` PATIENT-1 '' is also known as AGENT-1 .</template>
			</lex>
			<lex comment="good" lid="Id2">
				<text>The comic character, Blockbuster, has the alternative name, Mark Desmond.</text>
				<template>AGENT-1 has the alternative name , PATIENT-1 .</template>
			</lex>
			<lex comment="good" lid="Id3">
				<text>The comic character Blockbuster is also known as Mark Desmond.</text>
				<template>AGENT-1 is also known as PATIENT-1 .</template>
			</lex>
			<entitymap>
				<entity>AGENT-1 | Blockbuster_(comicsCharacter)</entity>
				<entity>PATIENT-1 | &quot;Mark Desmond&quot;</entity>
			</entitymap>
		</entry>
		<entry category="ComicsCharacter" eid="Id53" size="1">
			<originaltripleset>
				<otriple>Blockbuster_(DC_Comics) | alterEgo | &quot;Roland Desmond&quot;@en</otriple>
			</originaltripleset>
			<modifiedtripleset>
				<mtriple>Blockbuster_(comicsCharacter) | alternativeName | &quot;Roland Desmond&quot;</mtriple>
			</modifiedtripleset>
			<lex comment="good" lid="Id1">
				<text>The comic character Blockbuster is also known as Roland Desmond.</text>
				<template>AGENT-1 is also known as PATIENT-1 .</template>
			</lex>
			<lex comment="good" lid="Id2">
				<text>The comic book character Blockbuster's alter ego is Roland Desmond.</text>
				<template>AGENT-1 alter ego is PATIENT-1 .</template>
			</lex>
			<lex comment="good" lid="Id3">
				<text>The comic character, Blockbuster's alternative name is Roland Desmond.</text>
				<template>AGENT-1 alternative name is PATIENT-1 .</template>
			</lex>
			<entitymap>
				<entity>AGENT-1 | Blockbuster_(comicsCharacter)</entity>
				<entity>PATIENT-1 | &quot;Roland Desmond&quot;</entity>
			</entitymap>
		</entry>
		<entry category="ComicsCharacter" eid="Id54" size="1">
			<originaltripleset>
				<otriple>Blockbuster_(DC_Comics) | creators | Carmine_Infantino</otriple>
			</originaltripleset>
			<originaltripleset>
				<otriple>Blockbuster_(DC_Comics) | creator | Carmine_Infantino</otriple>
			</originaltripleset>
			<modifiedtripleset>
				<mtriple>Blockbuster_(comicsCharacter) | creator | Carmine_Infantino</mtriple>
			</modifiedtripleset>
			<lex comment="good" lid="Id1">
				<text>The comic character, Blockbuster, was created by Carmine Infantino.</text>
				<template>AGENT-1 was created by PATIENT-1 .</template>
			</lex>
			<lex comment="good" lid="Id2">
				<text>The creator of Blockbuster (comics character) is Carmine Infantino.</text>
				<template>The creator of AGENT-1 is PATIENT-1 .</template>
			</lex>
			<lex comment="good" lid="Id3">
				<text>The comic character Blockbuster was created by Carmine Infantino.</text>
				<template>AGENT-1 was created by PATIENT-1 .</template>
			</lex>
			<entitymap>
				<entity>AGENT-1 | Blockbuster_(comicsCharacter)</entity>
				<entity>PATIENT-1 | Carmine_Infantino</entity>
			</entitymap>
		</entry>
		<entry category="ComicsCharacter" eid="Id55" size="1">
			<originaltripleset>
				<otriple>Blockbuster_(DC_Comics) | creator | Gardner_Fox</otriple>
			</originaltripleset>
			<originaltripleset>
				<otriple>Blockbuster_(DC_Comics) | creators | Gardner_Fox</otriple>
			</originaltripleset>
			<modifiedtripleset>
				<mtriple>Blockbuster_(comicsCharacter) | creator | Gardner_Fox</mtriple>
			</modifiedtripleset>
			<lex comment="good" lid="Id1">
				<text>The comic character, Blockbuster, was created by Gardner Fox.</text>
				<template>AGENT-1 was created by PATIENT-1 .</template>
			</lex>
			<lex comment="good" lid="Id2">
				<text>The creator of Blockbuster (comics character) is Gardner Fox.</text>
				<template>The creator of AGENT-1 is PATIENT-1 .</template>
			</lex>
			<lex comment="good" lid="Id3">
				<text>The comic book character Blockbuster was created by Gardner Fox.</text>
				<template>AGENT-1 was created by PATIENT-1 .</template>
			</lex>
			<entitymap>
				<entity>AGENT-1 | Blockbuster_(comicsCharacter)</entity>
				<entity>PATIENT-1 | Gardner_Fox</entity>
			</entitymap>
		</entry>
		<entry category="ComicsCharacter" eid="Id56" size="1">
			<originaltripleset>
				<otriple>Blockbuster_(DC_Comics) | creators | Roger_Stern</otriple>
			</originaltripleset>
			<originaltripleset>
				<otriple>Blockbuster_(DC_Comics) | creator | Roger_Stern</otriple>
			</originaltripleset>
			<modifiedtripleset>
				<mtriple>Blockbuster_(comicsCharacter) | creator | Roger_Stern</mtriple>
			</modifiedtripleset>
			<lex comment="good" lid="Id1">
				<text>Roger Stern is the creator of the comic character, Blockbuster.</text>
				<template>PATIENT-1 is the creator of AGENT-1 .</template>
			</lex>
			<lex comment="good" lid="Id2">
				<text>The comic character Blockbuster was created by Roger Stern.</text>
				<template>AGENT-1 was created by PATIENT-1 .</template>
			</lex>
			<lex comment="good" lid="Id3">
				<text>The comic book character Blockbuster was created by Roger Stern.</text>
				<template>AGENT-1 was created by PATIENT-1 .</template>
			</lex>
			<entitymap>
				<entity>AGENT-1 | Blockbuster_(comicsCharacter)</entity>
				<entity>PATIENT-1 | Roger_Stern</entity>
			</entitymap>
		</entry>
		<entry category="ComicsCharacter" eid="Id57" size="1">
			<originaltripleset>
				<otriple>Blockbuster_(DC_Comics) | creator | Tom_Lyle</otriple>
			</originaltripleset>
			<originaltripleset>
				<otriple>Blockbuster_(DC_Comics) | creators | Tom_Lyle</otriple>
			</originaltripleset>
			<modifiedtripleset>
				<mtriple>Blockbuster_(comicsCharacter) | creator | Tom_Lyle</mtriple>
			</modifiedtripleset>
			<lex comment="good" lid="Id1">
				<text>The comic character, Blockbuster, was created by Tom Lyle.</text>
				<template>AGENT-1 was created by PATIENT-1 .</template>
			</lex>
			<lex comment="good" lid="Id2">
				<text>The creator of Blockbuster (comics character) is Tom Lyle.</text>
				<template>The creator of AGENT-1 is PATIENT-1 .</template>
			</lex>
			<lex comment="good" lid="Id3">
				<text>The comic character Blockbuster was created by Tom Lyle.</text>
				<template>AGENT-1 was created by PATIENT-1 .</template>
			</lex>
			<entitymap>
				<entity>AGENT-1 | Blockbuster_(comicsCharacter)</entity>
				<entity>PATIENT-1 | Tom_Lyle</entity>
			</entitymap>
		</entry>
		<entry category="ComicsCharacter" eid="Id58" size="1">
			<originaltripleset>
				<otriple>Bolt_(DC_Comics) | alterEgo | &quot;Larry Bolatinsky&quot;@en</otriple>
			</originaltripleset>
			<modifiedtripleset>
				<mtriple>Bolt_(comicsCharacter) | alternativeName | &quot;Larry Bolatinsky&quot;</mtriple>
			</modifiedtripleset>
			<lex comment="good" lid="Id1">
				<text>An alternative name for the comic character Bolt is Larry Bolatinsky.</text>
				<template>An alternative name for AGENT-1 is PATIENT-1 .</template>
			</lex>
			<lex comment="good" lid="Id2">
				<text>Larry Bolatinsky is the alternative name for the comic character, Bolt.</text>
				<template>PATIENT-1 is the alternative name for AGENT-1 .</template>
			</lex>
			<entitymap>
				<entity>AGENT-1 | Bolt_(comicsCharacter)</entity>
				<entity>PATIENT-1 | &quot;Larry Bolatinsky&quot;</entity>
			</entitymap>
		</entry>
		<entry category="ComicsCharacter" eid="Id59" size="1">
			<originaltripleset>
				<otriple>Bolt_(DC_Comics) | creators | Ernie_Colón</otriple>
			</originaltripleset>
			<originaltripleset>
				<otriple>Bolt_(DC_Comics) | creator | Ernie_Colón</otriple>
			</originaltripleset>
			<modifiedtripleset>
				<mtriple>Bolt_(comicsCharacter) | creator | Ernie_Colón</mtriple>
			</modifiedtripleset>
			<lex comment="good" lid="Id1">
				<text>Bolt is created by Ernie Colon.</text>
				<template>AGENT-1 is created by PATIENT-1 .</template>
			</lex>
			<lex comment="good" lid="Id2">
				<text>Ernie Colón was one of the creators of the comic character Bolt.</text>
				<template>PATIENT-1 was one of the creators of AGENT-1 .</template>
			</lex>
			<lex comment="good" lid="Id3">
				<text>The comic character Bolt was created by Ernie Colon.</text>
				<template>AGENT-1 was created by PATIENT-1 .</template>
			</lex>
			<entitymap>
				<entity>AGENT-1 | Bolt_(comicsCharacter)</entity>
				<entity>PATIENT-1 | Ernie_Colón</entity>
			</entitymap>
		</entry>
		<entry category="ComicsCharacter" eid="Id60" size="1">
			<originaltripleset>
				<otriple>Bolt_(DC_Comics) | creators | Gary_Cohn_(comics)</otriple>
			</originaltripleset>
			<originaltripleset>
				<otriple>Bolt_(DC_Comics) | creator | Gary_Cohn_(comics)</otriple>
			</originaltripleset>
			<modifiedtripleset>
				<mtriple>Bolt_(comicsCharacter) | creator | Gary_Cohn_(comics)</mtriple>
			</modifiedtripleset>
			<lex comment="good" lid="Id1">
				<text>The comic character, Bolt, was created by comic book writer Gary Cohn.</text>
				<template>AGENT-1 was created by PATIENT-1 .</template>
			</lex>
			<lex comment="good" lid="Id2">
				<text>The creator of Bolf (comics character) is Gary Cohn.</text>
				<template>The creator of AGENT-1 is PATIENT-1 .</template>
			</lex>
			<lex comment="good" lid="Id3">
				<text>The comic character Bolt was created by Gary Cohn.</text>
				<template>AGENT-1 was created by PATIENT-1 .</template>
			</lex>
			<entitymap>
				<entity>AGENT-1 | Bolt_(comicsCharacter)</entity>
				<entity>PATIENT-1 | Gary_Cohn_(comics)</entity>
			</entitymap>
		</entry>
		<entry category="ComicsCharacter" eid="Id61" size="1">
			<originaltripleset>
				<otriple>Bolt_(DC_Comics) | creators | Paris_Cullins</otriple>
			</originaltripleset>
			<originaltripleset>
				<otriple>Bolt_(DC_Comics) | creator | Paris_Cullins</otriple>
			</originaltripleset>
			<modifiedtripleset>
				<mtriple>Bolt_(comicsCharacter) | creator | Paris_Cullins</mtriple>
			</modifiedtripleset>
			<lex comment="good" lid="Id1">
				<text>The creator of Bolt (comics character) is Paris Cullins.</text>
				<template>The creator of AGENT-1 is PATIENT-1 .</template>
			</lex>
			<lex comment="good" lid="Id2">
				<text>The comic character Bolt, was created by Paris Cullins.</text>
				<template>AGENT-1 , was created by PATIENT-1 .</template>
			</lex>
			<entitymap>
				<entity>AGENT-1 | Bolt_(comicsCharacter)</entity>
				<entity>PATIENT-1 | Paris_Cullins</entity>
			</entitymap>
		</entry>
		<entry category="ComicsCharacter" eid="Id62" size="1">
			<originaltripleset>
				<otriple>Bozo_the_Iron_Man | creator | George_Brenner</otriple>
			</originaltripleset>
			<originaltripleset>
				<otriple>Bozo_the_Iron_Man | creators | George_Brenner</otriple>
			</originaltripleset>
			<modifiedtripleset>
				<mtriple>Bozo_the_Iron_Man | creator | George_Brenner</mtriple>
			</modifiedtripleset>
			<lex comment="good" lid="Id1">
				<text>Bozo the Iron Man was created by George Brenner.</text>
				<template>AGENT-1 was created by PATIENT-1 .</template>
			</lex>
			<lex comment="good" lid="Id2">
				<text>George Brenner is the creator of Bozo the Iron Man.</text>
				<template>PATIENT-1 is the creator of AGENT-1 .</template>
			</lex>
			<lex comment="good" lid="Id3">
				<text>Bozo, the Iron Man was created by George Brenner.</text>
				<template>AGENT-1 was created by PATIENT-1 .</template>
			</lex>
			<entitymap>
				<entity>AGENT-1 | Bozo_the_Iron_Man</entity>
				<entity>PATIENT-1 | George_Brenner</entity>
			</entitymap>
		</entry>
		<entry category="ComicsCharacter" eid="Id63" size="1">
			<originaltripleset>
				<otriple>Black_Knight_(Dane_Whitman) | alterEgo | &quot;Dane Whitman&quot;@en</otriple>
			</originaltripleset>
			<modifiedtripleset>
				<mtriple>Dane_Whitman_Black_Knight_(comicsCharacter) | alternativeName | &quot;Dane Whitman&quot;</mtriple>
			</modifiedtripleset>
			<lex comment="good" lid="Id1">
				<text>Dane Whitman is the alternative name for the comic character, Dane Whitman Black Knight.</text>
				<template>PATIENT-1 is the alternative name for PATIENT-1 .</template>
			</lex>
			<lex comment="good" lid="Id2">
				<text>The comic character Dane Whitman Black Knight is also known as simply Dane Whitman.</text>
				<template>AGENT-1 is also known as simply PATIENT-1 .</template>
			</lex>
			<entitymap>
				<entity>AGENT-1 | Dane_Whitman_Black_Knight_(comicsCharacter)</entity>
				<entity>PATIENT-1 | &quot;Dane Whitman&quot;</entity>
			</entitymap>
		</entry>
		<entry category="ComicsCharacter" eid="Id64" size="1">
			<originaltripleset>
				<otriple>Black_Knight_(Dane_Whitman) | creator | John_Buscema</otriple>
			</originaltripleset>
			<originaltripleset>
				<otriple>Black_Knight_(Dane_Whitman) | creators | John_Buscema</otriple>
			</originaltripleset>
			<modifiedtripleset>
				<mtriple>Dane_Whitman_Black_Knight_(comicsCharacter) | creator | John_Buscema</mtriple>
			</modifiedtripleset>
			<lex comment="good" lid="Id1">
				<text>Dane Whitman, alter ego Black Knight, was created by John Buscema.</text>
				<template>AGENT-1 was created by PATIENT-1 .</template>
			</lex>
			<lex comment="good" lid="Id2">
				<text>Dane Whitman, a.k.a. Black Knight, was created by John Buscema in the comics genre.</text>
				<template>AGENT-1 was created by PATIENT-1 in the comics genre .</template>
			</lex>
			<lex comment="good" lid="Id3">
				<text>Dane Whitman from the Black Knight was created by John Buscema.</text>
				<template>AGENT-1 was created by PATIENT-1 .</template>
			</lex>
			<entitymap>
				<entity>AGENT-1 | Dane_Whitman_Black_Knight_(comicsCharacter)</entity>
				<entity>PATIENT-1 | John_Buscema</entity>
			</entitymap>
		</entry>
		<entry category="ComicsCharacter" eid="Id65" size="1">
			<originaltripleset>
				<otriple>Black_Knight_(Dane_Whitman) | creator | Roy_Thomas</otriple>
			</originaltripleset>
			<originaltripleset>
				<otriple>Black_Knight_(Dane_Whitman) | creators | Roy_Thomas</otriple>
			</originaltripleset>
			<modifiedtripleset>
				<mtriple>Dane_Whitman_Black_Knight_(comicsCharacter) | creator | Roy_Thomas</mtriple>
			</modifiedtripleset>
			<lex comment="good" lid="Id1">
				<text>The comic character, Dane Whitman Black Knight was created by Roy Thomas.</text>
				<template>AGENT-1 was created by PATIENT-1 .</template>
			</lex>
			<lex comment="good" lid="Id2">
				<text>Dane Whitman Black Knight is a comic character created by Roy Thomas.</text>
				<template>AGENT-1 is a comic character created by PATIENT-1 .</template>
			</lex>
			<lex comment="good" lid="Id3">
				<text>The comic book character Dane Whitman, alter ego Black Knight, was created by Roy Thomas.</text>
				<template>AGENT-1 was created by PATIENT-1 .</template>
			</lex>
			<entitymap>
				<entity>AGENT-1 | Dane_Whitman_Black_Knight_(comicsCharacter)</entity>
				<entity>PATIENT-1 | Roy_Thomas</entity>
			</entitymap>
		</entry>
		<entry category="ComicsCharacter" eid="Id66" size="1">
			<originaltripleset>
				<otriple>Dick_Dillin | nationality | United_States</otriple>
			</originaltripleset>
			<modifiedtripleset>
				<mtriple>Dick_Dillin | nationality | United_States</mtriple>
			</modifiedtripleset>
			<lex comment="good" lid="Id1">
				<text>Dick Dillian is from the United States.</text>
				<template>AGENT-1 is from PATIENT-1 .</template>
			</lex>
			<lex comment="good" lid="Id2">
				<text>The nationality of Dick Dillin is United States.</text>
				<template>The nationality of AGENT-1 is PATIENT-1 .</template>
			</lex>
			<entitymap>
				<entity>AGENT-1 | Dick_Dillin</entity>
				<entity>PATIENT-1 | United_States</entity>
			</entitymap>
		</entry>
		<entry category="ComicsCharacter" eid="Id67" size="1">
			<originaltripleset>
				<otriple>Doug_Moench | award | Eagle_Award_(comics)</otriple>
			</originaltripleset>
			<modifiedtripleset>
				<mtriple>Doug_Moench | award | Eagle_Award_(comics)</mtriple>
			</modifiedtripleset>
			<lex comment="good" lid="Id1">
				<text>Doug Moench won the Eagle Award (comics).</text>
				<template>AGENT-1 won PATIENT-1 .</template>
			</lex>
			<lex comment="good" lid="Id2">
				<text>Doug Moench has won an Eagle Award.</text>
				<template>AGENT-1 has won PATIENT-1 .</template>
			</lex>
			<lex comment="good" lid="Id3">
				<text>Doug Moench received the Eagle Award in the comics field.</text>
				<template>AGENT-1 received PATIENT-1 in the comics field .</template>
			</lex>
			<entitymap>
				<entity>AGENT-1 | Doug_Moench</entity>
				<entity>PATIENT-1 | Eagle_Award_(comics)</entity>
			</entitymap>
		</entry>
		<entry category="ComicsCharacter" eid="Id68" size="1">
			<originaltripleset>
				<otriple>Doug_Moench | award | Inkpot_Award</otriple>
			</originaltripleset>
			<modifiedtripleset>
				<mtriple>Doug_Moench | award | Inkpot_Award</mtriple>
			</modifiedtripleset>
			<lex comment="good" lid="Id1">
				<text>Doug Moench won the Inkpot Award.</text>
				<template>AGENT-1 won PATIENT-1 .</template>
			</lex>
			<entitymap>
				<entity>AGENT-1 | Doug_Moench</entity>
				<entity>PATIENT-1 | Inkpot_Award</entity>
			</entitymap>
		</entry>
		<entry category="ComicsCharacter" eid="Id69" size="1">
			<originaltripleset>
				<otriple>Duncan_Rouleau | nationality | Americans</otriple>
			</originaltripleset>
			<modifiedtripleset>
				<mtriple>Duncan_Rouleau | nationality | Americans</mtriple>
			</modifiedtripleset>
			<lex comment="good" lid="Id1">
				<text>The nationality of Duncan Rouleau is American.</text>
				<template>The nationality of AGENT-1 is PATIENT-1 .</template>
			</lex>
			<lex comment="good" lid="Id2">
				<text>Duncan Rouleau is American.</text>
				<template>AGENT-1 is PATIENT-1 .</template>
			</lex>
			<lex comment="good" lid="Id3">
				<text>Duncan Rouleau is an American.</text>
				<template>AGENT-1 is PATIENT-1 .</template>
			</lex>
			<entitymap>
				<entity>AGENT-1 | Duncan_Rouleau</entity>
				<entity>PATIENT-1 | Americans</entity>
			</entitymap>
		</entry>
		<entry category="ComicsCharacter" eid="Id70" size="1">
			<originaltripleset>
				<otriple>Ernie_Colón | nationality | Puerto_Ricans</otriple>
			</originaltripleset>
			<modifiedtripleset>
				<mtriple>Ernie_Colón | nationality | Puerto_Ricans</mtriple>
			</modifiedtripleset>
			<lex comment="good" lid="Id1">
				<text>Ernie Colón is a national of Puerto Rico so he is considered Puerto Rican.</text>
				<template>AGENT-1 is a national of PATIENT-1 so AGENT-1 is considered PATIENT-1 .</template>
			</lex>
			<lex comment="good" lid="Id2">
				<text>Ernie Colon is a Puerto Rican national.</text>
				<template>AGENT-1 is a PATIENT-1 national .</template>
			</lex>
			<entitymap>
				<entity>AGENT-1 | Ernie_Colón</entity>
				<entity>PATIENT-1 | Puerto_Ricans</entity>
			</entitymap>
		</entry>
		<entry category="ComicsCharacter" eid="Id71" size="1">
			<originaltripleset>
				<otriple>Gene_Colan | award | Eisner_Award</otriple>
			</originaltripleset>
			<modifiedtripleset>
				<mtriple>Gene_Colan | award | Eisner_Award</mtriple>
			</modifiedtripleset>
			<lex comment="good" lid="Id1">
				<text>Gene Colan has been awarded the Eisner Award.</text>
				<template>AGENT-1 has been awarded PATIENT-1 .</template>
			</lex>
			<lex comment="good" lid="Id2">
				<text>Gene Colan won the Eisner Award.</text>
				<template>AGENT-1 won PATIENT-1 .</template>
			</lex>
			<entitymap>
				<entity>AGENT-1 | Gene_Colan</entity>
				<entity>PATIENT-1 | Eisner_Award</entity>
			</entitymap>
		</entry>
		<entry category="ComicsCharacter" eid="Id72" size="1">
			<originaltripleset>
				<otriple>Gene_Colan | nationality | Americans</otriple>
			</originaltripleset>
			<modifiedtripleset>
				<mtriple>Gene_Colan | nationality | Americans</mtriple>
			</modifiedtripleset>
			<lex comment="good" lid="Id1">
				<text>Gene Colan is an American.</text>
				<template>AGENT-1 is PATIENT-1 .</template>
			</lex>
			<lex comment="good" lid="Id2">
				<text>Gene Colan's nationality is American.</text>
				<template>AGENT-1 nationality is PATIENT-1 .</template>
			</lex>
			<entitymap>
				<entity>AGENT-1 | Gene_Colan</entity>
				<entity>PATIENT-1 | Americans</entity>
			</entitymap>
		</entry>
		<entry category="ComicsCharacter" eid="Id73" size="1">
			<originaltripleset>
				<otriple>Graeme_Garden | birthPlace | Aberdeen</otriple>
			</originaltripleset>
			<modifiedtripleset>
				<mtriple>Graeme_Garden | birthPlace | Aberdeen</mtriple>
			</modifiedtripleset>
			<lex comment="good" lid="Id1">
				<text>Graeme Garden was born in Aberdeen.</text>
				<template>AGENT-1 was born in PATIENT-1 .</template>
			</lex>
			<lex comment="good" lid="Id2">
				<text>The birth place of Graeme Garden is Aberdeen.</text>
				<template>The birth place of AGENT-1 is PATIENT-1 .</template>
			</lex>
			<entitymap>
				<entity>AGENT-1 | Graeme_Garden</entity>
				<entity>PATIENT-1 | Aberdeen</entity>
			</entitymap>
		</entry>
		<entry category="ComicsCharacter" eid="Id74" size="1">
			<originaltripleset>
				<otriple>Jack_Kirby | nationality | Americans</otriple>
			</originaltripleset>
			<modifiedtripleset>
				<mtriple>Jack_Kirby | nationality | Americans</mtriple>
			</modifiedtripleset>
			<lex comment="good" lid="Id1">
				<text>Jack Kirby is an American.</text>
				<template>AGENT-1 is PATIENT-1 .</template>
			</lex>
			<lex comment="good" lid="Id2">
				<text>Jack Kirby's nationality is American.</text>
				<template>AGENT-1 nationality is American .</template>
			</lex>
			<lex comment="good" lid="Id3">
				<text>Jack Kirby was an American.</text>
				<template>AGENT-1 was PATIENT-1 .</template>
			</lex>
			<entitymap>
				<entity>AGENT-1 | Jack_Kirby</entity>
				<entity>PATIENT-1 | Americans</entity>
			</entitymap>
		</entry>
		<entry category="ComicsCharacter" eid="Id75" size="1">
			<originaltripleset>
				<otriple>Jan_Duursema | awards | Eisner_Award</otriple>
			</originaltripleset>
			<originaltripleset>
				<otriple>Jan_Duursema | award | Eisner_Award</otriple>
			</originaltripleset>
			<modifiedtripleset>
				<mtriple>Jan_Duursema | award | Eisner_Award</mtriple>
			</modifiedtripleset>
			<lex comment="good" lid="Id1">
				<text>Jan Duursema has won the Eisner Award.</text>
				<template>AGENT-1 has won PATIENT-1 .</template>
			</lex>
			<entitymap>
				<entity>AGENT-1 | Jan_Duursema</entity>
				<entity>PATIENT-1 | Eisner_Award</entity>
			</entitymap>
		</entry>
		<entry category="ComicsCharacter" eid="Id76" size="1">
			<originaltripleset>
				<otriple>Jerry_Ordway | nationality | Americans</otriple>
			</originaltripleset>
			<modifiedtripleset>
				<mtriple>Jerry_Ordway | nationality | Americans</mtriple>
			</modifiedtripleset>
			<lex comment="good" lid="Id1">
				<text>Jerry Ordway's nationality is American.</text>
				<template>AGENT-1 nationality is PATIENT-1 .</template>
			</lex>
			<lex comment="good" lid="Id2">
				<text>Jerry Ordway is American.</text>
				<template>AGENT-1 is PATIENT-1 .</template>
			</lex>
			<entitymap>
				<entity>AGENT-1 | Jerry_Ordway</entity>
				<entity>PATIENT-1 | Americans</entity>
			</entitymap>
		</entry>
		<entry category="ComicsCharacter" eid="Id77" size="1">
			<originaltripleset>
				<otriple>John_Buscema | award | Academy_of_Comic_Book_Arts</otriple>
			</originaltripleset>
			<modifiedtripleset>
				<mtriple>John_Buscema | award | Academy_of_Comic_Book_Arts</mtriple>
			</modifiedtripleset>
			<lex comment="good" lid="Id1">
				<text>John Buscema was awarded an award by the Academy of Comic Book Arts.</text>
				<template>AGENT-1 was awarded an award by PATIENT-1 .</template>
			</lex>
			<lex comment="good" lid="Id2">
				<text>John Buscema has been awarded by the Academy of Comic Book Arts.</text>
				<template>AGENT-1 has been awarded by PATIENT-1 .</template>
			</lex>
			<lex comment="good" lid="Id3">
				<text>John Buscema won an award at the Academy of Comic Book Arts.</text>
				<template>AGENT-1 won an award at PATIENT-1 .</template>
			</lex>
			<entitymap>
				<entity>AGENT-1 | John_Buscema</entity>
				<entity>PATIENT-1 | Academy_of_Comic_Book_Arts</entity>
			</entitymap>
		</entry>
		<entry category="ComicsCharacter" eid="Id78" size="1">
			<originaltripleset>
				<otriple>John_Buscema | award | Alley_Award</otriple>
			</originaltripleset>
			<modifiedtripleset>
				<mtriple>John_Buscema | award | Alley_Award</mtriple>
			</modifiedtripleset>
			<lex comment="good" lid="Id1">
				<text>John Buscema won the Alley Award.</text>
				<template>AGENT-1 won PATIENT-1 .</template>
			</lex>
			<entitymap>
				<entity>AGENT-1 | John_Buscema</entity>
				<entity>PATIENT-1 | Alley_Award</entity>
			</entitymap>
		</entry>
		<entry category="ComicsCharacter" eid="Id79" size="1">
			<originaltripleset>
				<otriple>John_Buscema | award | Inkpot_Award</otriple>
			</originaltripleset>
			<modifiedtripleset>
				<mtriple>John_Buscema | award | Inkpot_Award</mtriple>
			</modifiedtripleset>
			<lex comment="good" lid="Id1">
				<text>John Buscema won the Inkpot Award.</text>
				<template>AGENT-1 won PATIENT-1 .</template>
			</lex>
			<lex comment="good" lid="Id2">
				<text>John Buscema has won the Inkpot Award.</text>
				<template>AGENT-1 has won PATIENT-1 .</template>
			</lex>
			<entitymap>
				<entity>AGENT-1 | John_Buscema</entity>
				<entity>PATIENT-1 | Inkpot_Award</entity>
			</entitymap>
		</entry>
		<entry category="ComicsCharacter" eid="Id80" size="1">
			<originaltripleset>
				<otriple>John_Buscema | nationality | Americans</otriple>
			</originaltripleset>
			<modifiedtripleset>
				<mtriple>John_Buscema | nationality | Americans</mtriple>
			</modifiedtripleset>
			<lex comment="good" lid="Id1">
				<text>American was the nationality of John Buscema.</text>
				<template>PATIENT-1 was the nationality of AGENT-1 .</template>
			</lex>
			<lex comment="good" lid="Id2">
				<text>John Buscema is an American.</text>
				<template>AGENT-1 is PATIENT-1 .</template>
			</lex>
			<lex comment="good" lid="Id3">
				<text>John Buscema's nationality is American.</text>
				<template>AGENT-1 nationality is PATIENT-1 .</template>
			</lex>
			<entitymap>
				<entity>AGENT-1 | John_Buscema</entity>
				<entity>PATIENT-1 | Americans</entity>
			</entitymap>
		</entry>
		<entry category="ComicsCharacter" eid="Id81" size="1">
			<originaltripleset>
				<otriple>Len_Wein | award | Academy_of_Comic_Book_Arts</otriple>
			</originaltripleset>
			<modifiedtripleset>
				<mtriple>Len_Wein | award | Academy_of_Comic_Book_Arts</mtriple>
			</modifiedtripleset>
			<lex comment="good" lid="Id1">
				<text>Len Wein collected an award from the Academy of Comic Book Arts.</text>
				<template>AGENT-1 collected an award from PATIENT-1 .</template>
			</lex>
			<lex comment="good" lid="Id2">
				<text>Len Wein has won awards from the Academy of Comic Book Arts.</text>
				<template>AGENT-1 has won awards from PATIENT-1 .</template>
			</lex>
			<entitymap>
				<entity>AGENT-1 | Len_Wein</entity>
				<entity>PATIENT-1 | Academy_of_Comic_Book_Arts</entity>
			</entitymap>
		</entry>
		<entry category="ComicsCharacter" eid="Id82" size="1">
			<originaltripleset>
				<otriple>Len_Wein | award | Inkpot_Award</otriple>
			</originaltripleset>
			<modifiedtripleset>
				<mtriple>Len_Wein | award | Inkpot_Award</mtriple>
			</modifiedtripleset>
			<lex comment="good" lid="Id1">
				<text>Len Wein won the Inkpot Award.</text>
				<template>AGENT-1 won PATIENT-1 .</template>
			</lex>
			<lex comment="good" lid="Id2">
				<text>Len Wein is an Inkpot Award winner.</text>
				<template>AGENT-1 is an PATIENT-1 winner .</template>
			</lex>
			<entitymap>
				<entity>AGENT-1 | Len_Wein</entity>
				<entity>PATIENT-1 | Inkpot_Award</entity>
			</entitymap>
		</entry>
		<entry category="ComicsCharacter" eid="Id83" size="1">
			<originaltripleset>
				<otriple>Marv_Wolfman | award | Academy_of_Comic_Book_Arts</otriple>
			</originaltripleset>
			<modifiedtripleset>
				<mtriple>Marv_Wolfman | award | Academy_of_Comic_Book_Arts</mtriple>
			</modifiedtripleset>
			<lex comment="good" lid="Id1">
				<text>Marv Wolfwan won an award at the Academy of Comic Book Arts.</text>
				<template>AGENT-1 won an award at PATIENT-1 .</template>
			</lex>
			<entitymap>
				<entity>AGENT-1 | Marv_Wolfman</entity>
				<entity>PATIENT-1 | Academy_of_Comic_Book_Arts</entity>
			</entitymap>
		</entry>
		<entry category="ComicsCharacter" eid="Id84" size="1">
			<originaltripleset>
				<otriple>Marv_Wolfman | award | Inkpot_Award</otriple>
			</originaltripleset>
			<modifiedtripleset>
				<mtriple>Marv_Wolfman | award | Inkpot_Award</mtriple>
			</modifiedtripleset>
			<lex comment="good" lid="Id1">
				<text>Marv Wolfman won the Inkpot Award.</text>
				<template>AGENT-1 won PATIENT-1 .</template>
			</lex>
			<lex comment="good" lid="Id2">
				<text>Marv Wolfman was awarded the Inkpot Award.</text>
				<template>AGENT-1 was awarded PATIENT-1 .</template>
			</lex>
			<entitymap>
				<entity>AGENT-1 | Marv_Wolfman</entity>
				<entity>PATIENT-1 | Inkpot_Award</entity>
			</entitymap>
		</entry>
		<entry category="ComicsCharacter" eid="Id85" size="1">
			<originaltripleset>
				<otriple>Paris_Cullins | nationality | United_States</otriple>
			</originaltripleset>
			<modifiedtripleset>
				<mtriple>Paris_Cullins | nationality | United_States</mtriple>
			</modifiedtripleset>
			<lex comment="good" lid="Id1">
				<text>Paris Cullins is a United States national.</text>
				<template>AGENT-1 is a PATIENT-1 national .</template>
			</lex>
			<lex comment="good" lid="Id2">
				<text>The nationality of Paris Cullins is United States.</text>
				<template>The nationality of AGENT-1 is PATIENT-1 .</template>
			</lex>
			<entitymap>
				<entity>AGENT-1 | Paris_Cullins</entity>
				<entity>PATIENT-1 | United_States</entity>
			</entitymap>
		</entry>
		<entry category="ComicsCharacter" eid="Id86" size="1">
			<originaltripleset>
				<otriple>René_Goscinny | nationality | French_people</otriple>
			</originaltripleset>
			<modifiedtripleset>
				<mtriple>René_Goscinny | nationality | French_people</mtriple>
			</modifiedtripleset>
			<lex comment="good" lid="Id1">
				<text>Rene Goscinny is a French national.</text>
				<template>AGENT-1 is PATIENT-1 national .</template>
			</lex>
			<lex comment="good" lid="Id2">
				<text>The nationality of René Goscinny is French.</text>
				<template>The nationality of AGENT-1 is PATIENT-1 .</template>
			</lex>
			<entitymap>
				<entity>AGENT-1 | René_Goscinny</entity>
				<entity>PATIENT-1 | French_people</entity>
			</entitymap>
		</entry>
		<entry category="ComicsCharacter" eid="Id87" size="1">
			<originaltripleset>
				<otriple>Roger_McKenzie_(comics) | nationality | United_States</otriple>
			</originaltripleset>
			<modifiedtripleset>
				<mtriple>Roger_McKenzie_(comic_book_writer) | nationality | United_States</mtriple>
			</modifiedtripleset>
			<lex comment="good" lid="Id1">
				<text>The comic book writer, Roger McKenzie, is a United States national.</text>
				<template>AGENT-1 is a PATIENT-1 national .</template>
			</lex>
			<lex comment="good" lid="Id2">
				<text>The comic book writer, Roger McKenzie is an American.</text>
				<template>AGENT-1 is PATIENT-1 .</template>
			</lex>
			<entitymap>
				<entity>AGENT-1 | Roger_McKenzie_(comic_book_writer)</entity>
				<entity>PATIENT-1 | United_States</entity>
			</entitymap>
		</entry>
		<entry category="ComicsCharacter" eid="Id88" size="1">
			<originaltripleset>
				<otriple>Roy_Thomas | award | Academy_of_Comic_Book_Arts</otriple>
			</originaltripleset>
			<modifiedtripleset>
				<mtriple>Roy_Thomas | award | Academy_of_Comic_Book_Arts</mtriple>
			</modifiedtripleset>
			<lex comment="good" lid="Id1">
				<text>Roy Thomas was an award winner at the Academy of Comic Book Arts.</text>
				<template>AGENT-1 was an award winner at PATIENT-1 .</template>
			</lex>
			<lex comment="good" lid="Id2">
				<text>Roy Thomas received an award from the Academy of Comic Book Arts.</text>
				<template>AGENT-1 received an award from PATIENT-1 .</template>
			</lex>
			<lex comment="good" lid="Id3">
				<text>Roy Thomas won an award from the Academy of Comic Book Arts.</text>
				<template>AGENT-1 won an award from PATIENT-1 .</template>
			</lex>
			<entitymap>
				<entity>AGENT-1 | Roy_Thomas</entity>
				<entity>PATIENT-1 | Academy_of_Comic_Book_Arts</entity>
			</entitymap>
		</entry>
		<entry category="ComicsCharacter" eid="Id89" size="1">
			<originaltripleset>
				<otriple>Roy_Thomas | award | Alley_Award</otriple>
			</originaltripleset>
			<modifiedtripleset>
				<mtriple>Roy_Thomas | award | Alley_Award</mtriple>
			</modifiedtripleset>
			<lex comment="good" lid="Id1">
				<text>Roy Thomas was awarded the Alley Award.</text>
				<template>AGENT-1 was awarded PATIENT-1 .</template>
			</lex>
			<lex comment="good" lid="Id2">
				<text>Roy Thomas won the Alley Award.</text>
				<template>AGENT-1 won PATIENT-1 .</template>
			</lex>
			<entitymap>
				<entity>AGENT-1 | Roy_Thomas</entity>
				<entity>PATIENT-1 | Alley_Award</entity>
			</entitymap>
		</entry>
		<entry category="ComicsCharacter" eid="Id90" size="1">
			<originaltripleset>
				<otriple>Sheldon_Moldoff | award | Inkpot_Award</otriple>
			</originaltripleset>
			<originaltripleset>
				<otriple>Sheldon_Moldoff | awards | Inkpot_Award</otriple>
			</originaltripleset>
			<modifiedtripleset>
				<mtriple>Sheldon_Moldoff | award | Inkpot_Award</mtriple>
			</modifiedtripleset>
			<lex comment="good" lid="Id1">
				<text>Sheldon Moldoff won the Inkpot Award.</text>
				<template>AGENT-1 won PATIENT-1 .</template>
			</lex>
			<lex comment="good" lid="Id2">
				<text>Sheldon Moldoff has won the Inkpot Award.</text>
				<template>AGENT-1 has won PATIENT-1 .</template>
			</lex>
			<entitymap>
				<entity>AGENT-1 | Sheldon_Moldoff</entity>
				<entity>PATIENT-1 | Inkpot_Award</entity>
			</entitymap>
		</entry>
		<entry category="ComicsCharacter" eid="Id91" size="1">
			<originaltripleset>
				<otriple>Sheldon_Moldoff | nationality | Americans</otriple>
			</originaltripleset>
			<modifiedtripleset>
				<mtriple>Sheldon_Moldoff | nationality | Americans</mtriple>
			</modifiedtripleset>
			<lex comment="good" lid="Id1">
				<text>Sheldon Moldoff was an American national.</text>
				<template>AGENT-1 was an PATIENT-1 national .</template>
			</lex>
			<lex comment="good" lid="Id2">
				<text>Sheldon Moldoff is an American.</text>
				<template>AGENT-1 is PATIENT-1 .</template>
			</lex>
			<entitymap>
				<entity>AGENT-1 | Sheldon_Moldoff</entity>
				<entity>PATIENT-1 | Americans</entity>
			</entitymap>
		</entry>
		<entry category="ComicsCharacter" eid="Id92" size="1">
			<originaltripleset>
				<otriple>Arrow_(comics) | alterEgo | &quot;Ralph Payne&quot;@en</otriple>
			</originaltripleset>
			<modifiedtripleset>
				<mtriple>The_Arrow_(comicsCharacter) | alternativeName | &quot;Ralph Payne&quot;</mtriple>
			</modifiedtripleset>
			<lex comment="good" lid="Id1">
				<text>The Arrow is otherwise known as Ralph Payne.</text>
				<template>AGENT-1 is otherwise known as PATIENT-1 .</template>
			</lex>
			<lex comment="good" lid="Id2">
				<text>The alternative name for the comic character, the Arrow, is Ralph Payne.</text>
				<template>The alternative name for AGENT-1 is PATIENT-1 .</template>
			</lex>
			<entitymap>
				<entity>AGENT-1 | The_Arrow_(comicsCharacter)</entity>
				<entity>PATIENT-1 | &quot;Ralph Payne&quot;</entity>
			</entitymap>
		</entry>
		<entry category="ComicsCharacter" eid="Id93" size="1">
			<originaltripleset>
				<otriple>Arrow_(comics) | alterEgo | &quot;Rick Parker&quot;@en</otriple>
			</originaltripleset>
			<modifiedtripleset>
				<mtriple>The_Arrow_(comicsCharacter) | alternativeName | &quot;Rick Parker&quot;</mtriple>
			</modifiedtripleset>
			<lex comment="good" lid="Id1">
				<text>Rick Parker, is the alternative name for the comic character, the Arrow.</text>
				<template>PATIENT-1 , is the alternative name for AGENT-1 .</template>
			</lex>
			<lex comment="good" lid="Id2">
				<text>The alternative name for The Arrow (comics character) is &quot;Rick Parker&quot;.</text>
				<template>The alternative name for AGENT-1 is `` PATIENT-1 '' .</template>
			</lex>
			<lex comment="good" lid="Id3">
				<text>The comic book character The Arrow's alter ego is Rick Parker.</text>
				<template>AGENT-1 alter ego is PATIENT-1 .</template>
			</lex>
			<entitymap>
				<entity>AGENT-1 | The_Arrow_(comicsCharacter)</entity>
				<entity>PATIENT-1 | &quot;Rick Parker&quot;</entity>
			</entitymap>
		</entry>
		<entry category="ComicsCharacter" eid="Id94" size="1">
			<originaltripleset>
				<otriple>Arrow_(comics) | creator | Paul_Gustavson</otriple>
			</originaltripleset>
			<originaltripleset>
				<otriple>Arrow_(comics) | creators | Paul_Gustavson</otriple>
			</originaltripleset>
			<modifiedtripleset>
				<mtriple>The_Arrow_(comicsCharacter) | creator | Paul_Gustavson</mtriple>
			</modifiedtripleset>
			<lex comment="good" lid="Id1">
				<text>Paul Gustavson created The Arrow.</text>
				<template>PATIENT-1 created AGENT-1 .</template>
			</lex>
			<lex comment="good" lid="Id2">
				<text>The comic character, The Arrow, was created by Paul Gustavson.</text>
				<template>AGENT-1 , The Arrow , was created by PATIENT-1 .</template>
			</lex>
			<entitymap>
				<entity>AGENT-1 | The_Arrow_(comicsCharacter)</entity>
				<entity>PATIENT-1 | Paul_Gustavson</entity>
			</entitymap>
		</entry>
		<entry category="ComicsCharacter" eid="Id95" size="1">
			<originaltripleset>
				<otriple>Tim_Brooke-Taylor | birthPlace | Buxton</otriple>
			</originaltripleset>
			<modifiedtripleset>
				<mtriple>Tim_Brooke-Taylor | birthPlace | Buxton</mtriple>
			</modifiedtripleset>
			<lex comment="good" lid="Id1">
				<text>Tim Brooke-Taylor was born in Buxton.</text>
				<template>AGENT-1 was born in PATIENT-1 .</template>
			</lex>
			<lex comment="good" lid="Id2">
				<text>Buxton is the birthplace of Tim Brooke-Taylor.</text>
				<template>PATIENT-1 is the birthplace of AGENT-1 .</template>
			</lex>
			<entitymap>
				<entity>AGENT-1 | Tim_Brooke-Taylor</entity>
				<entity>PATIENT-1 | Buxton</entity>
			</entitymap>
		</entry>
		<entry category="ComicsCharacter" eid="Id96" size="1">
			<originaltripleset>
				<otriple>Tim_Brooke-Taylor | birthPlace | Derbyshire</otriple>
			</originaltripleset>
			<modifiedtripleset>
				<mtriple>Tim_Brooke-Taylor | birthPlace | Derbyshire</mtriple>
			</modifiedtripleset>
			<lex comment="good" lid="Id1">
				<text>Tim Brooke Taylor was born in Derbyshire.</text>
				<template>AGENT-1 was born in PATIENT-1 .</template>
			</lex>
			<lex comment="good" lid="Id2">
				<text>Tim Brooke-Taylor was born in Derbyshire.</text>
				<template>AGENT-1 was born in PATIENT-1 .</template>
			</lex>
			<entitymap>
				<entity>AGENT-1 | Tim_Brooke-Taylor</entity>
				<entity>PATIENT-1 | Derbyshire</entity>
			</entitymap>
		</entry>
		<entry category="ComicsCharacter" eid="Id97" size="1">
			<originaltripleset>
				<otriple>Tim_Brooke-Taylor | birthPlace | England</otriple>
			</originaltripleset>
			<modifiedtripleset>
				<mtriple>Tim_Brooke-Taylor | birthPlace | England</mtriple>
			</modifiedtripleset>
			<lex comment="good" lid="Id1">
				<text>Tim Brooke Taylor was born in England.</text>
				<template>AGENT-1 was born in PATIENT-1 .</template>
			</lex>
			<lex comment="good" lid="Id2">
				<text>Tim Brooke-Taylor was born in England.</text>
				<template>AGENT-1 was born in PATIENT-1 .</template>
			</lex>
			<entitymap>
				<entity>AGENT-1 | Tim_Brooke-Taylor</entity>
				<entity>PATIENT-1 | England</entity>
			</entitymap>
		</entry>
		<entry category="ComicsCharacter" eid="Id98" size="1">
			<originaltripleset>
				<otriple>Tim_Brooke-Taylor | birthPlace | United_Kingdom</otriple>
			</originaltripleset>
			<modifiedtripleset>
				<mtriple>Tim_Brooke-Taylor | birthPlace | United_Kingdom</mtriple>
			</modifiedtripleset>
			<lex comment="good" lid="Id1">
				<text>Tim Brooke-Taylor's birth place is the United Kingdom.</text>
				<template>AGENT-1 birth place is PATIENT-1 .</template>
			</lex>
			<lex comment="good" lid="Id2">
				<text>Tim Brooke-Taylor was born in the UK.</text>
				<template>AGENT-1 was born in PATIENT-1 .</template>
			</lex>
			<lex comment="good" lid="Id3">
				<text>The birth place of Tim Brooke-Taylor is United Kingdom.</text>
				<template>The birth place of AGENT-1 is PATIENT-1 .</template>
			</lex>
			<entitymap>
				<entity>AGENT-1 | Tim_Brooke-Taylor</entity>
				<entity>PATIENT-1 | United_Kingdom</entity>
			</entitymap>
		</entry>
	</entries>
</benchmark>
