<?xml version="1.0" ?>
<benchmark>
	<entries>
		<entry category="Monument" eid="Id1" size="1">
			<originaltripleset>
				<otriple>11th_Mississippi_Infantry_Monument | category | Contributing_property</otriple>
			</originaltripleset>
			<modifiedtripleset>
				<mtriple>11th_Mississippi_Infantry_Monument | category | Contributing_property</mtriple>
			</modifiedtripleset>
			<lex comment="good" lid="Id1">
				<text>The 11th Mississippi Infantry Monument falls under the category of Contributing property.</text>
				<template>AGENT-1 falls under the category of PATIENT-1 .</template>
			</lex>
			<lex comment="good" lid="Id2">
				<text>The 11th Mississippi Infantry Monument is categorized as a Contributing Property.</text>
				<template>AGENT-1 is categorized as PATIENT-1 .</template>
			</lex>
			<lex comment="good" lid="Id3">
				<text>The 11th Mississippi Infantry Monument is categorised as a contributing property.</text>
				<template>AGENT-1 is categorised as PATIENT-1 .</template>
			</lex>
			<entitymap>
				<entity>AGENT-1 | 11th_Mississippi_Infantry_Monument</entity>
				<entity>PATIENT-1 | Contributing_property</entity>
			</entitymap>
		</entry>
		<entry category="Monument" eid="Id2" size="1">
			<originaltripleset>
				<otriple>11th_Mississippi_Infantry_Monument | country | &quot;United States&quot;@en</otriple>
			</originaltripleset>
			<modifiedtripleset>
				<mtriple>11th_Mississippi_Infantry_Monument | country | &quot;United States&quot;</mtriple>
			</modifiedtripleset>
			<lex comment="good" lid="Id1">
				<text>The 11th Mississippi Infantry Monument is located in the United States.</text>
				<template>AGENT-1 is located in PATIENT-1 .</template>
			</lex>
			<lex comment="good" lid="Id2">
				<text>11th Mississippi Infantry Monument is in the United States.</text>
				<template>AGENT-1 is in PATIENT-1 .</template>
			</lex>
			<lex comment="good" lid="Id3">
				<text>The 11th Mississippi Infantry Monument is in the United States.</text>
				<template>AGENT-1 is in PATIENT-1 .</template>
			</lex>
			<lex comment="good" lid="Id4">
				<text>The 11th Mississippi Infantry Monument is based in the US.</text>
				<template>AGENT-1 is based in PATIENT-1 .</template>
			</lex>
			<entitymap>
				<entity>AGENT-1 | 11th_Mississippi_Infantry_Monument</entity>
				<entity>PATIENT-1 | &quot;United States&quot;</entity>
			</entitymap>
		</entry>
		<entry category="Monument" eid="Id3" size="1">
			<originaltripleset>
				<otriple>11th_Mississippi_Infantry_Monument | region | Adams_County,_Pennsylvania</otriple>
			</originaltripleset>
			<modifiedtripleset>
				<mtriple>11th_Mississippi_Infantry_Monument | location | Adams_County,_Pennsylvania</mtriple>
			</modifiedtripleset>
			<lex comment="good" lid="Id1">
				<text>11th Mississippi Infantry Monument's location is Adams County, Pennsylvania.</text>
				<template>AGENT-1 location is PATIENT-1 .</template>
			</lex>
			<lex comment="good" lid="Id2">
				<text>The location of the 11th Mississippi Infantry Monument is Adams County, Pennsylvania.</text>
				<template>The location of AGENT-1 is PATIENT-1 .</template>
			</lex>
			<lex comment="good" lid="Id3">
				<text>The 11th Mississippi Infantry Monument is located in Adams County, Pennsylvania.</text>
				<template>AGENT-1 is located in PATIENT-1 .</template>
			</lex>
			<lex comment="good" lid="Id4">
				<text>11th Mississippi Infantry Monument is found in the Adams County in Pennsylvania.</text>
				<template>AGENT-1 is found in PATIENT-1 .</template>
			</lex>
			<entitymap>
				<entity>AGENT-1 | 11th_Mississippi_Infantry_Monument</entity>
				<entity>PATIENT-1 | Adams_County,_Pennsylvania</entity>
			</entitymap>
		</entry>
		<entry category="Monument" eid="Id4" size="1">
			<originaltripleset>
				<otriple>11th_Mississippi_Infantry_Monument | range | Seminary_Ridge</otriple>
			</originaltripleset>
			<modifiedtripleset>
				<mtriple>11th_Mississippi_Infantry_Monument | location | Seminary_Ridge</mtriple>
			</modifiedtripleset>
			<lex comment="good" lid="Id1">
				<text>The 11th Mississippi Infantry Monument is located at Seminary Ridge.</text>
				<template>AGENT-1 is located at PATIENT-1 .</template>
			</lex>
			<lex comment="good" lid="Id2">
				<text>The 11th Mississippi Infantry Monument's location is in the Seminary Ridge.</text>
				<template>AGENT-1 location is in PATIENT-1 .</template>
			</lex>
			<entitymap>
				<entity>AGENT-1 | 11th_Mississippi_Infantry_Monument</entity>
				<entity>PATIENT-1 | Seminary_Ridge</entity>
			</entitymap>
		</entry>
		<entry category="Monument" eid="Id5" size="1">
			<originaltripleset>
				<otriple>11th_Mississippi_Infantry_Monument | municipality | Gettysburg,_Pennsylvania</otriple>
			</originaltripleset>
			<modifiedtripleset>
				<mtriple>11th_Mississippi_Infantry_Monument | municipality | Gettysburg,_Pennsylvania</mtriple>
			</modifiedtripleset>
			<lex comment="good" lid="Id1">
				<text>The 11th Mississippi Infantry Monument is in the municipality of Gettysburg , Pennsylvania.</text>
				<template>AGENT-1 is in the municipality of PATIENT-1 .</template>
			</lex>
			<lex comment="good" lid="Id2">
				<text>The 11th Mississippi Infantry Monument is placed in the municipality of Gettysburg in Pennsylvania.</text>
				<template>AGENT-1 is placed in the municipality of PATIENT-1 .</template>
			</lex>
			<lex comment="good" lid="Id3">
				<text>The 11th Mississippi Infantry Monument is in the municipality of Gettysburg, Pennsylvania.</text>
				<template>AGENT-1 is in the municipality of PATIENT-1 .</template>
			</lex>
			<lex comment="good" lid="Id4">
				<text>The 11th Mississippi Infantry Monument is located in Gettysburg, Pennsylvania.</text>
				<template>AGENT-1 is located in PATIENT-1 .</template>
			</lex>
			<lex comment="good" lid="Id5">
				<text>11th Mississippi Infantry Monument is in Gettysburg, Pennsylvania.</text>
				<template>AGENT-1 is in PATIENT-1 .</template>
			</lex>
			<lex comment="good" lid="Id6">
				<text>The 11th Mississippi Infantry Monument is in the municipality of Gettysburg Pennsylvania.</text>
				<template>AGENT-1 is in the municipality of PATIENT-1 .</template>
			</lex>
			<lex comment="good" lid="Id7">
				<text>The municipality for the 11th Mississippi Infantry Monument is Gettysburg, Pennsylvania.</text>
				<template>The municipality for AGENT-1 is PATIENT-1 .</template>
			</lex>
			<entitymap>
				<entity>AGENT-1 | 11th_Mississippi_Infantry_Monument</entity>
				<entity>PATIENT-1 | Gettysburg,_Pennsylvania</entity>
			</entitymap>
		</entry>
		<entry category="Monument" eid="Id6" size="1">
			<originaltripleset>
				<otriple>11th_Mississippi_Infantry_Monument | state | &quot;Pennsylvania&quot;@en</otriple>
			</originaltripleset>
			<modifiedtripleset>
				<mtriple>11th_Mississippi_Infantry_Monument | state | &quot;Pennsylvania&quot;</mtriple>
			</modifiedtripleset>
			<lex comment="good" lid="Id1">
				<text>The 11th Mississippi Infantry Monument is in Pennsylvania.</text>
				<template>AGENT-1 is in PATIENT-1 .</template>
			</lex>
			<lex comment="good" lid="Id2">
				<text>The 11th Mississippi Infantry Monument is located in the state of Pennsylvania.</text>
				<template>AGENT-1 is located in the state of PATIENT-1 .</template>
			</lex>
			<lex comment="good" lid="Id3">
				<text>The 11th Mississippi Infantry Monument stands in the state of Pennsylvania.</text>
				<template>AGENT-1 stands in the state of PATIENT-1 .</template>
			</lex>
			<lex comment="good" lid="Id4">
				<text>11th Mississippi Infantry Monument is in Pennsylvania.</text>
				<template>AGENT-1 is in PATIENT-1 .</template>
			</lex>
			<lex comment="good" lid="Id5">
				<text>The 11th Mississippi Infantry Monument is found in Pennsylvania.</text>
				<template>AGENT-1 is found in PATIENT-1 .</template>
			</lex>
			<lex comment="good" lid="Id6">
				<text>The 11th Mississippi Infantry Monument is located in Pennsylvania state.</text>
				<template>AGENT-1 is located in PATIENT-1 state .</template>
			</lex>
			<entitymap>
				<entity>AGENT-1 | 11th_Mississippi_Infantry_Monument</entity>
				<entity>PATIENT-1 | &quot;Pennsylvania&quot;</entity>
			</entitymap>
		</entry>
		<entry category="Monument" eid="Id7" size="1">
			<originaltripleset>
				<otriple>14th_New_Jersey_Volunteer_Infantry_Monument | category | Historic_districts_in_the_United_States</otriple>
			</originaltripleset>
			<modifiedtripleset>
				<mtriple>14th_New_Jersey_Volunteer_Infantry_Monument | category | Historic_districts_in_the_United_States</mtriple>
			</modifiedtripleset>
			<lex comment="good" lid="Id1">
				<text>The 14th New Jersey Volunteer Infantry Monument belongs to the category of Historic districts in the United States.</text>
				<template>AGENT-1 belongs to the category of PATIENT-1 .</template>
			</lex>
			<lex comment="good" lid="Id2">
				<text>The 14th New Jersey Volunteer Infantry Monument is categorised as a historic district in the United States.</text>
				<template>AGENT-1 is categorised as PATIENT-1 .</template>
			</lex>
			<entitymap>
				<entity>AGENT-1 | 14th_New_Jersey_Volunteer_Infantry_Monument</entity>
				<entity>PATIENT-1 | Historic_districts_in_the_United_States</entity>
			</entitymap>
		</entry>
		<entry category="Monument" eid="Id8" size="1">
			<originaltripleset>
				<otriple>14th_New_Jersey_Volunteer_Infantry_Monument | country | &quot;United States&quot;@en</otriple>
			</originaltripleset>
			<modifiedtripleset>
				<mtriple>14th_New_Jersey_Volunteer_Infantry_Monument | country | &quot;United States&quot;</mtriple>
			</modifiedtripleset>
			<lex comment="good" lid="Id1">
				<text>The 14th New Jersey Volunteer Infantry Monument is located in the United States.</text>
				<template>AGENT-1 is located in PATIENT-1 .</template>
			</lex>
			<lex comment="good" lid="Id2">
				<text>The 14th New Jersey Volunteer Infantry Monument is found in the United States.</text>
				<template>AGENT-1 is found in PATIENT-1 .</template>
			</lex>
			<lex comment="good" lid="Id3">
				<text>14th New Jersey Volunteer Infantry Monument located in United States.</text>
				<template>AGENT-1 located in PATIENT-1 .</template>
			</lex>
			<lex comment="good" lid="Id4">
				<text>14th New Jersey Volunteer Infantry Memorial is in the United States.</text>
				<template>AGENT-1 is in PATIENT-1 .</template>
			</lex>
			<entitymap>
				<entity>AGENT-1 | 14th_New_Jersey_Volunteer_Infantry_Monument</entity>
				<entity>PATIENT-1 | &quot;United States&quot;</entity>
			</entitymap>
		</entry>
		<entry category="Monument" eid="Id9" size="1">
			<originaltripleset>
				<otriple>14th_New_Jersey_Volunteer_Infantry_Monument | district | Monocacy_National_Battlefield</otriple>
			</originaltripleset>
			<modifiedtripleset>
				<mtriple>14th_New_Jersey_Volunteer_Infantry_Monument | district | Monocacy_National_Battlefield</mtriple>
			</modifiedtripleset>
			<lex comment="good" lid="Id1">
				<text>The 14th New Jersey Volunteer Infantry Monument is located in the district of the Monocacy National Battlefield.</text>
				<template>AGENT-1 is located in the district of PATIENT-1 .</template>
			</lex>
			<lex comment="good" lid="Id2">
				<text>The 14th New Jersey Volunteer Infantry Monument is located on the Monocacy National Battlefield.</text>
				<template>AGENT-1 is located on PATIENT-1 .</template>
			</lex>
			<lex comment="good" lid="Id3">
				<text>The 14th New Jersey Volunteer Infantry Monument is located in the Monocacy National Battlefield.</text>
				<template>AGENT-1 is located in PATIENT-1 .</template>
			</lex>
			<lex comment="good" lid="Id4">
				<text>The 14th New Jersey Volunteer Infantry Monument is found in the Monocacy National Battlefield.</text>
				<template>AGENT-1 is found in PATIENT-1 .</template>
			</lex>
			<entitymap>
				<entity>AGENT-1 | 14th_New_Jersey_Volunteer_Infantry_Monument</entity>
				<entity>PATIENT-1 | Monocacy_National_Battlefield</entity>
			</entitymap>
		</entry>
		<entry category="Monument" eid="Id10" size="1">
			<originaltripleset>
				<otriple>14th_New_Jersey_Volunteer_Infantry_Monument | established | &quot;1907-07-11&quot;^^xsd:date</otriple>
			</originaltripleset>
			<modifiedtripleset>
				<mtriple>14th_New_Jersey_Volunteer_Infantry_Monument | established | &quot;1907-07-11&quot;</mtriple>
			</modifiedtripleset>
			<lex comment="good" lid="Id1">
				<text>The 14th New Jersey Volunteer Infantry Monument was established in 1907-07-11.</text>
				<template>AGENT-1 was established in PATIENT-1 .</template>
			</lex>
			<lex comment="good" lid="Id2">
				<text>The 14th New Jersey Volunteer Infantry Monument was established 1907-07-11.</text>
				<template>AGENT-1 was established PATIENT-1 .</template>
			</lex>
			<lex comment="good" lid="Id3">
				<text>The 14th New Jersey Volunteer Infantry Monument was established on July 11th, 1907.</text>
				<template>AGENT-1 was established on PATIENT-1 .</template>
			</lex>
			<lex comment="good" lid="Id4">
				<text>The 14th New Jersey Volunteer Infantry Monument was established on 11th July 1907.</text>
				<template>AGENT-1 was established on PATIENT-1 .</template>
			</lex>
			<entitymap>
				<entity>AGENT-1 | 14th_New_Jersey_Volunteer_Infantry_Monument</entity>
				<entity>PATIENT-1 | &quot;1907-07-11&quot;</entity>
			</entitymap>
		</entry>
		<entry category="Monument" eid="Id11" size="1">
			<originaltripleset>
				<otriple>14th_New_Jersey_Volunteer_Infantry_Monument | foundingDate | &quot;1907-07-11&quot;^^xsd:date</otriple>
			</originaltripleset>
			<modifiedtripleset>
				<mtriple>14th_New_Jersey_Volunteer_Infantry_Monument | foundingDate | &quot;1907-07-11&quot;</mtriple>
			</modifiedtripleset>
			<lex comment="good" lid="Id1">
				<text>14th New Jersey Volunteer Infantry Monument was founded 1907-07-11.</text>
				<template>AGENT-1 was founded PATIENT-1 .</template>
			</lex>
			<lex comment="good" lid="Id2">
				<text>The memorial depicting the 14th New Jersey Volunteer Infantry was founded on July 11th, 1907.</text>
				<template>AGENT-1 was founded on PATIENT-1 .</template>
			</lex>
			<lex comment="good" lid="Id3">
				<text>The 14th New Jersey Volunteer Infantry Monument was started on 11th July 1907.</text>
				<template>AGENT-1 was started on PATIENT-1 .</template>
			</lex>
			<lex comment="good" lid="Id4">
				<text>The 14th New Jersey Volunteer Infantry Monument's founding date was on 1907-07-11.</text>
				<template>AGENT-1 founding date was on PATIENT-1 .</template>
			</lex>
			<entitymap>
				<entity>AGENT-1 | 14th_New_Jersey_Volunteer_Infantry_Monument</entity>
				<entity>PATIENT-1 | &quot;1907-07-11&quot;</entity>
			</entitymap>
		</entry>
		<entry category="Monument" eid="Id12" size="1">
			<originaltripleset>
				<otriple>14th_New_Jersey_Volunteer_Infantry_Monument | owner | National_Park_Service</otriple>
			</originaltripleset>
			<modifiedtripleset>
				<mtriple>14th_New_Jersey_Volunteer_Infantry_Monument | owner | National_Park_Service</mtriple>
			</modifiedtripleset>
			<lex comment="good" lid="Id1">
				<text>The 14th New Jersey Volunteer Infantry Monument is owned by the National Park Service.</text>
				<template>AGENT-1 is owned by PATIENT-1 .</template>
			</lex>
			<lex comment="good" lid="Id2">
				<text>The National Park Service looks after the 14th New Jersey Volunteer Infantry Monument.</text>
				<template>PATIENT-1 looks after AGENT-1 .</template>
			</lex>
			<lex comment="good" lid="Id3">
				<text>14th New Jersey Volunteer Infantry Monument is owned by the National Park Service.</text>
				<template>AGENT-1 is owned by PATIENT-1 .</template>
			</lex>
			<lex comment="good" lid="Id4">
				<text>The National Park Service is the owner of the 14th New Jersey Volunteer Infantry Monument.</text>
				<template>PATIENT-1 is the owner of AGENT-1 .</template>
			</lex>
			<entitymap>
				<entity>AGENT-1 | 14th_New_Jersey_Volunteer_Infantry_Monument</entity>
				<entity>PATIENT-1 | National_Park_Service</entity>
			</entitymap>
		</entry>
		<entry category="Monument" eid="Id13" size="1">
			<originaltripleset>
				<otriple>14th_New_Jersey_Volunteer_Infantry_Monument | owningOrganisation | National_Park_Service</otriple>
			</originaltripleset>
			<modifiedtripleset>
				<mtriple>14th_New_Jersey_Volunteer_Infantry_Monument | owningOrganisation | National_Park_Service</mtriple>
			</modifiedtripleset>
			<lex comment="good" lid="Id1">
				<text>The 14th New Jersey Volunteer Infantry Monument is owned by the National Park Service.</text>
				<template>AGENT-1 is owned by PATIENT-1 .</template>
			</lex>
			<lex comment="good" lid="Id2">
				<text>The 14th New Jersey Volunteer Infantry Monument has been provided by the National Park Service.</text>
				<template>AGENT-1 has been provided by PATIENT-1 .</template>
			</lex>
			<lex comment="good" lid="Id3">
				<text>14th New Jersey Volunteer Infantry Monument is owned by the National Park Service.</text>
				<template>AGENT-1 is owned by PATIENT-1 .</template>
			</lex>
			<lex comment="good" lid="Id4">
				<text>The National Park Service has responsibility for the 14th New Jersey Volunteer Infantry Monument.</text>
				<template>PATIENT-1 has responsibility for AGENT-1 .</template>
			</lex>
			<lex comment="good" lid="Id5">
				<text>The National Park Service owns the 14th New Jersey Volunteer Infantry Monument.</text>
				<template>PATIENT-1 owns AGENT-1 .</template>
			</lex>
			<entitymap>
				<entity>AGENT-1 | 14th_New_Jersey_Volunteer_Infantry_Monument</entity>
				<entity>PATIENT-1 | National_Park_Service</entity>
			</entitymap>
		</entry>
		<entry category="Monument" eid="Id14" size="1">
			<originaltripleset>
				<otriple>14th_New_Jersey_Volunteer_Infantry_Monument | state | &quot;Maryland&quot;@en</otriple>
			</originaltripleset>
			<modifiedtripleset>
				<mtriple>14th_New_Jersey_Volunteer_Infantry_Monument | state | &quot;Maryland&quot;</mtriple>
			</modifiedtripleset>
			<lex comment="good" lid="Id1">
				<text>The 14th New Jersey Volunteer Infantry Monuments is located in the state of Maryland.</text>
				<template>AGENT-1 is located in the state of PATIENT-1 .</template>
			</lex>
			<lex comment="good" lid="Id2">
				<text>The 14th New Jersey Volunteer infantry Monument is in the state of Maryland.</text>
				<template>AGENT-1 is in the state of PATIENT-1 .</template>
			</lex>
			<lex comment="good" lid="Id3">
				<text>The 14th New Jersey Volunteer Infantry Monument is located in the state of Maryland.</text>
				<template>AGENT-1 is located in the state of PATIENT-1 .</template>
			</lex>
			<entitymap>
				<entity>AGENT-1 | 14th_New_Jersey_Volunteer_Infantry_Monument</entity>
				<entity>PATIENT-1 | &quot;Maryland&quot;</entity>
			</entitymap>
		</entry>
		<entry category="Monument" eid="Id15" size="1">
			<originaltripleset>
				<otriple>Adams_County,_Pennsylvania | north | Cumberland_County,_Pennsylvania</otriple>
			</originaltripleset>
			<modifiedtripleset>
				<mtriple>Adams_County,_Pennsylvania | has to its north | Cumberland_County,_Pennsylvania</mtriple>
			</modifiedtripleset>
			<lex comment="good" lid="Id1">
				<text>Adams County, Pennsylvania has Cumberland County, Pennsylvania to its north.</text>
				<template>AGENT-1 has PATIENT-1 to AGENT-1 north .</template>
			</lex>
			<lex comment="good" lid="Id2">
				<text>Cumberland county, Pennsylvania is north of Adams County, Pennsylvania.</text>
				<template>PATIENT-1 is north of AGENT-1 .</template>
			</lex>
			<lex comment="good" lid="Id3">
				<text>Pennsylvania's Cumberland County is to the north of the Adams County.</text>
				<template>PATIENT-1 is to the north of AGENT-1 .</template>
			</lex>
			<lex comment="good" lid="Id4">
				<text>Cumberland County Pennsylvania is located in the north of Adams County Pennsylvania.</text>
				<template>PATIENT-1 is located in the north of AGENT-1 .</template>
			</lex>
			<lex comment="good" lid="Id5">
				<text>To the north of Adams County, Pennsylvania is Cumberland County, Pennsylvania.</text>
				<template>To the north of AGENT-1 is PATIENT-1 .</template>
			</lex>
			<entitymap>
				<entity>AGENT-1 | Adams_County,_Pennsylvania</entity>
				<entity>PATIENT-1 | Cumberland_County,_Pennsylvania</entity>
			</entitymap>
		</entry>
		<entry category="Monument" eid="Id16" size="1">
			<originaltripleset>
				<otriple>Adams_County,_Pennsylvania | southwest | Frederick_County,_Maryland</otriple>
			</originaltripleset>
			<modifiedtripleset>
				<mtriple>Adams_County,_Pennsylvania | has to its southwest | Frederick_County,_Maryland</mtriple>
			</modifiedtripleset>
			<lex comment="good" lid="Id1">
				<text>Frederick County, Maryland is to the southwest of Adams County, Pennsylvania.</text>
				<template>PATIENT-1 is to the southwest of AGENT-1 .</template>
			</lex>
			<lex comment="good" lid="Id2">
				<text>Adams County, Pennsylvania has Frederick County, Maryland to its southwest.</text>
				<template>AGENT-1 has PATIENT-1 to AGENT-1 southwest .</template>
			</lex>
			<lex comment="good" lid="Id3">
				<text>Frederick County Maryland is southwest of Adams Count Pennsylvania.</text>
				<template>PATIENT-1 is southwest of AGENT-1 .</template>
			</lex>
			<lex comment="good" lid="Id4">
				<text>Maryland's Frederick County is found to the southwest of Pennsylvania's Adams County.</text>
				<template>PATIENT-1 is found to southwest of AGENT-1 .</template>
			</lex>
			<entitymap>
				<entity>AGENT-1 | Adams_County,_Pennsylvania</entity>
				<entity>PATIENT-1 | Frederick_County,_Maryland</entity>
			</entitymap>
		</entry>
		<entry category="Monument" eid="Id17" size="1">
			<originaltripleset>
				<otriple>Adams_County,_Pennsylvania | west | Franklin_County,_Pennsylvania</otriple>
			</originaltripleset>
			<modifiedtripleset>
				<mtriple>Adams_County,_Pennsylvania | has to its west | Franklin_County,_Pennsylvania</mtriple>
			</modifiedtripleset>
			<lex comment="good" lid="Id1">
				<text>Adams County Pennsylvania is East of Franklin County, Pennsylvania.</text>
				<template>AGENT-1 is East of PATIENT-1 .</template>
			</lex>
			<lex comment="good" lid="Id2">
				<text>To the west of Adams County, Pennsylvania, is Franklin County, Pennsylvania.</text>
				<template>To the west of AGENT-1 , is PATIENT-1 .</template>
			</lex>
			<lex comment="good" lid="Id3">
				<text>Pennsylvania's Franklin County is found to the west of Adams County.</text>
				<template>PATIENT-1 is found to the west of AGENT-1 .</template>
			</lex>
			<lex comment="good" lid="Id4">
				<text>Adams County, Pennsylvania has to its west Franklin County, Pennsylvania.</text>
				<template>AGENT-1 has to AGENT-1 west PATIENT-1 .</template>
			</lex>
			<entitymap>
				<entity>AGENT-1 | Adams_County,_Pennsylvania</entity>
				<entity>PATIENT-1 | Franklin_County,_Pennsylvania</entity>
			</entitymap>
		</entry>
		<entry category="Monument" eid="Id18" size="1">
			<originaltripleset>
				<otriple>Atatürk_Monument_(İzmir) | open | &quot;1932-07-27&quot;^^xsd:date</otriple>
			</originaltripleset>
			<modifiedtripleset>
				<mtriple>Atatürk_Monument_(İzmir) | inaugurationDate | &quot;1932-07-27&quot;</mtriple>
			</modifiedtripleset>
			<lex comment="good" lid="Id1">
				<text>The Ataturk Monument was inaugurated on 27th July, 1932.</text>
				<template>AGENT-1 was inaugurated on PATIENT-1 .</template>
			</lex>
			<lex comment="good" lid="Id2">
				<text>The inauguration date of the Atatürk Monument in Izmir is the 27th of July, 1932.</text>
				<template>The inauguration date of AGENT-1 is PATIENT-1 .</template>
			</lex>
			<lex comment="good" lid="Id3">
				<text>The inauguration date for the Atatürk Monument (İzmir) is 1932-07-27.</text>
				<template>The inauguration date for AGENT-1 is PATIENT-1 .</template>
			</lex>
			<lex comment="good" lid="Id4">
				<text>The inauguration of the Atatürk Monument was at July 27th, 1932.</text>
				<template>The inauguration of AGENT-1 was at PATIENT-1 .</template>
			</lex>
			<entitymap>
				<entity>AGENT-1 | Atatürk_Monument_(İzmir)</entity>
				<entity>PATIENT-1 | &quot;1932-07-27&quot;</entity>
			</entitymap>
		</entry>
		<entry category="Monument" eid="Id19" size="1">
			<originaltripleset>
				<otriple>Atatürk_Monument_(İzmir) | location | Turkey</otriple>
			</originaltripleset>
			<modifiedtripleset>
				<mtriple>Atatürk_Monument_(İzmir) | location | Turkey</mtriple>
			</modifiedtripleset>
			<lex comment="good" lid="Id1">
				<text>The Atatürk Monument is located in Izmir, Turkey.</text>
				<template>AGENT-1 is located in PATIENT-1 .</template>
			</lex>
			<lex comment="good" lid="Id2">
				<text>The Ataturk Monument (Izmir) is located in Turkey.</text>
				<template>AGENT-1 is located in PATIENT-1 .</template>
			</lex>
			<lex comment="good" lid="Id3">
				<text>The Atatürk Monument is in Turkey.</text>
				<template>AGENT-1 is in PATIENT-1 .</template>
			</lex>
			<lex comment="good" lid="Id4">
				<text>The Atatürk Monument is located in İzmir, Turkey.</text>
				<template>AGENT-1 is located in PATIENT-1 .</template>
			</lex>
			<lex comment="good" lid="Id5">
				<text>The Atatürk Monument (İzmir) can be found in Turkey.</text>
				<template>AGENT-1 can be found in PATIENT-1 .</template>
			</lex>
			<lex comment="good" lid="Id6">
				<text>The Atatürk Monument (İzmir) is found in Turkey.</text>
				<template>AGENT-1 is found in PATIENT-1 .</template>
			</lex>
			<lex comment="good" lid="Id7">
				<text>Atatürk Monument is located in İzmir, Turkey.</text>
				<template>AGENT-1 is located in PATIENT-1 .</template>
			</lex>
			<entitymap>
				<entity>AGENT-1 | Atatürk_Monument_(İzmir)</entity>
				<entity>PATIENT-1 | Turkey</entity>
			</entitymap>
		</entry>
		<entry category="Monument" eid="Id20" size="1">
			<originaltripleset>
				<otriple>Azerbaijan | capital | Baku</otriple>
			</originaltripleset>
			<modifiedtripleset>
				<mtriple>Azerbaijan | capital | Baku</mtriple>
			</modifiedtripleset>
			<lex comment="good" lid="Id1">
				<text>Baku is the capital of Azerbaijan.</text>
				<template>PATIENT-1 is the capital of AGENT-1 .</template>
			</lex>
			<lex comment="good" lid="Id2">
				<text>The capital of Azerbaijan is Baku.</text>
				<template>The capital of AGENT-1 is PATIENT-1 .</template>
			</lex>
			<entitymap>
				<entity>AGENT-1 | Azerbaijan</entity>
				<entity>PATIENT-1 | Baku</entity>
			</entitymap>
		</entry>
		<entry category="Monument" eid="Id21" size="1">
			<originaltripleset>
				<otriple>Azerbaijan | legislature | National_Assembly_(Azerbaijan)</otriple>
			</originaltripleset>
			<modifiedtripleset>
				<mtriple>Azerbaijan | legislature | National_Assembly_(Azerbaijan)</mtriple>
			</modifiedtripleset>
			<lex comment="good" lid="Id1">
				<text>The National Assembly dictates the legislature of Azerbaijan.</text>
				<template>PATIENT-1 dictates the legislature of AGENT-1 .</template>
			</lex>
			<lex comment="good" lid="Id2">
				<text>The National Assembly (Azerbaijan) is the source of legislature in Azerbaijan.</text>
				<template>PATIENT-1 is the source of legislature in AGENT-1 .</template>
			</lex>
			<lex comment="good" lid="Id3">
				<text>The Azerbaijan legislature is known as the National Assembly.</text>
				<template>The AGENT-1 legislature is known as PATIENT-1 .</template>
			</lex>
			<lex comment="good" lid="Id4">
				<text>The National Assembly is the legislative branch of government in Azerbaijan.</text>
				<template>PATIENT-1 is the legislative branch of government in AGENT-1 .</template>
			</lex>
			<lex comment="good" lid="Id5">
				<text>the legislature in Azerbaijan is National Assembly.</text>
				<template>the legislature in AGENT-1 is PATIENT-1 .</template>
			</lex>
			<lex comment="good" lid="Id6">
				<text>Azerbaijan has legislature of National Assembly.</text>
				<template>AGENT-1 has legislature of PATIENT-1 .</template>
			</lex>
			<entitymap>
				<entity>AGENT-1 | Azerbaijan</entity>
				<entity>PATIENT-1 | National_Assembly_(Azerbaijan)</entity>
			</entitymap>
		</entry>
		<entry category="Monument" eid="Id22" size="1">
			<originaltripleset>
				<otriple>Baku_Turkish_Martyrs'_Memorial | dedicatedTo | &quot;Ottoman Army soldiers killed in the Battle of Baku&quot;@en</otriple>
			</originaltripleset>
			<modifiedtripleset>
				<mtriple>Baku_Turkish_Martyrs'_Memorial | dedicatedTo | &quot;Ottoman Army soldiers killed in the Battle of Baku&quot;</mtriple>
			</modifiedtripleset>
			<lex comment="good" lid="Id1">
				<text>Baku Turkish Martyrs' Memorial is dedicated to the Ottoman Army soldiers killed in the Battle of Baku.</text>
				<template>AGENT-1 is dedicated to PATIENT-1 .</template>
			</lex>
			<lex comment="good" lid="Id2">
				<text>The Baku Turkish Martyrs' Memorial is dedicated to the Ottoman Army Soldiers killed in the Battle of Baku.</text>
				<template>AGENT-1 is dedicated to PATIENT-1 .</template>
			</lex>
			<lex comment="good" lid="Id3">
				<text>The Baku Turkish Martyrs Memorial has been dedicated to Ottoman Army soldiers killed in the Battle of Baku.</text>
				<template>AGENT-1 has been dedicated to PATIENT-1 .</template>
			</lex>
			<lex comment="good" lid="Id4">
				<text>The Baku Turkish Martyrs Memorial is dedicated to the Ottoman Army soldiers killed in the Battle of Baku.</text>
				<template>AGENT-1 is dedicated to PATIENT-1 .</template>
			</lex>
			<entitymap>
				<entity>AGENT-1 | Baku_Turkish_Martyrs_Memorial</entity>
				<entity>PATIENT-1 | &quot;Ottoman Army soldiers killed in the Battle of Baku&quot;</entity>
			</entitymap>
		</entry>
		<entry category="Monument" eid="Id23" size="1">
			<originaltripleset>
				<otriple>Baku_Turkish_Martyrs'_Memorial | designer | &quot;Hüseyin Bütüner and Hilmi Güner&quot;@en</otriple>
			</originaltripleset>
			<modifiedtripleset>
				<mtriple>Baku_Turkish_Martyrs'_Memorial | designer | &quot;Hüseyin Bütüner and Hilmi Güner&quot;</mtriple>
			</modifiedtripleset>
			<lex comment="good" lid="Id1">
				<text>Baku Turkish Martyrs Memorial designer was Hüseyin Bütüner and Hilmi Güner.</text>
				<template>AGENT-1 designer was PATIENT-1 .</template>
			</lex>
			<lex comment="good" lid="Id2">
				<text>The Baku Turkish Martyr's Memorial was designed by Hüseyin Bütüner and Hilmi Güner.</text>
				<template>AGENT-1 was designed by PATIENT-1 .</template>
			</lex>
			<lex comment="good" lid="Id3">
				<text>The designers of the Turkish martyrs memorial are Huseyin Butuner and Hilmi Guner.</text>
				<template>The designers of AGENT-1 are PATIENT-1 .</template>
			</lex>
			<lex comment="good" lid="Id4">
				<text>The Baku Turkish Martyrs' Memorial was designed by Huseyin Butuner and Hilmi Guner.</text>
				<template>AGENT-1 was designed by PATIENT-1 .</template>
			</lex>
			<lex comment="good" lid="Id5">
				<text>Hüseyin Bütüner and Hilmi Güner designed the Baku Turkish Martyrs' Memorial.</text>
				<template>PATIENT-1 designed AGENT-1 .</template>
			</lex>
			<lex comment="good" lid="Id6">
				<text>Baku Turkish Martyrs' Memorial was designed by Huseyin Butuner and Hilmi Guner.</text>
				<template>AGENT-1 was designed by PATIENT-1 .</template>
			</lex>
			<lex comment="good" lid="Id7">
				<text>The designers of the Baku Turkish Martyrs' Memorial are Hüseyin Bütüner and Hilmi Güner.</text>
				<template>The designers of AGENT-1 are PATIENT-1 .</template>
			</lex>
			<lex comment="good" lid="Id8">
				<text>Huseyin Butuner and Hilmi Guner are the designers of the Baku Turkish Martyrs' Memorial.</text>
				<template>PATIENT-1 are the designers of AGENT-1 .</template>
			</lex>
			<entitymap>
				<entity>AGENT-1 | Baku_Turkish_Martyrs_Memorial</entity>
				<entity>PATIENT-1 | &quot;Hüseyin Bütüner and Hilmi Güner&quot;</entity>
			</entitymap>
		</entry>
		<entry category="Monument" eid="Id24" size="1">
			<originaltripleset>
				<otriple>Dead_Man's_Plack | dedicatedTo | Æthelwald,_Ealdorman_of_East_Anglia</otriple>
			</originaltripleset>
			<modifiedtripleset>
				<mtriple>Dead_Man's_Plack | dedicatedTo | Æthelwald,_Ealdorman_of_East_Anglia</mtriple>
			</modifiedtripleset>
			<lex comment="good" lid="Id1">
				<text>The Dead Man's Plack is dedicated to Æthelwald, Ealdorman of East Anglia.</text>
				<template>AGENT-1 is dedicated to PATIENT-1 .</template>
			</lex>
			<lex comment="good" lid="Id2">
				<text>Dead Man's Plack is dedicated to Æthelwald, Ealdorman of East Anglia.</text>
				<template>AGENT-1 is dedicated to PATIENT-1 .</template>
			</lex>
			<entitymap>
				<entity>AGENT-1 | Dead_Mans_Plack</entity>
				<entity>PATIENT-1 | Æthelwald,_Ealdorman_of_East_Anglia</entity>
			</entitymap>
		</entry>
		<entry category="Monument" eid="Id25" size="1">
			<originaltripleset>
				<otriple>Dead_Man's_Plack | location | England</otriple>
			</originaltripleset>
			<modifiedtripleset>
				<mtriple>Dead_Man's_Plack | location | England</mtriple>
			</modifiedtripleset>
			<lex comment="good" lid="Id1">
				<text>The Dead Man's Plack is located in England.</text>
				<template>AGENT-1 is located in PATIENT-1 .</template>
			</lex>
			<lex comment="good" lid="Id2">
				<text>Dead Man's Plack is in England.</text>
				<template>AGENT-1 is in PATIENT-1 .</template>
			</lex>
			<lex comment="good" lid="Id3">
				<text>Dead Man's Plack is found in England.</text>
				<template>AGENT-1 is found in PATIENT-1 .</template>
			</lex>
			<entitymap>
				<entity>AGENT-1 | Dead_Mans_Plack</entity>
				<entity>PATIENT-1 | England</entity>
			</entitymap>
		</entry>
		<entry category="Monument" eid="Id26" size="1">
			<originaltripleset>
				<otriple>Dead_Man's_Plack | material | Rock_(geology)</otriple>
			</originaltripleset>
			<modifiedtripleset>
				<mtriple>Dead_Man's_Plack | material | Rock_(geology)</mtriple>
			</modifiedtripleset>
			<lex comment="good" lid="Id1">
				<text>The Dead Man's Plack is made from rock.</text>
				<template>AGENT-1 is made from PATIENT-1 .</template>
			</lex>
			<lex comment="good" lid="Id2">
				<text>Dad Man's Plack is made of rock.</text>
				<template>AGENT-1 is made of PATIENT-1 .</template>
			</lex>
			<lex comment="good" lid="Id3">
				<text>Dead Man's Plack is made from stone.</text>
				<template>AGENT-1 is made from PATIENT-1 .</template>
			</lex>
			<lex comment="good" lid="Id4">
				<text>The Dead Man's Plack is made with rock.</text>
				<template>AGENT-1 is made with PATIENT-1 .</template>
			</lex>
			<entitymap>
				<entity>AGENT-1 | Dead_Mans_Plack</entity>
				<entity>PATIENT-1 | Rock_(geology)</entity>
			</entitymap>
		</entry>
		<entry category="Monument" eid="Id27" size="1">
			<originaltripleset>
				<otriple>England | capital | London</otriple>
			</originaltripleset>
			<modifiedtripleset>
				<mtriple>England | capital | London</mtriple>
			</modifiedtripleset>
			<lex comment="good" lid="Id1">
				<text>London is the capital of England.</text>
				<template>PATIENT-1 is the capital of AGENT-1 .</template>
			</lex>
			<lex comment="good" lid="Id2">
				<text>The capital of England is London.</text>
				<template>The capital of AGENT-1 is PATIENT-1 .</template>
			</lex>
			<lex comment="good" lid="Id3">
				<text>England's capital is London.</text>
				<template>AGENT-1 capital is PATIENT-1 .</template>
			</lex>
			<entitymap>
				<entity>AGENT-1 | England</entity>
				<entity>PATIENT-1 | London</entity>
			</entitymap>
		</entry>
		<entry category="Monument" eid="Id28" size="1">
			<originaltripleset>
				<otriple>England | ethnicGroups | British_Arabs</otriple>
			</originaltripleset>
			<modifiedtripleset>
				<mtriple>England | ethnicGroups | British_Arabs</mtriple>
			</modifiedtripleset>
			<lex comment="good" lid="Id1">
				<text>One of the ethnic groups found in England is the British Arabs.</text>
				<template>One of the ethnic groups found in AGENT-1 is PATIENT-1 .</template>
			</lex>
			<lex comment="good" lid="Id2">
				<text>The British Arabs are an English ethnic group.</text>
				<template>PATIENT-1 are AGENT-1 ethnic group .</template>
			</lex>
			<entitymap>
				<entity>AGENT-1 | England</entity>
				<entity>PATIENT-1 | British_Arabs</entity>
			</entitymap>
		</entry>
		<entry category="Monument" eid="Id29" size="1">
			<originaltripleset>
				<otriple>England | languages | Cornish_language</otriple>
			</originaltripleset>
			<modifiedtripleset>
				<mtriple>England | languages | Cornish_language</mtriple>
			</modifiedtripleset>
			<lex comment="good" lid="Id1">
				<text>One of the languages spoken in England is the Cornish language.</text>
				<template>One of the languages spoken in AGENT-1 is PATIENT-1 .</template>
			</lex>
			<lex comment="good" lid="Id2">
				<text>Cornish language is spoken in England.</text>
				<template>PATIENT-1 is spoken in AGENT-1 .</template>
			</lex>
			<lex comment="good" lid="Id3">
				<text>Cornish is a language spoken in the Cornwall region of England.</text>
				<template>PATIENT-1 is a language spoken in AGENT-1 .</template>
			</lex>
			<entitymap>
				<entity>AGENT-1 | England</entity>
				<entity>PATIENT-1 | Cornish_language</entity>
			</entitymap>
		</entry>
		<entry category="Monument" eid="Id30" size="1">
			<originaltripleset>
				<otriple>England | religion | Church_of_England</otriple>
			</originaltripleset>
			<modifiedtripleset>
				<mtriple>England | religion | Church_of_England</mtriple>
			</modifiedtripleset>
			<lex comment="good" lid="Id1">
				<text>In England the main religion is the Church of England.</text>
				<template>In AGENT-1 the main religion is PATIENT-1 .</template>
			</lex>
			<lex comment="good" lid="Id2">
				<text>The established religion in England is The Church of England.</text>
				<template>The established religion in AGENT-1 is PATIENT-1 .</template>
			</lex>
			<lex comment="good" lid="Id3">
				<text>the religion of England is Church of England.</text>
				<template>the religion of AGENT-1 is PATIENT-1 .</template>
			</lex>
			<entitymap>
				<entity>AGENT-1 | England</entity>
				<entity>PATIENT-1 | Church_of_England</entity>
			</entitymap>
		</entry>
		<entry category="Monument" eid="Id31" size="1">
			<originaltripleset>
				<otriple>Monocacy_National_Battlefield | location | Frederick_County,_Maryland</otriple>
			</originaltripleset>
			<modifiedtripleset>
				<mtriple>Monocacy_National_Battlefield | location | Frederick_County,_Maryland</mtriple>
			</modifiedtripleset>
			<lex comment="good" lid="Id1">
				<text>Monocacy National Battlefield is located in Frederick County, Maryland.</text>
				<template>AGENT-1 is located in PATIENT-1 .</template>
			</lex>
			<lex comment="good" lid="Id2">
				<text>The Monocacy National Battlefield is located in Frederick County, Maryland.</text>
				<template>AGENT-1 is located in PATIENT-1 .</template>
			</lex>
			<lex comment="good" lid="Id3">
				<text>The Monocacy National Battlefield is in the county Frederick, Maryland.</text>
				<template>AGENT-1 is in PATIENT-1 .</template>
			</lex>
			<entitymap>
				<entity>AGENT-1 | Monocacy_National_Battlefield</entity>
				<entity>PATIENT-1 | Frederick_County,_Maryland</entity>
			</entitymap>
		</entry>
		<entry category="Monument" eid="Id32" size="1">
			<originaltripleset>
				<otriple>Monocacy_National_Battlefield | nearestCity | Frederick,_Maryland</otriple>
			</originaltripleset>
			<modifiedtripleset>
				<mtriple>Monocacy_National_Battlefield | nearestCity | Frederick,_Maryland</mtriple>
			</modifiedtripleset>
			<lex comment="good" lid="Id1">
				<text>The city nearest to Monocacy National Battlefield is Frederick, Maryland.</text>
				<template>The city nearest to AGENT-1 is PATIENT-1 .</template>
			</lex>
			<lex comment="good" lid="Id2">
				<text>The nearest city to Monocacy National Battlefield is Frederick, Maryland.</text>
				<template>The nearest city to AGENT-1 is PATIENT-1 .</template>
			</lex>
			<entitymap>
				<entity>AGENT-1 | Monocacy_National_Battlefield</entity>
				<entity>PATIENT-1 | Frederick,_Maryland</entity>
			</entitymap>
		</entry>
		<entry category="Monument" eid="Id33" size="1">
			<originaltripleset>
				<otriple>Turkey | capital | Ankara</otriple>
			</originaltripleset>
			<modifiedtripleset>
				<mtriple>Turkey | capital | Ankara</mtriple>
			</modifiedtripleset>
			<lex comment="good" lid="Id1">
				<text>Ankara is the capital of Turkey.</text>
				<template>PATIENT-1 is the capital of AGENT-1 .</template>
			</lex>
			<lex comment="good" lid="Id2">
				<text>The capital of Turkey is Ankara.</text>
				<template>The capital of AGENT-1 is PATIENT-1 .</template>
			</lex>
			<lex comment="good" lid="Id3">
				<text>Turkey's capital is Ankara.</text>
				<template>AGENT-1 capital is PATIENT-1 .</template>
			</lex>
			<lex comment="good" lid="Id4">
				<text>Ankara is the Turkish capital.</text>
				<template>PATIENT-1 is AGENT-1 .</template>
			</lex>
			<entitymap>
				<entity>AGENT-1 | Turkey</entity>
				<entity>PATIENT-1 | Ankara</entity>
			</entitymap>
		</entry>
		<entry category="Monument" eid="Id34" size="1">
			<originaltripleset>
				<otriple>Turkey | currency | Turkish_lira</otriple>
			</originaltripleset>
			<modifiedtripleset>
				<mtriple>Turkey | currency | Turkish_lira</mtriple>
			</modifiedtripleset>
			<lex comment="good" lid="Id1">
				<text>The currency of Turkey is Turkish Lira.</text>
				<template>The currency of AGENT-1 is PATIENT-1 .</template>
			</lex>
			<lex comment="good" lid="Id2">
				<text>The currency of Turkey is the Turkish lira.</text>
				<template>The currency of AGENT-1 is PATIENT-1 .</template>
			</lex>
			<lex comment="good" lid="Id3">
				<text>The currency in Turkey is the Turkish Lira.</text>
				<template>The currency in AGENT-1 is PATIENT-1 .</template>
			</lex>
			<lex comment="good" lid="Id4">
				<text>Turkey's currency is the Turkish lira.</text>
				<template>AGENT-1 's currency is PATIENT-1 .</template>
			</lex>
			<lex comment="good" lid="Id5">
				<text>the currency used in Turkey is lira.</text>
				<template>the currency used in AGENT-1 is PATIENT-1 .</template>
			</lex>
			<lex comment="good" lid="Id6">
				<text>The Turkish currency is the Turkish lira.</text>
				<template>AGENT-1 currency is PATIENT-1 .</template>
			</lex>
			<entitymap>
				<entity>AGENT-1 | Turkey</entity>
				<entity>PATIENT-1 | Turkish_lira</entity>
			</entitymap>
		</entry>
		<entry category="Monument" eid="Id35" size="1">
			<originaltripleset>
				<otriple>Turkey | largestCity | Istanbul</otriple>
			</originaltripleset>
			<modifiedtripleset>
				<mtriple>Turkey | largestCity | Istanbul</mtriple>
			</modifiedtripleset>
			<lex comment="good" lid="Id1">
				<text>The largest city in Turkey is Istanbul.</text>
				<template>The largest city in AGENT-1 is PATIENT-1 .</template>
			</lex>
			<lex comment="good" lid="Id2">
				<text>Istanbul is the largest city in Turkey.</text>
				<template>PATIENT-1 is the largest city in AGENT-1 .</template>
			</lex>
			<lex comment="good" lid="Id3">
				<text>Turkey's largest City is Istanbul.</text>
				<template>AGENT-1 largest City is PATIENT-1 .</template>
			</lex>
			<entitymap>
				<entity>AGENT-1 | Turkey</entity>
				<entity>PATIENT-1 | Istanbul</entity>
			</entitymap>
		</entry>
		<entry category="Monument" eid="Id36" size="1">
			<originaltripleset>
				<otriple>Turkey | leader | Ahmet_Davutoğlu</otriple>
			</originaltripleset>
			<modifiedtripleset>
				<mtriple>Turkey | leader | Ahmet_Davutoğlu</mtriple>
			</modifiedtripleset>
			<lex comment="good" lid="Id1">
				<text>Ahmet Davutoglu is a leader of Turkey.</text>
				<template>PATIENT-1 is a leader of AGENT-1 .</template>
			</lex>
			<lex comment="good" lid="Id2">
				<text>Ahmet Davutoglu is the leader of Turkey.</text>
				<template>PATIENT-1 is the leader of AGENT-1 .</template>
			</lex>
			<lex comment="good" lid="Id3">
				<text>Leader of Turkey is Ahmet Davutoglu.</text>
				<template>Leader of AGENT-1 is PATIENT-1 .</template>
			</lex>
			<lex comment="good" lid="Id4">
				<text>Ahmet_Davutoğlu is Turkey's leader.</text>
				<template>PATIENT-1 is AGENT-1 's leader .</template>
			</lex>
			<lex comment="good" lid="Id5">
				<text>The Leader Of Turkey is Ahmet Davutoğlu.</text>
				<template>The Leader Of AGENT-1 is PATIENT-1 .</template>
			</lex>
			<lex comment="good" lid="Id6">
				<text>Ahmet Davutoglu is the Turkish leader.</text>
				<template>PATIENT-1 is AGENT-1 .</template>
			</lex>
			<entitymap>
				<entity>AGENT-1 | Turkey</entity>
				<entity>PATIENT-1 | Ahmet_Davutoğlu</entity>
			</entitymap>
		</entry>
		<entry category="Monument" eid="Id37" size="1">
			<originaltripleset>
				<otriple>Turkey | leaderName | Ahmet_Davutoğlu</otriple>
			</originaltripleset>
			<modifiedtripleset>
				<mtriple>Turkey | leaderName | Ahmet_Davutoğlu</mtriple>
			</modifiedtripleset>
			<lex comment="good" lid="Id1">
				<text>Turkey's leader is Ahmet Davutoğlu.</text>
				<template>AGENT-1 leader is PATIENT-1 .</template>
			</lex>
			<lex comment="good" lid="Id2">
				<text>Turkey leader name is Ahmet Davutoğlu.</text>
				<template>AGENT-1 leader name is PATIENT-1 .</template>
			</lex>
			<lex comment="good" lid="Id3">
				<text>The Turkish leader's name is Ahmet Davutoglu.</text>
				<template>The Turkish leader 's name is PATIENT-1 .</template>
			</lex>
			<entitymap>
				<entity>AGENT-1 | Turkey</entity>
				<entity>PATIENT-1 | Ahmet_Davutoğlu</entity>
			</entitymap>
		</entry>
		<entry category="Monument" eid="Id38" size="1">
			<originaltripleset>
				<otriple>Turkey | leaderTitle | President_of_Turkey</otriple>
			</originaltripleset>
			<modifiedtripleset>
				<mtriple>Turkey | leaderTitle | President_of_Turkey</mtriple>
			</modifiedtripleset>
			<lex comment="good" lid="Id1">
				<text>The leader's title in Turkey is the President of Turkey.</text>
				<template>The leader 's title in AGENT-1 is PATIENT-1 .</template>
			</lex>
			<lex comment="good" lid="Id2">
				<text>Turkey's leader is the President of Turkey.</text>
				<template>AGENT-1 leader is PATIENT-1 .</template>
			</lex>
			<lex comment="good" lid="Id3">
				<text>President of Turkey is the official title of the Turkish leader.</text>
				<template>PATIENT-1 is the official title of AGENT-1 .</template>
			</lex>
			<entitymap>
				<entity>AGENT-1 | Turkey</entity>
				<entity>PATIENT-1 | President_of_Turkey</entity>
			</entitymap>
		</entry>
	</entries>
</benchmark>
