<?xml version="1.0" ?>
<benchmark>
	<entries>
		<entry category="ComicsCharacter" eid="Id1" size="4">
			<originaltripleset>
				<otriple>Arion_(comics) | creators | Jan_Duursema</otriple>
				<otriple>Jan_Duursema | awards | Eisner_Award</otriple>
				<otriple>Arion_(comics) | alterEgo | &quot;Ahri'ahn&quot;@en</otriple>
				<otriple>Arion_(comics) | creator | Paul_Kupperberg</otriple>
			</originaltripleset>
			<originaltripleset>
				<otriple>Arion_(comics) | creator | Jan_Duursema</otriple>
				<otriple>Jan_Duursema | awards | Eisner_Award</otriple>
				<otriple>Arion_(comics) | alterEgo | &quot;Ahri'ahn&quot;@en</otriple>
				<otriple>Arion_(comics) | creators | Paul_Kupperberg</otriple>
			</originaltripleset>
			<modifiedtripleset>
				<mtriple>Arion_(comicsCharacter) | creator | Jan_Duursema</mtriple>
				<mtriple>Jan_Duursema | award | Eisner_Award</mtriple>
				<mtriple>Arion_(comicsCharacter) | alternativeName | &quot;Ahri'ahn&quot;</mtriple>
				<mtriple>Arion_(comicsCharacter) | creator | Paul_Kupperberg</mtriple>
			</modifiedtripleset>
			<lex comment="good" lid="Id1">
				<text>Arion (also known as Ahri'ahn) is a comic character created by Paul Kupperberg and Jan Duursema, who won the Eisner award.</text>
				<template>AGENT-1 (also known as PATIENT-2) is a comic character created by PATIENT-3 and BRIDGE-1 , who won PATIENT-1 .</template>
			</lex>
			<lex comment="good" lid="Id2">
				<text>Paul Kupperberg and Eisner Award winning Jan Duursema are the creators of the comic book character Arion, also know as Ahri'ahn.</text>
				<template>PATIENT-3 and PATIENT-1 winning BRIDGE-1 are the creators of AGENT-1 , also know as PATIENT-2 .</template>
			</lex>
			<lex comment="good" lid="Id3">
				<text>The comic book character Arion (also known as Ahri'ahn), was created by Paul Kupperberg and Jan Duursema, the latter having won the Eisner Award.</text>
				<template>AGENT-1 (also known as PATIENT-2) , was created by PATIENT-3 and BRIDGE-1 , BRIDGE-1 having won PATIENT-1 .</template>
			</lex>
			<entitymap>
				<entity>BRIDGE-1 | Jan_Duursema</entity>
				<entity>AGENT-1 | Arion_(comicsCharacter)</entity>
				<entity>PATIENT-1 | Eisner_Award</entity>
				<entity>PATIENT-3 | Paul_Kupperberg</entity>
				<entity>PATIENT-2 | &quot;Ahriahn&quot;</entity>
			</entitymap>
		</entry>
		<entry category="ComicsCharacter" eid="Id2" size="4">
			<originaltripleset>
				<otriple>Dick_Dillin | nationality | United_States</otriple>
				<otriple>Aurakles | creator | Dick_Dillin</otriple>
				<otriple>Aurakles | creators | Len_Wein</otriple>
				<otriple>Aurakles | alterEgo | &quot;Aurakles&quot;@en</otriple>
			</originaltripleset>
			<originaltripleset>
				<otriple>Aurakles | creators | Dick_Dillin</otriple>
				<otriple>Dick_Dillin | nationality | United_States</otriple>
				<otriple>Aurakles | creator | Len_Wein</otriple>
				<otriple>Aurakles | alterEgo | &quot;Aurakles&quot;@en</otriple>
			</originaltripleset>
			<modifiedtripleset>
				<mtriple>Aurakles | creator | Dick_Dillin</mtriple>
				<mtriple>Dick_Dillin | nationality | United_States</mtriple>
				<mtriple>Aurakles | creator | Len_Wein</mtriple>
				<mtriple>Aurakles | alternativeName | &quot;Aurakles&quot;</mtriple>
			</modifiedtripleset>
			<lex comment="good" lid="Id1">
				<text>The comic book character Aurakles was created by Len Wein and the American Dick Dillin.</text>
				<template/>
			</lex>
			<lex comment="good" lid="Id2">
				<text>The comic book character Aurakles, with the alternative name Aurakles, was created by Dick Dillin (from the United States) and Len Wein.</text>
				<template>AGENT-1 , with alternative PATIENT-3 , was created by BRIDGE-1 (from PATIENT-1) and PATIENT-2 .</template>
			</lex>
			<lex comment="good" lid="Id3">
				<text>The fictional character Aurakles, also known as ''Aurakles'' was created by Len Wein and Dick Dillin (American).</text>
				<template>AGENT-1 , also known as '' PATIENT-3 '' was created by PATIENT-2 and BRIDGE-1 ( PATIENT-1 ) .</template>
			</lex>
			<entitymap>
				<entity>BRIDGE-1 | Dick_Dillin</entity>
				<entity>AGENT-1 | Aurakles</entity>
				<entity>PATIENT-1 | United_States</entity>
				<entity>PATIENT-3 | &quot;Aurakles&quot;</entity>
				<entity>PATIENT-2 | Len_Wein</entity>
			</entitymap>
		</entry>
		<entry category="ComicsCharacter" eid="Id3" size="4">
			<originaltripleset>
				<otriple>BBC | keyPeople | Rona_Fairhead</otriple>
				<otriple>Bananaman | network | BBC</otriple>
				<otriple>BBC | product | BBC_Radio</otriple>
				<otriple>BBC | locationCity | London</otriple>
			</originaltripleset>
			<modifiedtripleset>
				<mtriple>BBC | keyPerson | Rona_Fairhead</mtriple>
				<mtriple>Bananaman | broadcastedBy | BBC</mtriple>
				<mtriple>BBC | product | BBC_Radio</mtriple>
				<mtriple>BBC | locationCity | London</mtriple>
			</modifiedtripleset>
			<lex comment="good" lid="Id1">
				<text>The BBC, which is located in London, and where Rona Fairhead is a key person, once broadcast Bananaman and has a product called BBC radio.</text>
				<template>BRIDGE-1 , which is located in PATIENT-3 , and where PATIENT-1 is a key person , once broadcast AGENT-1 and has a product called PATIENT-2 .</template>
			</lex>
			<lex comment="good" lid="Id2">
				<text>The BBC, located in London, with Rona Fairhead as a key person, broadcast the TV series Bananaman and produces BBC radio.</text>
				<template>BRIDGE-1 , located in PATIENT-3 , with PATIENT-1 as a key person , broadcast AGENT-1 and produces PATIENT-2 .</template>
			</lex>
			<entitymap>
				<entity>BRIDGE-1 | BBC</entity>
				<entity>AGENT-1 | Bananaman</entity>
				<entity>PATIENT-1 | Rona_Fairhead</entity>
				<entity>PATIENT-3 | London</entity>
				<entity>PATIENT-2 | BBC_Radio</entity>
			</entitymap>
		</entry>
		<entry category="ComicsCharacter" eid="Id4" size="4">
			<originaltripleset>
				<otriple>Balder_(comics) | creators | Jack_Kirby</otriple>
				<otriple>Jack_Kirby | nationality | Americans</otriple>
				<otriple>Balder_(comics) | creator | Stan_Lee</otriple>
				<otriple>Balder_(comics) | alterEgo | &quot;Balder Odinson&quot;@en</otriple>
			</originaltripleset>
			<modifiedtripleset>
				<mtriple>Balder_(comicsCharacter) | creator | Jack_Kirby</mtriple>
				<mtriple>Jack_Kirby | nationality | Americans</mtriple>
				<mtriple>Balder_(comicsCharacter) | creator | Stan_Lee</mtriple>
				<mtriple>Balder_(comicsCharacter) | alternativeName | &quot;Balder Odinson&quot;</mtriple>
			</modifiedtripleset>
			<lex comment="good" lid="Id1">
				<text>Balder is a comic character created by Stan Lee and the American, Jack Kirby. His alternative name is Balder Odinson.</text>
				<template>AGENT-1 is a comic character created by PATIENT-2 and PATIENT-1 , BRIDGE-1 . BRIDGE-1 alternative name is PATIENT-3 .</template>
			</lex>
			<lex comment="good" lid="Id2">
				<text>The comic character of Balder is also known as &quot;Balder Odinson&quot;. It was created by Stan Lee and the American, Jack Kirby.</text>
				<template>AGENT-1 is also known as `` PATIENT-3 '' . AGENT-1 was created by PATIENT-2 and PATIENT-1 , BRIDGE-1 .</template>
			</lex>
			<lex comment="good" lid="Id3">
				<text>The comic character, Balder has the alternative name of Balder Odinson . It was created by Stan Lee and the American, Jack Kirby.</text>
				<template>AGENT-1 has the alternative name of PATIENT-3 . AGENT-1 was created by PATIENT-2 and PATIENT-1 , BRIDGE-1 .</template>
			</lex>
			<entitymap>
				<entity>BRIDGE-1 | Jack_Kirby</entity>
				<entity>AGENT-1 | Balder_(comicsCharacter)</entity>
				<entity>PATIENT-1 | Americans</entity>
				<entity>PATIENT-3 | &quot;Balder Odinson&quot;</entity>
				<entity>PATIENT-2 | Stan_Lee</entity>
			</entitymap>
		</entry>
		<entry category="ComicsCharacter" eid="Id5" size="4">
			<originaltripleset>
				<otriple>Bananaman | network | BBC</otriple>
				<otriple>BBC | product | BBC_Radio</otriple>
				<otriple>BBC | locationCity | Broadcasting_House</otriple>
				<otriple>BBC | foundedBy | John_Reith,_1st_Baron_Reith</otriple>
			</originaltripleset>
			<modifiedtripleset>
				<mtriple>Bananaman | broadcastedBy | BBC</mtriple>
				<mtriple>BBC | product | BBC_Radio</mtriple>
				<mtriple>BBC | locationCity | Broadcasting_House</mtriple>
				<mtriple>BBC | foundedBy | John_Reith,_1st_Baron_Reith</mtriple>
			</modifiedtripleset>
			<lex comment="good" lid="Id1">
				<text>John Reith, 1st Baron Reith founded the BBC who have their HQ at Broadcasting House. The BBC broadcast Bananaman and also produce BBC radio.</text>
				<template>PATIENT-3 founded BRIDGE-1 who have BRIDGE-1 HQ at PATIENT-2 . AGENT-1 and also produce PATIENT-1 .</template>
			</lex>
			<lex comment="good" lid="Id2">
				<text>The BBC, founded by John Reith, 1st Baron Reith, has its headquarters in Broadcasting House. The BBC produces BBC radio and broadcast the TV series Bananaman.</text>
				<template>BRIDGE-1 , founded by PATIENT-3 , has BRIDGE-1 headquarters in PATIENT-2 . BRIDGE-1 produces PATIENT-1 and broadcast AGENT-1 .</template>
			</lex>
			<lex comment="good" lid="Id3">
				<text>The founder of the BBC was 1st Baron John Reith and it is located at Broadcasting House in London. The BBC broadcast Bananaman and also produce BBC radio.</text>
				<template>The founder of BRIDGE-1 was PATIENT-3 and BRIDGE-1 is located at PATIENT-2 in PATIENT-1 . AGENT-1 and also produce PATIENT-1 .</template>
			</lex>
			<entitymap>
				<entity>BRIDGE-1 | BBC</entity>
				<entity>AGENT-1 | Bananaman</entity>
				<entity>PATIENT-1 | BBC_Radio</entity>
				<entity>PATIENT-3 | John_Reith,_1st_Baron_Reith</entity>
				<entity>PATIENT-2 | Broadcasting_House</entity>
			</entitymap>
		</entry>
		<entry category="ComicsCharacter" eid="Id6" size="4">
			<originaltripleset>
				<otriple>Bananaman | network | BBC</otriple>
				<otriple>BBC | product | BBC_Radio</otriple>
				<otriple>BBC | locationCity | London</otriple>
				<otriple>BBC | foundedBy | John_Reith,_1st_Baron_Reith</otriple>
			</originaltripleset>
			<modifiedtripleset>
				<mtriple>Bananaman | broadcastedBy | BBC</mtriple>
				<mtriple>BBC | product | BBC_Radio</mtriple>
				<mtriple>BBC | locationCity | London</mtriple>
				<mtriple>BBC | foundedBy | John_Reith,_1st_Baron_Reith</mtriple>
			</modifiedtripleset>
			<lex comment="good" lid="Id1">
				<text>1st Baron, John Reith was the founder of the BBC which is located in London and showed the TV series, Bananaman. Another product of the BBC is BBC radio.</text>
				<template>PATIENT-3 was the founder of BRIDGE-1 which is located in PATIENT-2 and showed AGENT-1 . Another product of BRIDGE-1 is PATIENT-1 .</template>
			</lex>
			<lex comment="good" lid="Id2">
				<text>Bananaman is broadcast by the BBC, the organisation founded by John Reith, 1st Baron Reith. The BBC is based in London and also produces BBC radio.</text>
				<template>AGENT-1 is broadcast by BRIDGE-1 , the organisation founded by PATIENT-3 . BRIDGE-1 is based in PATIENT-2 and also produces PATIENT-1 .</template>
			</lex>
			<entitymap>
				<entity>BRIDGE-1 | BBC</entity>
				<entity>AGENT-1 | Bananaman</entity>
				<entity>PATIENT-1 | BBC_Radio</entity>
				<entity>PATIENT-3 | John_Reith,_1st_Baron_Reith</entity>
				<entity>PATIENT-2 | London</entity>
			</entitymap>
		</entry>
		<entry category="ComicsCharacter" eid="Id7" size="4">
			<originaltripleset>
				<otriple>Bananaman | network | BBC</otriple>
				<otriple>Bananaman | creator | &quot;Steve Bright&quot;@en</otriple>
				<otriple>Bananaman | starring | Bill_Oddie</otriple>
				<otriple>Bananaman | firstAired | &quot;1983-10-03&quot;^^xsd:date</otriple>
			</originaltripleset>
			<modifiedtripleset>
				<mtriple>Bananaman | broadcastedBy | BBC</mtriple>
				<mtriple>Bananaman | creator | Steve_Bright</mtriple>
				<mtriple>Bananaman | starring | Bill_Oddie</mtriple>
				<mtriple>Bananaman | firstAired | &quot;1983-10-03&quot;</mtriple>
			</modifiedtripleset>
			<lex comment="good" lid="Id1">
				<text>Bill Oddie stars in Bananaman which was created by Steve Bright. It was first broadcast by the BBC on 3 October 1983.</text>
				<template>PATIENT-3 stars in AGENT-1 which was created by PATIENT-2 . AGENT-1 was first broadcast by PATIENT-1 on PATIENT-4 .</template>
			</lex>
			<lex comment="good" lid="Id2">
				<text>Bananaman, created by Steve Bright and starring Bill Oddie, was first broadcast by the BBC on the 3rd October 1983.</text>
				<template>AGENT-1 , created by PATIENT-2 and starring PATIENT-3 , was first broadcast by PATIENT-1 on PATIENT-4 .</template>
			</lex>
			<entitymap>
				<entity>PATIENT-4 | &quot;1983-10-03&quot;</entity>
				<entity>AGENT-1 | Bananaman</entity>
				<entity>PATIENT-1 | BBC</entity>
				<entity>PATIENT-3 | Bill_Oddie</entity>
				<entity>PATIENT-2 | Steve_Bright</entity>
			</entitymap>
		</entry>
		<entry category="ComicsCharacter" eid="Id8" size="4">
			<originaltripleset>
				<otriple>Bananaman | network | BBC</otriple>
				<otriple>Bananaman | creator | &quot;Steve Bright&quot;@en</otriple>
				<otriple>Bananaman | starring | Graeme_Garden</otriple>
				<otriple>Bananaman | firstAired | &quot;1983-10-03&quot;^^xsd:date</otriple>
			</originaltripleset>
			<modifiedtripleset>
				<mtriple>Bananaman | broadcastedBy | BBC</mtriple>
				<mtriple>Bananaman | creator | Steve_Bright</mtriple>
				<mtriple>Bananaman | starring | Graeme_Garden</mtriple>
				<mtriple>Bananaman | firstAired | &quot;1983-10-03&quot;</mtriple>
			</modifiedtripleset>
			<lex comment="good" lid="Id1">
				<text>Bananaman, which was first broadcast by the BBC on 3rd October 1983, was created by Steve Bright and starred Graeme Garden.</text>
				<template>AGENT-1 , which was first broadcast by PATIENT-1 on PATIENT-4 , was created by PATIENT-2 and starred PATIENT-3 .</template>
			</lex>
			<lex comment="good" lid="Id2">
				<text>Steve Bright created Bananaman which was first aired by the BBC on 3 October 1983 and starred Graeme Garden.</text>
				<template>PATIENT-2 created AGENT-1 which was first aired by PATIENT-1 on PATIENT-4 and starred PATIENT-3 .</template>
			</lex>
			<lex comment="good" lid="Id3">
				<text>Bananaman was first aired on 3 October 1983 by the BBC. It was created by Steve Bright and starred Graeme Garden.</text>
				<template>AGENT-1 was first aired on PATIENT-4 by PATIENT-1 . AGENT-1 was created by PATIENT-2 and starred PATIENT-3 .</template>
			</lex>
			<entitymap>
				<entity>PATIENT-4 | &quot;1983-10-03&quot;</entity>
				<entity>AGENT-1 | Bananaman</entity>
				<entity>PATIENT-1 | BBC</entity>
				<entity>PATIENT-3 | Graeme_Garden</entity>
				<entity>PATIENT-2 | Steve_Bright</entity>
			</entitymap>
		</entry>
		<entry category="ComicsCharacter" eid="Id9" size="4">
			<originaltripleset>
				<otriple>Bananaman | network | BBC</otriple>
				<otriple>Bananaman | starring | Jill_Shilling</otriple>
				<otriple>Bananaman | creator | John_Geering</otriple>
				<otriple>Bananaman | firstAired | &quot;1983-10-03&quot;^^xsd:date</otriple>
			</originaltripleset>
			<modifiedtripleset>
				<mtriple>Bananaman | broadcastedBy | BBC</mtriple>
				<mtriple>Bananaman | starring | Jill_Shilling</mtriple>
				<mtriple>Bananaman | creator | John_Geering</mtriple>
				<mtriple>Bananaman | firstAired | &quot;1983-10-03&quot;</mtriple>
			</modifiedtripleset>
			<lex comment="good" lid="Id1">
				<text>John Geering created the TV character Bananaman which was first broadcast by the BBC on 3 October 1983 and starred Jill Shilling.</text>
				<template>PATIENT-3 created AGENT-1 which was first broadcast by PATIENT-1 on PATIENT-4 and starred PATIENT-2 .</template>
			</lex>
			<lex comment="good" lid="Id2">
				<text>John Geering created the fictional comic superhero of Bananaman which starred Jill Shilling. It was first aired by the BBC on 3 October 1983.</text>
				<template>PATIENT-3 created AGENT-1 which starred PATIENT-2 . AGENT-1 was first aired by PATIENT-1 on PATIENT-4 .</template>
			</lex>
			<entitymap>
				<entity>PATIENT-4 | &quot;1983-10-03&quot;</entity>
				<entity>AGENT-1 | Bananaman</entity>
				<entity>PATIENT-1 | BBC</entity>
				<entity>PATIENT-3 | John_Geering</entity>
				<entity>PATIENT-2 | Jill_Shilling</entity>
			</entitymap>
		</entry>
		<entry category="ComicsCharacter" eid="Id10" size="4">
			<originaltripleset>
				<otriple>Bananaman | network | BBC</otriple>
				<otriple>Bananaman | starring | Jill_Shilling</otriple>
				<otriple>Bananaman | creator | &quot;Steve Bright&quot;@en</otriple>
				<otriple>Bananaman | firstAired | &quot;1983-10-03&quot;^^xsd:date</otriple>
			</originaltripleset>
			<originaltripleset>
				<otriple>Bananaman | network | BBC</otriple>
				<otriple>Bananaman | starring | Jill_Shilling</otriple>
				<otriple>Bananaman | creator | Steve_Bright</otriple>
				<otriple>Bananaman | firstAired | &quot;1983-10-03&quot;^^xsd:date</otriple>
			</originaltripleset>
			<modifiedtripleset>
				<mtriple>Bananaman | broadcastedBy | BBC</mtriple>
				<mtriple>Bananaman | starring | Jill_Shilling</mtriple>
				<mtriple>Bananaman | creator | Steve_Bright</mtriple>
				<mtriple>Bananaman | firstAired | &quot;1983-10-03&quot;</mtriple>
			</modifiedtripleset>
			<lex comment="good" lid="Id1">
				<text>Bananaman was first broadcast by the BBC on 3 October 1983. It was created by Steve Bright and starred Jill Shilling.</text>
				<template>AGENT-1 was first broadcast by PATIENT-1 on PATIENT-4 . AGENT-1 was created by PATIENT-3 and starred PATIENT-2 .</template>
			</lex>
			<lex comment="good" lid="Id2">
				<text>Bananaman, starring Jill Shilling, created by Steve Bright. first aired on the BBC on 3/10/1983.</text>
				<template>AGENT-1 , starring PATIENT-2 , created by PATIENT-3 . first aired on PATIENT-1 on PATIENT-4 .</template>
			</lex>
			<entitymap>
				<entity>PATIENT-4 | &quot;1983-10-03&quot;</entity>
				<entity>AGENT-1 | Bananaman</entity>
				<entity>PATIENT-1 | BBC</entity>
				<entity>PATIENT-3 | Steve_Bright</entity>
				<entity>PATIENT-2 | Jill_Shilling</entity>
			</entitymap>
		</entry>
		<entry category="ComicsCharacter" eid="Id11" size="4">
			<originaltripleset>
				<otriple>Bananaman | starring | Bill_Oddie</otriple>
				<otriple>Bananaman | network | BBC</otriple>
				<otriple>Bill_Oddie | birthPlace | Lancashire</otriple>
				<otriple>BBC | locationCity | Broadcasting_House</otriple>
			</originaltripleset>
			<modifiedtripleset>
				<mtriple>Bananaman | starring | Bill_Oddie</mtriple>
				<mtriple>Bananaman | broadcastedBy | BBC</mtriple>
				<mtriple>Bill_Oddie | birthPlace | Lancashire</mtriple>
				<mtriple>BBC | locationCity | Broadcasting_House</mtriple>
			</modifiedtripleset>
			<lex comment="good" lid="Id1">
				<text>Lancashire born Bill Oddie was the star of Bananaman, broadcasted by the BBC out of the broadcasting house in London.</text>
				<template>PATIENT-1 born BRIDGE-1 was the star of AGENT-1 , broadcasted by BRIDGE-2 out of PATIENT-2 .</template>
			</lex>
			<entitymap>
				<entity>BRIDGE-1 | Bill_Oddie</entity>
				<entity>AGENT-1 | Bananaman</entity>
				<entity>PATIENT-1 | Lancashire</entity>
				<entity>BRIDGE-2 | BBC</entity>
				<entity>PATIENT-2 | Broadcasting_House</entity>
			</entitymap>
		</entry>
		<entry category="ComicsCharacter" eid="Id12" size="4">
			<originaltripleset>
				<otriple>Bananaman | starring | Bill_Oddie</otriple>
				<otriple>Bananaman | network | BBC</otriple>
				<otriple>Bill_Oddie | birthPlace | Lancashire</otriple>
				<otriple>BBC | locationCity | London</otriple>
			</originaltripleset>
			<modifiedtripleset>
				<mtriple>Bananaman | starring | Bill_Oddie</mtriple>
				<mtriple>Bananaman | broadcastedBy | BBC</mtriple>
				<mtriple>Bill_Oddie | birthPlace | Lancashire</mtriple>
				<mtriple>BBC | locationCity | London</mtriple>
			</modifiedtripleset>
			<lex comment="good" lid="Id1">
				<text>Lancashire born Bill Oddie starred in Bananaman. It was broadcast by the BBC located in London.</text>
				<template>PATIENT-1 born BRIDGE-1 starred in AGENT-1 . AGENT-1 was broadcast by BRIDGE-2 located in PATIENT-2 .</template>
			</lex>
			<lex comment="good" lid="Id2">
				<text>Bananaman, that starred Lancashire born Bill Oddie, is broadcast by the BBC which is located in London.</text>
				<template>AGENT-1 , that starred PATIENT-1 born BRIDGE-1 , is broadcast by BRIDGE-2 which is located in PATIENT-2 .</template>
			</lex>
			<lex comment="good" lid="Id3">
				<text>Lancashire born Bill Oddie starred in the TV series Bananaman. It was shown by the BBC who are located in London.</text>
				<template>PATIENT-1 born BRIDGE-1 starred in AGENT-1 . AGENT-1 was shown by BRIDGE-2 who are located in PATIENT-2 .</template>
			</lex>
			<entitymap>
				<entity>BRIDGE-1 | Bill_Oddie</entity>
				<entity>AGENT-1 | Bananaman</entity>
				<entity>PATIENT-1 | Lancashire</entity>
				<entity>BRIDGE-2 | BBC</entity>
				<entity>PATIENT-2 | London</entity>
			</entitymap>
		</entry>
		<entry category="ComicsCharacter" eid="Id13" size="4">
			<originaltripleset>
				<otriple>Bananaman | starring | Bill_Oddie</otriple>
				<otriple>Bananaman | network | BBC</otriple>
				<otriple>Bill_Oddie | birthPlace | Rochdale</otriple>
				<otriple>BBC | locationCity | Broadcasting_House</otriple>
			</originaltripleset>
			<modifiedtripleset>
				<mtriple>Bananaman | starring | Bill_Oddie</mtriple>
				<mtriple>Bananaman | broadcastedBy | BBC</mtriple>
				<mtriple>Bill_Oddie | birthPlace | Rochdale</mtriple>
				<mtriple>BBC | locationCity | Broadcasting_House</mtriple>
			</modifiedtripleset>
			<lex comment="good" lid="Id1">
				<text>Rochdale born Bill Oddie starred in the TV series Bananaman. This show was broadcast by the BBC, which has its headquarters in Broadcasting House.</text>
				<template>PATIENT-1 born BRIDGE-1 starred in AGENT-1 . AGENT-1 was broadcast by BRIDGE-2 , which has BRIDGE-2 headquarters in PATIENT-2 .</template>
			</lex>
			<lex comment="good" lid="Id2">
				<text>The BBC broadcast Bananaman, which starred Rochdale born Bill Oddie. The BBC headquarters is called Broadcasting House.</text>
				<template>The BRIDGE-2 broadcast AGENT-1 , which starred PATIENT-1 born BRIDGE-1 . The BRIDGE-2 headquarters is called PATIENT-2 .</template>
			</lex>
			<lex comment="good" lid="Id3">
				<text>Rochdale born Bill Oddie starred in Bananaman which was a TV series shown on the BBC, based at Broadcasting House in London.</text>
				<template>PATIENT-1 born BRIDGE-1 starred in AGENT-1 which was a TV series shown on BRIDGE-2 , based at PATIENT-2 .</template>
			</lex>
			<entitymap>
				<entity>BRIDGE-1 | Bill_Oddie</entity>
				<entity>AGENT-1 | Bananaman</entity>
				<entity>PATIENT-1 | Rochdale</entity>
				<entity>BRIDGE-2 | BBC</entity>
				<entity>PATIENT-2 | Broadcasting_House</entity>
			</entitymap>
		</entry>
		<entry category="ComicsCharacter" eid="Id14" size="4">
			<originaltripleset>
				<otriple>Bananaman | starring | Bill_Oddie</otriple>
				<otriple>Bananaman | network | BBC</otriple>
				<otriple>Bill_Oddie | birthPlace | Rochdale</otriple>
				<otriple>BBC | locationCity | London</otriple>
			</originaltripleset>
			<modifiedtripleset>
				<mtriple>Bananaman | starring | Bill_Oddie</mtriple>
				<mtriple>Bananaman | broadcastedBy | BBC</mtriple>
				<mtriple>Bill_Oddie | birthPlace | Rochdale</mtriple>
				<mtriple>BBC | locationCity | London</mtriple>
			</modifiedtripleset>
			<lex comment="good" lid="Id1">
				<text>Bananaman the TV series was shown on the BBC (London) and starred Bill Oddie, who was born in Rochdale.</text>
				<template>AGENT-1 was shown on BRIDGE-2 (PATIENT-2) and starred BRIDGE-1 , who was born in PATIENT-1 .</template>
			</lex>
			<lex comment="good" lid="Id2">
				<text>The BBC, which is located in London, showed the TV series Bananaman. It starred Bill Oddie who was born in Rochdale.</text>
				<template>BRIDGE-2 , which is located in PATIENT-2 , showed AGENT-1 . AGENT-1 starred BRIDGE-1 who was born in PATIENT-1 .</template>
			</lex>
			<lex comment="good" lid="Id3">
				<text>Bananaman is a tv series which starred Rochdale born Bill Oddie. The series was shown on the BBC which is located in the city of London.</text>
				<template>AGENT-1 is a tv series which starred PATIENT-1 born BRIDGE-1 . AGENT-1 was shown on BRIDGE-2 which is located in PATIENT-2 .</template>
			</lex>
			<entitymap>
				<entity>BRIDGE-1 | Bill_Oddie</entity>
				<entity>AGENT-1 | Bananaman</entity>
				<entity>PATIENT-1 | Rochdale</entity>
				<entity>BRIDGE-2 | BBC</entity>
				<entity>PATIENT-2 | London</entity>
			</entitymap>
		</entry>
		<entry category="ComicsCharacter" eid="Id15" size="4">
			<originaltripleset>
				<otriple>Bananaman | starring | Graeme_Garden</otriple>
				<otriple>Graeme_Garden | birthPlace | Aberdeen</otriple>
				<otriple>Bananaman | network | BBC</otriple>
				<otriple>BBC | locationCity | Broadcasting_House</otriple>
			</originaltripleset>
			<modifiedtripleset>
				<mtriple>Bananaman | starring | Graeme_Garden</mtriple>
				<mtriple>Graeme_Garden | birthPlace | Aberdeen</mtriple>
				<mtriple>Bananaman | broadcastedBy | BBC</mtriple>
				<mtriple>BBC | locationCity | Broadcasting_House</mtriple>
			</modifiedtripleset>
			<lex comment="good" lid="Id1">
				<text>Aberdeen born Graeme Garden starred in Bananaman, which was broadcast by the BBC, whose headquarters are called Broadcasting House.</text>
				<template>PATIENT-1 born BRIDGE-1 starred in AGENT-1 , which was broadcast by BRIDGE-2 , whose headquarters are called PATIENT-2 .</template>
			</lex>
			<lex comment="good" lid="Id2">
				<text>Aberdeen born Graeme Garden starred in the tv series &quot; Bananaman &quot; . The series was shown on the BBC which is based in the broadcasting house in London.</text>
				<template>PATIENT-1 born BRIDGE-1 starred in AGENT-1 . AGENT-1 was shown on BRIDGE-2 which is based in PATIENT-2 .</template>
			</lex>
			<lex comment="good" lid="Id3">
				<text>The BBC, based in Broadcasting House, London, showed the TV series Bananaman. This show starred Aberdeen born Graeme Garden.</text>
				<template>BRIDGE-2 , based in PATIENT-2 , showed AGENT-1 . AGENT-1 starred PATIENT-1 born BRIDGE-1 .</template>
			</lex>
			<entitymap>
				<entity>BRIDGE-1 | Graeme_Garden</entity>
				<entity>AGENT-1 | Bananaman</entity>
				<entity>PATIENT-1 | Aberdeen</entity>
				<entity>BRIDGE-2 | BBC</entity>
				<entity>PATIENT-2 | Broadcasting_House</entity>
			</entitymap>
		</entry>
		<entry category="ComicsCharacter" eid="Id16" size="4">
			<originaltripleset>
				<otriple>Bananaman | starring | Tim_Brooke-Taylor</otriple>
				<otriple>Bananaman | network | BBC</otriple>
				<otriple>Bananaman | creator | John_Geering</otriple>
				<otriple>Bananaman | firstAired | &quot;1983-10-03&quot;^^xsd:date</otriple>
			</originaltripleset>
			<modifiedtripleset>
				<mtriple>Bananaman | starring | Tim_Brooke-Taylor</mtriple>
				<mtriple>Bananaman | broadcastedBy | BBC</mtriple>
				<mtriple>Bananaman | creator | John_Geering</mtriple>
				<mtriple>Bananaman | firstAired | &quot;1983-10-03&quot;</mtriple>
			</modifiedtripleset>
			<lex comment="good" lid="Id1">
				<text>Tim Brooke-Taylor starred in Bananaman which was created by John Geering. It was first broadcast by the BBC on 3 October 1983.</text>
				<template>PATIENT-1 starred in AGENT-1 which was created by PATIENT-3 . AGENT-1 was first broadcast by PATIENT-2 on PATIENT-4 .</template>
			</lex>
			<lex comment="good" lid="Id2">
				<text>Bananaman was first aired on 10/03/1983 and was broadcast by the BBC. Tim Brooke-Taylor starred in the show, which was created by John Geering.</text>
				<template>AGENT-1 was first aired on PATIENT-4 and was broadcast by PATIENT-2 . PATIENT-1 starred in the show , which was created by PATIENT-3 .</template>
			</lex>
			<lex comment="good" lid="Id3">
				<text>The fictional comic superhero Bananaman was created by John Geering and starred Tim Brooke-taylor. It was first broadcast on 3 October 1983 by the BBC.</text>
				<template>AGENT-1 was created by PATIENT-3 and starred PATIENT-1 . AGENT-1 was first broadcast on PATIENT-4 by PATIENT-2 .</template>
			</lex>
			<entitymap>
				<entity>PATIENT-4 | &quot;1983-10-03&quot;</entity>
				<entity>AGENT-1 | Bananaman</entity>
				<entity>PATIENT-1 | Tim_Brooke-Taylor</entity>
				<entity>PATIENT-3 | John_Geering</entity>
				<entity>PATIENT-2 | BBC</entity>
			</entitymap>
		</entry>
		<entry category="ComicsCharacter" eid="Id17" size="4">
			<originaltripleset>
				<otriple>Bananaman | starring | Tim_Brooke-Taylor</otriple>
				<otriple>Bananaman | network | BBC</otriple>
				<otriple>Bananaman | creator | Steve_Bright</otriple>
				<otriple>Bananaman | firstAired | &quot;1983-10-03&quot;^^xsd:date</otriple>
			</originaltripleset>
			<originaltripleset>
				<otriple>Bananaman | starring | Tim_Brooke-Taylor</otriple>
				<otriple>Bananaman | network | BBC</otriple>
				<otriple>Bananaman | creator | &quot;Steve Bright&quot;@en</otriple>
				<otriple>Bananaman | firstAired | &quot;1983-10-03&quot;^^xsd:date</otriple>
			</originaltripleset>
			<modifiedtripleset>
				<mtriple>Bananaman | starring | Tim_Brooke-Taylor</mtriple>
				<mtriple>Bananaman | broadcastedBy | BBC</mtriple>
				<mtriple>Bananaman | creator | Steve_Bright</mtriple>
				<mtriple>Bananaman | firstAired | &quot;1983-10-03&quot;</mtriple>
			</modifiedtripleset>
			<lex comment="good" lid="Id1">
				<text>Bananaman was created by Steve Bright and starred Tim Brooke-Taylor. It was first aired on 3 October 1983, being broadcast by the BBC.</text>
				<template>AGENT-1 was created by PATIENT-3 and starred PATIENT-1 . AGENT-1 was first aired on PATIENT-4 , being broadcast by PATIENT-2 .</template>
			</lex>
			<lex comment="good" lid="Id2">
				<text>Bananaman (created by Steve Bright ) was first broadcasted by the BBC on the 10/03/1983, and starred Tim Brooke-Taylor.</text>
				<template>AGENT-1 (created by PATIENT-3) was first broadcasted by PATIENT-2 on PATIENT-4 , and starred PATIENT-1 .</template>
			</lex>
			<lex comment="good" lid="Id3">
				<text>Tim Brooke Taylor starred in Bananaman which was created by Steve Bright. It was broadcast by the BBC and first aired on 3 October 1983.</text>
				<template>PATIENT-1 starred in AGENT-1 which was created by PATIENT-3 . AGENT-1 was broadcast by PATIENT-2 and first aired on PATIENT-4 .</template>
			</lex>
			<entitymap>
				<entity>PATIENT-4 | &quot;1983-10-03&quot;</entity>
				<entity>AGENT-1 | Bananaman</entity>
				<entity>PATIENT-1 | Tim_Brooke-Taylor</entity>
				<entity>PATIENT-3 | Steve_Bright</entity>
				<entity>PATIENT-2 | BBC</entity>
			</entitymap>
		</entry>
		<entry category="ComicsCharacter" eid="Id18" size="4">
			<originaltripleset>
				<otriple>Baymax | voice | Scott_Adsit</otriple>
				<otriple>Baymax | creators | Duncan_Rouleau</otriple>
				<otriple>Baymax | firstAppearance | &quot;Big Hero 6(2014)&quot;</otriple>
				<otriple>Baymax | creator | Steven_T._Seagle</otriple>
			</originaltripleset>
			<originaltripleset>
				<otriple>Baymax | voice | Scott_Adsit</otriple>
				<otriple>Baymax | creator | Duncan_Rouleau</otriple>
				<otriple>Baymax | firstAppearance | &quot;Big Hero 6(2014)&quot;</otriple>
				<otriple>Baymax | creators | Steven_T._Seagle</otriple>
			</originaltripleset>
			<originaltripleset>
				<otriple>Baymax | first | Big_Hero_6_(film)</otriple>
				<otriple>Baymax | voice | Scott_Adsit</otriple>
				<otriple>Baymax | creator | Duncan_Rouleau</otriple>
				<otriple>Baymax | creators | Steven_T._Seagle</otriple>
			</originaltripleset>
			<originaltripleset>
				<otriple>Baymax | first | Big_Hero_6_(film)</otriple>
				<otriple>Baymax | voice | Scott_Adsit</otriple>
				<otriple>Baymax | creators | Duncan_Rouleau</otriple>
				<otriple>Baymax | creator | Steven_T._Seagle</otriple>
			</originaltripleset>
			<modifiedtripleset>
				<mtriple>Baymax | firstAppearanceInFilm | Big_Hero_6_(film)</mtriple>
				<mtriple>Baymax | voice | Scott_Adsit</mtriple>
				<mtriple>Baymax | creator | Duncan_Rouleau</mtriple>
				<mtriple>Baymax | creator | Steven_T._Seagle</mtriple>
			</modifiedtripleset>
			<lex comment="good" lid="Id1">
				<text>The character Baymax first appeared in the film Big Hero 6 and is voiced by Scott Adsit. It was created by Duncan Rouleau and Steve T Seagle.</text>
				<template>AGENT-1 first appeared in PATIENT-1 and is voiced by PATIENT-2 . AGENT-1 was created by PATIENT-3 and PATIENT-4 .</template>
			</lex>
			<lex comment="good" lid="Id2">
				<text>Duncan Rouleau and Steven T Seagle created the character of Baymax who first appeared in the film Big Hero 6 and is voiced by Scott Adsit.</text>
				<template>PATIENT-3 and PATIENT-4 created the character of AGENT-1 who first appeared in PATIENT-1 and is voiced by PATIENT-2 .</template>
			</lex>
			<lex comment="good" lid="Id3">
				<text>Baymax, voiced by Scott Adsit and created by Duncan Roulean and Steven T. Seagle first appeared in the film Big Hero 6.</text>
				<template>AGENT-1 , voiced by PATIENT-2 and created by PATIENT-3 and PATIENT-4 first appeared in PATIENT-1 .</template>
			</lex>
			<entitymap>
				<entity>PATIENT-4 | Steven_T._Seagle</entity>
				<entity>AGENT-1 | Baymax</entity>
				<entity>PATIENT-1 | Big_Hero_6_(film)</entity>
				<entity>PATIENT-3 | Duncan_Rouleau</entity>
				<entity>PATIENT-2 | Scott_Adsit</entity>
			</entitymap>
		</entry>
		<entry category="ComicsCharacter" eid="Id19" size="4">
			<originaltripleset>
				<otriple>Duncan_Rouleau | nationality | Americans</otriple>
				<otriple>Baymax | creators | Duncan_Rouleau</otriple>
				<otriple>Baymax | firstAppearance | &quot;Big Hero 6(2014)&quot;</otriple>
				<otriple>Baymax | creator | Steven_T._Seagle</otriple>
			</originaltripleset>
			<originaltripleset>
				<otriple>Baymax | first | Big_Hero_6_(film)</otriple>
				<otriple>Duncan_Rouleau | nationality | Americans</otriple>
				<otriple>Baymax | creators | Duncan_Rouleau</otriple>
				<otriple>Baymax | creator | Steven_T._Seagle</otriple>
			</originaltripleset>
			<originaltripleset>
				<otriple>Baymax | creator | Duncan_Rouleau</otriple>
				<otriple>Duncan_Rouleau | nationality | Americans</otriple>
				<otriple>Baymax | firstAppearance | &quot;Big Hero 6(2014)&quot;</otriple>
				<otriple>Baymax | creators | Steven_T._Seagle</otriple>
			</originaltripleset>
			<originaltripleset>
				<otriple>Baymax | first | Big_Hero_6_(film)</otriple>
				<otriple>Baymax | creator | Duncan_Rouleau</otriple>
				<otriple>Duncan_Rouleau | nationality | Americans</otriple>
				<otriple>Baymax | creators | Steven_T._Seagle</otriple>
			</originaltripleset>
			<modifiedtripleset>
				<mtriple>Baymax | firstAppearanceInFilm | Big_Hero_6_(film)</mtriple>
				<mtriple>Duncan_Rouleau | nationality | Americans</mtriple>
				<mtriple>Baymax | creator | Duncan_Rouleau</mtriple>
				<mtriple>Baymax | creator | Steven_T._Seagle</mtriple>
			</modifiedtripleset>
			<lex comment="good" lid="Id1">
				<text>The character Baymax, created by Steve T Seagle and the American Duncan Rouleau, first appeared in the film Big Hero 6.</text>
				<template>AGENT-1 , created by PATIENT-3 and PATIENT-2 BRIDGE-1 , first appeared in PATIENT-1 .</template>
			</lex>
			<lex comment="good" lid="Id2">
				<text>Baymax first appeared in the film Big Hero 6 and was created by Steven T Seagle and the American, Duncan Rouleau.</text>
				<template>AGENT-1 first appeared in PATIENT-1 and was created by PATIENT-3 and PATIENT-2 , BRIDGE-1 .</template>
			</lex>
			<lex comment="good" lid="Id3">
				<text>Big hero 6 was the first appearance for Baymax, created by American Duncan Rouleau and Steven T. Seagle.</text>
				<template>PATIENT-1 was the first appearance for AGENT-1 , created by PATIENT-2 BRIDGE-1 and PATIENT-3 .</template>
			</lex>
			<entitymap>
				<entity>BRIDGE-1 | Duncan_Rouleau</entity>
				<entity>AGENT-1 | Baymax</entity>
				<entity>PATIENT-1 | Big_Hero_6_(film)</entity>
				<entity>PATIENT-3 | Steven_T._Seagle</entity>
				<entity>PATIENT-2 | Americans</entity>
			</entitymap>
		</entry>
		<entry category="ComicsCharacter" eid="Id20" size="4">
			<originaltripleset>
				<otriple>Baymax | series | Big_Hero_6_(film)</otriple>
				<otriple>Baymax | creator | Duncan_Rouleau</otriple>
				<otriple>Baymax | firstAppearance | &quot;Big Hero 6(2014)&quot;</otriple>
				<otriple>Baymax | creators | Steven_T._Seagle</otriple>
			</originaltripleset>
			<originaltripleset>
				<otriple>Baymax | series | Big_Hero_6_(film)</otriple>
				<otriple>Baymax | creators | Duncan_Rouleau</otriple>
				<otriple>Baymax | firstAppearance | &quot;Big Hero 6(2014)&quot;</otriple>
				<otriple>Baymax | creator | Steven_T._Seagle</otriple>
			</originaltripleset>
			<modifiedtripleset>
				<mtriple>Baymax | series | Big_Hero_6_(film)</mtriple>
				<mtriple>Baymax | creator | Duncan_Rouleau</mtriple>
				<mtriple>Baymax | firstAppearanceInFilm | Big_Hero_6_(film)</mtriple>
				<mtriple>Baymax | creator | Steven_T._Seagle</mtriple>
			</modifiedtripleset>
			<lex comment="good" lid="Id1">
				<text>Baymax is a character created by Duncan Rouleau and Steve T. Seagle which first appeared in the film &quot; Big Hero 6&quot;.</text>
				<template>AGENT-1 is a character created by PATIENT-2 and PATIENT-3 which first appeared in '' PATIENT-1 '' .</template>
			</lex>
			<lex comment="good" lid="Id2">
				<text>Baymax is a character who first appeared in the film Big Hero 6. It was created by Steven T Seagle and Duncan Rouleau.</text>
				<template>AGENT-1 is a character who first appeared in PATIENT-1 . AGENT-1 was created by PATIENT-3 and PATIENT-2 .</template>
			</lex>
			<lex comment="good" lid="Id3">
				<text>Steven T Seagle and Duncan Rouleau created the character Baymax, which first appeared in the movie Big Hero 6.</text>
				<template>PATIENT-3 and PATIENT-2 created AGENT-1 , which first appeared in PATIENT-1 .</template>
			</lex>
			<entitymap>
				<entity>AGENT-1 | Baymax</entity>
				<entity>PATIENT-1 | Big_Hero_6_(film)</entity>
				<entity>PATIENT-3 | Steven_T._Seagle</entity>
				<entity>PATIENT-2 | Duncan_Rouleau</entity>
			</entitymap>
		</entry>
		<entry category="ComicsCharacter" eid="Id21" size="4">
			<originaltripleset>
				<otriple>Baymax | series | Big_Hero_6_(film)</otriple>
				<otriple>Baymax | voice | Scott_Adsit</otriple>
				<otriple>Baymax | creators | Duncan_Rouleau</otriple>
				<otriple>Baymax | creator | Steven_T._Seagle</otriple>
			</originaltripleset>
			<originaltripleset>
				<otriple>Baymax | series | Big_Hero_6_(film)</otriple>
				<otriple>Baymax | voice | Scott_Adsit</otriple>
				<otriple>Baymax | creator | Duncan_Rouleau</otriple>
				<otriple>Baymax | creators | Steven_T._Seagle</otriple>
			</originaltripleset>
			<modifiedtripleset>
				<mtriple>Baymax | series | Big_Hero_6_(film)</mtriple>
				<mtriple>Baymax | voice | Scott_Adsit</mtriple>
				<mtriple>Baymax | creator | Duncan_Rouleau</mtriple>
				<mtriple>Baymax | creator | Steven_T._Seagle</mtriple>
			</modifiedtripleset>
			<lex comment="good" lid="Id1">
				<text>Baymax, the Big Hero 6 character created by Steve T Seagle and Duncan Rouleau, is voiced by Scott Adsit.</text>
				<template>AGENT-1 , PATIENT-1 created by PATIENT-4 and PATIENT-3 , is voiced by PATIENT-2 .</template>
			</lex>
			<lex comment="good" lid="Id2">
				<text>Duncan Rouleau and Steven T. Seagle are both creators of the character Baymax which featured in the film Big Hero 6. The voice of this character in the film was provided by Scott Adsit.</text>
				<template>PATIENT-3 and PATIENT-4 are both creators of AGENT-1 which featured in PATIENT-1 . The voice of AGENT-1 in PATIENT-1 was provided by PATIENT-2 .</template>
			</lex>
			<lex comment="good" lid="Id3">
				<text>Duncan Rouleau and Steven T. Seagle are both creators of Baymax which featured in the film Big Hero 6. The voice of Baymax was provided by Scott Adsit.</text>
				<template>PATIENT-3 and PATIENT-4 are both creators of AGENT-1 which featured in PATIENT-1 . The voice of AGENT-1 was provided by PATIENT-2 .</template>
			</lex>
			<entitymap>
				<entity>PATIENT-4 | Steven_T._Seagle</entity>
				<entity>AGENT-1 | Baymax</entity>
				<entity>PATIENT-1 | Big_Hero_6_(film)</entity>
				<entity>PATIENT-3 | Duncan_Rouleau</entity>
				<entity>PATIENT-2 | Scott_Adsit</entity>
			</entitymap>
		</entry>
		<entry category="ComicsCharacter" eid="Id22" size="4">
			<originaltripleset>
				<otriple>Bolt_(DC_Comics) | creators | Paris_Cullins</otriple>
				<otriple>Ernie_Colón | nationality | Puerto_Ricans</otriple>
				<otriple>Bolt_(DC_Comics) | creator | Ernie_Colón</otriple>
				<otriple>Bolt_(DC_Comics) | alterEgo | &quot;Larry Bolatinsky&quot;@en</otriple>
			</originaltripleset>
			<originaltripleset>
				<otriple>Bolt_(DC_Comics) | creator | Paris_Cullins</otriple>
				<otriple>Bolt_(DC_Comics) | creators | Ernie_Colón</otriple>
				<otriple>Ernie_Colón | nationality | Puerto_Ricans</otriple>
				<otriple>Bolt_(DC_Comics) | alterEgo | &quot;Larry Bolatinsky&quot;@en</otriple>
			</originaltripleset>
			<modifiedtripleset>
				<mtriple>Bolt_(comicsCharacter) | creator | Paris_Cullins</mtriple>
				<mtriple>Ernie_Colón | nationality | Puerto_Ricans</mtriple>
				<mtriple>Bolt_(comicsCharacter) | creator | Ernie_Colón</mtriple>
				<mtriple>Bolt_(comicsCharacter) | alternativeName | &quot;Larry Bolatinsky&quot;</mtriple>
			</modifiedtripleset>
			<lex comment="good" lid="Id1">
				<text>Bolt (Larry Bolatinsky) is a comic character that was created by both Paris Cullins and Ernie Colon who is a national of Puerto Rico.</text>
				<template>AGENT-1 (PATIENT-3) is a comic character that was created by both PATIENT-1 and BRIDGE-1 who is a national of PATIENT-2 .</template>
			</lex>
			<lex comment="good" lid="Id2">
				<text>Bolt is a comic character otherwise know as Larry Bolatinsky. He was created by Paris Cullins and Ernie Colon ( national of Puerto Rico ).</text>
				<template>AGENT-1 is a comic character otherwise know as PATIENT-3 . AGENT-1 was created by PATIENT-1 and BRIDGE-1 ( national of PATIENT-2 ) .</template>
			</lex>
			<lex comment="good" lid="Id3">
				<text>The character Bolt, also known as Larry Bolatinsky, was created by Paris Cullins and Ernie Colon, a puerto Rican National.</text>
				<template>AGENT-1 , also known as PATIENT-3 , was created by PATIENT-1 and BRIDGE-1 , PATIENT-2 .</template>
			</lex>
			<entitymap>
				<entity>BRIDGE-1 | Ernie_Colón</entity>
				<entity>AGENT-1 | Bolt_(comicsCharacter)</entity>
				<entity>PATIENT-1 | Paris_Cullins</entity>
				<entity>PATIENT-3 | &quot;Larry Bolatinsky&quot;</entity>
				<entity>PATIENT-2 | Puerto_Ricans</entity>
			</entitymap>
		</entry>
		<entry category="ComicsCharacter" eid="Id23" size="4">
			<originaltripleset>
				<otriple>Baymax | creator | Duncan_Rouleau</otriple>
				<otriple>Duncan_Rouleau | nationality | Americans</otriple>
				<otriple>Baymax | creators | Steven_T._Seagle</otriple>
				<otriple>Baymax | series | Big_Hero_6_(film)</otriple>
			</originaltripleset>
			<originaltripleset>
				<otriple>Duncan_Rouleau | nationality | Americans</otriple>
				<otriple>Baymax | creators | Duncan_Rouleau</otriple>
				<otriple>Baymax | creator | Steven_T._Seagle</otriple>
				<otriple>Baymax | series | Big_Hero_6_(film)</otriple>
			</originaltripleset>
			<modifiedtripleset>
				<mtriple>Duncan_Rouleau | nationality | Americans</mtriple>
				<mtriple>Baymax | creator | Duncan_Rouleau</mtriple>
				<mtriple>Baymax | creator | Steven_T._Seagle</mtriple>
				<mtriple>Baymax | series | Big_Hero_6_(film)</mtriple>
			</modifiedtripleset>
			<lex comment="good" lid="Id1">
				<text>Baymax is a character from Big Hero 6, who was created by American born Duncan Rouleau and Steven T. Seagle.</text>
				<template>AGENT-1 is a character from PATIENT-3 , who was created by PATIENT-1 born BRIDGE-1 and PATIENT-2 .</template>
			</lex>
			<lex comment="good" lid="Id2">
				<text>Baymax, a character in Big Hero 6, was created by Steven T Seagle and the American, Duncan Rouleau.</text>
				<template>AGENT-1 , a character in PATIENT-3 , was created by PATIENT-2 and PATIENT-1 , BRIDGE-1 .</template>
			</lex>
			<lex comment="good" lid="Id3">
				<text>Baymax, created by Steven T Seagle and the American Duncan Rouleau, is a character in Big Hero 6.</text>
				<template>AGENT-1 , created by PATIENT-2 and PATIENT-1 BRIDGE-1 , is a character in PATIENT-3 .</template>
			</lex>
			<entitymap>
				<entity>BRIDGE-1 | Duncan_Rouleau</entity>
				<entity>AGENT-1 | Baymax</entity>
				<entity>PATIENT-1 | Americans</entity>
				<entity>PATIENT-3 | Big_Hero_6_(film)</entity>
				<entity>PATIENT-2 | Steven_T._Seagle</entity>
			</entitymap>
		</entry>
		<entry category="ComicsCharacter" eid="Id24" size="4">
			<originaltripleset>
				<otriple>Baymax | creator | Duncan_Rouleau</otriple>
				<otriple>Duncan_Rouleau | nationality | Americans</otriple>
				<otriple>Baymax | creators | Steven_T._Seagle</otriple>
				<otriple>Baymax | voice | Scott_Adsit</otriple>
			</originaltripleset>
			<originaltripleset>
				<otriple>Duncan_Rouleau | nationality | Americans</otriple>
				<otriple>Baymax | creators | Duncan_Rouleau</otriple>
				<otriple>Baymax | creator | Steven_T._Seagle</otriple>
				<otriple>Baymax | voice | Scott_Adsit</otriple>
			</originaltripleset>
			<modifiedtripleset>
				<mtriple>Duncan_Rouleau | nationality | Americans</mtriple>
				<mtriple>Baymax | creator | Duncan_Rouleau</mtriple>
				<mtriple>Baymax | creator | Steven_T._Seagle</mtriple>
				<mtriple>Baymax | voice | Scott_Adsit</mtriple>
			</modifiedtripleset>
			<lex comment="good" lid="Id1">
				<text>The character Baymax, created by Steve T Seagle and the American Duncan Rouleau, is voiced by Scott Adsit.</text>
				<template>AGENT-1 , created by PATIENT-2 and PATIENT-1 BRIDGE-1 , is voiced by PATIENT-3 .</template>
			</lex>
			<lex comment="good" lid="Id2">
				<text>Scott Adsit provides the voice for Baymax who was created by Steven T Seagle and the American, Duncan Rouleau.</text>
				<template>PATIENT-3 provides the voice for AGENT-1 who was created by PATIENT-2 and PATIENT-1 , BRIDGE-1 .</template>
			</lex>
			<lex comment="good" lid="Id3">
				<text>Scott Adsit provides the voice for the character Baymax who was created by Steven T Seagle and the American, Duncan Rouleau.</text>
				<template>PATIENT-3 provides the voice for AGENT-1 who was created by PATIENT-2 and PATIENT-1 , BRIDGE-1 .</template>
			</lex>
			<entitymap>
				<entity>BRIDGE-1 | Duncan_Rouleau</entity>
				<entity>AGENT-1 | Baymax</entity>
				<entity>PATIENT-1 | Americans</entity>
				<entity>PATIENT-3 | Scott_Adsit</entity>
				<entity>PATIENT-2 | Steven_T._Seagle</entity>
			</entitymap>
		</entry>
		<entry category="ComicsCharacter" eid="Id25" size="4">
			<originaltripleset>
				<otriple>Duncan_Rouleau | nationality | Americans</otriple>
				<otriple>Baymax | creators | Duncan_Rouleau</otriple>
				<otriple>Baymax | series | Big_Hero_6_(film)</otriple>
				<otriple>Big_Hero_6_(film) | starring | Scott_Adsit</otriple>
			</originaltripleset>
			<originaltripleset>
				<otriple>Baymax | creator | Duncan_Rouleau</otriple>
				<otriple>Duncan_Rouleau | nationality | Americans</otriple>
				<otriple>Baymax | series | Big_Hero_6_(film)</otriple>
				<otriple>Big_Hero_6_(film) | starring | Scott_Adsit</otriple>
			</originaltripleset>
			<modifiedtripleset>
				<mtriple>Duncan_Rouleau | nationality | Americans</mtriple>
				<mtriple>Baymax | creator | Duncan_Rouleau</mtriple>
				<mtriple>Baymax | series | Big_Hero_6_(film)</mtriple>
				<mtriple>Big_Hero_6_(film) | starring | Scott_Adsit</mtriple>
			</modifiedtripleset>
			<lex comment="good" lid="Id1">
				<text>Baymax is a character in Big Hero 6 which starred Scott Adsit. The creator of Baymax is the American, Duncan Rouleau.</text>
				<template>AGENT-1 is a character in BRIDGE-2 which starred PATIENT-2 . The creator of AGENT-1 is PATIENT-1 , BRIDGE-1 .</template>
			</lex>
			<lex comment="good" lid="Id2">
				<text>Baymax is a character in the film Big Hero 6 which star's Scott Adsit. The creator of this character is American national, Duncan Rouleau.</text>
				<template>AGENT-1 is a character in BRIDGE-2 which star 's PATIENT-2 . The creator of AGENT-1 is PATIENT-1 , BRIDGE-1 .</template>
			</lex>
			<lex comment="good" lid="Id3">
				<text>The American, Duncan Rouleau created the character of Baymax which appeared in the film Big Hero 6 alongside the star of the film, Scott Adsit.</text>
				<template>PATIENT-1 , BRIDGE-1 created AGENT-1 which appeared in BRIDGE-2 alongside the star of BRIDGE-2 , PATIENT-2 .</template>
			</lex>
			<entitymap>
				<entity>BRIDGE-1 | Duncan_Rouleau</entity>
				<entity>AGENT-1 | Baymax</entity>
				<entity>PATIENT-1 | Americans</entity>
				<entity>BRIDGE-2 | Big_Hero_6_(film)</entity>
				<entity>PATIENT-2 | Scott_Adsit</entity>
			</entitymap>
		</entry>
		<entry category="ComicsCharacter" eid="Id26" size="4">
			<originaltripleset>
				<otriple>Duncan_Rouleau | nationality | Americans</otriple>
				<otriple>Baymax | creators | Duncan_Rouleau</otriple>
				<otriple>Big_Hero_6_(film) | starring | Alan_Tudyk</otriple>
				<otriple>Baymax | series | Big_Hero_6_(film)</otriple>
			</originaltripleset>
			<originaltripleset>
				<otriple>Baymax | creator | Duncan_Rouleau</otriple>
				<otriple>Duncan_Rouleau | nationality | Americans</otriple>
				<otriple>Big_Hero_6_(film) | starring | Alan_Tudyk</otriple>
				<otriple>Baymax | series | Big_Hero_6_(film)</otriple>
			</originaltripleset>
			<modifiedtripleset>
				<mtriple>Duncan_Rouleau | nationality | Americans</mtriple>
				<mtriple>Baymax | creator | Duncan_Rouleau</mtriple>
				<mtriple>Big_Hero_6_(film) | starring | Alan_Tudyk</mtriple>
				<mtriple>Baymax | series | Big_Hero_6_(film)</mtriple>
			</modifiedtripleset>
			<lex comment="good" lid="Id1">
				<text>Alan Tukyk stars in the film, Big Hero 6 in which Baymax, created by the American Duncan Rouleau, is also a character.</text>
				<template>PATIENT-2 in BRIDGE-2 in which AGENT-1 , created by PATIENT-1 BRIDGE-1 , is also a character .</template>
			</lex>
			<lex comment="good" lid="Id2">
				<text>The American, Duncan Rouleau created the character of Baymax who appeared in the film Big Hero 6 which starred Alan Tudyk.</text>
				<template>PATIENT-1 , BRIDGE-1 created the character of AGENT-1 who appeared in BRIDGE-2 which starred PATIENT-2 .</template>
			</lex>
			<lex comment="good" lid="Id3">
				<text>American national Duncan Rouleau is the creator of the character Baymax, which featured in the film Big Hero 6 ( starring Alan Tudyk ).</text>
				<template>PATIENT-1 BRIDGE-1 is the creator of AGENT-1 , which featured in BRIDGE-2 (starring PATIENT-2) .</template>
			</lex>
			<entitymap>
				<entity>BRIDGE-1 | Duncan_Rouleau</entity>
				<entity>BRIDGE-2 | Big_Hero_6_(film)</entity>
				<entity>PATIENT-1 | Americans</entity>
				<entity>AGENT-1 | Baymax</entity>
				<entity>PATIENT-2 | Alan_Tudyk</entity>
			</entitymap>
		</entry>
		<entry category="ComicsCharacter" eid="Id27" size="4">
			<originaltripleset>
				<otriple>Jerry_Ordway | nationality | Americans</otriple>
				<otriple>Bibbo_Bibbowski | fullName | &quot;Bo Bibbowski&quot;@en</otriple>
				<otriple>Bibbo_Bibbowski | creator | Jerry_Ordway</otriple>
				<otriple>Bibbo_Bibbowski | creators | Marv_Wolfman</otriple>
			</originaltripleset>
			<modifiedtripleset>
				<mtriple>Jerry_Ordway | nationality | Americans</mtriple>
				<mtriple>Bibbo_Bibbowski | fullName | &quot;Bo Bibbowski&quot;</mtriple>
				<mtriple>Bibbo_Bibbowski | creator | Jerry_Ordway</mtriple>
				<mtriple>Bibbo_Bibbowski | creator | Marv_Wolfman</mtriple>
			</modifiedtripleset>
			<lex comment="good" lid="Id1">
				<text>Bibbo Bibbowski is the full name of Bo Bibbowski created by Marv Wolfman and the American, Jerry Ordway.</text>
				<template>AGENT-1 is the full name of PATIENT-2 created by PATIENT-3 and PATIENT-1 , BRIDGE-1 .</template>
			</lex>
			<lex comment="good" lid="Id2">
				<text>Bo (full name Bibbo) Bibbowski was created by Marv Wolfman and the American, Jerry Ordway.</text>
				<template/>
			</lex>
			<lex comment="good" lid="Id3">
				<text>Marv Wolfman and the American, Jerry Ordway created Bo (full name Bibbo) Bibbowski.</text>
				<template/>
			</lex>
			<entitymap>
				<entity>BRIDGE-1 | Jerry_Ordway</entity>
				<entity>AGENT-1 | Bibbo_Bibbowski</entity>
				<entity>PATIENT-1 | Americans</entity>
				<entity>PATIENT-3 | Marv_Wolfman</entity>
				<entity>PATIENT-2 | &quot;Bo Bibbowski&quot;</entity>
			</entitymap>
		</entry>
		<entry category="ComicsCharacter" eid="Id28" size="4">
			<originaltripleset>
				<otriple>Karl_Kesel | nationality | Americans</otriple>
				<otriple>Auron_(comics) | fullName | &quot;Lambien&quot;@en</otriple>
				<otriple>Auron_(comics) | creators | Karl_Kesel</otriple>
				<otriple>Auron_(comics) | creator | Marv_Wolfman</otriple>
			</originaltripleset>
			<modifiedtripleset>
				<mtriple>Karl_Kesel | nationality | Americans</mtriple>
				<mtriple>Auron_(comicsCharacter) | fullName | &quot;Lambien&quot;</mtriple>
				<mtriple>Auron_(comicsCharacter) | creator | Karl_Kesel</mtriple>
				<mtriple>Auron_(comicsCharacter) | creator | Marv_Wolfman</mtriple>
			</modifiedtripleset>
			<lex comment="good" lid="Id1">
				<text>The comic character Auron ( Lambien ) was created by both Marv Wolfman and American national Karl Kesel.</text>
				<template>AGENT-1 (PATIENT-2) was created by both PATIENT-3 and PATIENT-1 national BRIDGE-1 .</template>
			</lex>
			<lex comment="good" lid="Id2">
				<text>Auron ( Lambien ) is a comic character that was created by both Marv Wolfman and American national Karl Kesel.</text>
				<template>AGENT-1 (PATIENT-2) is a comic character that was created by both PATIENT-3 and PATIENT-1 national BRIDGE-1 .</template>
			</lex>
			<lex comment="good" lid="Id3">
				<text>Marv Wolfman and the American Karl Kesel are the creators of the comic book character Auron, whose full name is Lambien.</text>
				<template>PATIENT-3 and PATIENT-1 BRIDGE-1 are the creators of AGENT-1 , whose full name is PATIENT-2 .</template>
			</lex>
			<entitymap>
				<entity>BRIDGE-1 | Karl_Kesel</entity>
				<entity>AGENT-1 | Auron_(comicsCharacter)</entity>
				<entity>PATIENT-1 | Americans</entity>
				<entity>PATIENT-3 | Marv_Wolfman</entity>
				<entity>PATIENT-2 | &quot;Lambien&quot;</entity>
			</entitymap>
		</entry>
		<entry category="ComicsCharacter" eid="Id29" size="4">
			<originaltripleset>
				<otriple>Karl_Kesel | nationality | Americans</otriple>
				<otriple>Auron_(comics) | fullName | &quot;Lambien&quot;@en</otriple>
				<otriple>Auron_(comics) | creators | Karl_Kesel</otriple>
				<otriple>Auron_(comics) | creator | Walt_Simonson</otriple>
			</originaltripleset>
			<originaltripleset>
				<otriple>Auron_(comics) | creator | Karl_Kesel</otriple>
				<otriple>Karl_Kesel | nationality | Americans</otriple>
				<otriple>Auron_(comics) | creators | Walt_Simonson</otriple>
				<otriple>Auron_(comics) | fullName | &quot;Lambien&quot;@en</otriple>
			</originaltripleset>
			<modifiedtripleset>
				<mtriple>Karl_Kesel | nationality | Americans</mtriple>
				<mtriple>Auron_(comicsCharacter) | fullName | &quot;Lambien&quot;</mtriple>
				<mtriple>Auron_(comicsCharacter) | creator | Karl_Kesel</mtriple>
				<mtriple>Auron_(comicsCharacter) | creator | Walt_Simonson</mtriple>
			</modifiedtripleset>
			<lex comment="good" lid="Id1">
				<text>The comic character of Auron (whose full name is Lambien) was created by Walt Simonson and the American, Karl Kesel.</text>
				<template>AGENT-1 (whose full name is PATIENT-2) was created by PATIENT-3 and PATIENT-1 , BRIDGE-1 .</template>
			</lex>
			<lex comment="good" lid="Id2">
				<text>The comic character of Auron has the full name Lambien. He was created by Walt Simonson and the American, Karl Kesel.</text>
				<template>AGENT-1 has full name PATIENT-2 . AGENT-1 was created by PATIENT-3 and PATIENT-1 , BRIDGE-1 .</template>
			</lex>
			<lex comment="good" lid="Id3">
				<text>The comic book character Auron, with the full name Lambien, was created by Walt Simonson and Karl Kesel, who is from the United States.</text>
				<template>AGENT-1 , with full name PATIENT-2 , was created by PATIENT-3 and BRIDGE-1 , who is from PATIENT-1 .</template>
			</lex>
			<entitymap>
				<entity>BRIDGE-1 | Karl_Kesel</entity>
				<entity>AGENT-1 | Auron_(comicsCharacter)</entity>
				<entity>PATIENT-1 | Americans</entity>
				<entity>PATIENT-3 | Walt_Simonson</entity>
				<entity>PATIENT-2 | &quot;Lambien&quot;</entity>
			</entitymap>
		</entry>
		<entry category="ComicsCharacter" eid="Id30" size="4">
			<originaltripleset>
				<otriple>Paris_Cullins | nationality | United_States</otriple>
				<otriple>Bolt_(DC_Comics) | creators | Dan_Mishkin</otriple>
				<otriple>Bolt_(DC_Comics) | creator | Paris_Cullins</otriple>
				<otriple>Bolt_(DC_Comics) | alterEgo | &quot;Larry Bolatinsky&quot;@en</otriple>
			</originaltripleset>
			<originaltripleset>
				<otriple>Bolt_(DC_Comics) | creators | Paris_Cullins</otriple>
				<otriple>Paris_Cullins | nationality | United_States</otriple>
				<otriple>Bolt_(DC_Comics) | alterEgo | &quot;Larry Bolatinsky&quot;@en</otriple>
				<otriple>Bolt_(DC_Comics) | creator | Dan_Mishkin</otriple>
			</originaltripleset>
			<modifiedtripleset>
				<mtriple>Paris_Cullins | nationality | United_States</mtriple>
				<mtriple>Bolt_(comicsCharacter) | creator | Dan_Mishkin</mtriple>
				<mtriple>Bolt_(comicsCharacter) | creator | Paris_Cullins</mtriple>
				<mtriple>Bolt_(comicsCharacter) | alternativeName | &quot;Larry Bolatinsky&quot;</mtriple>
			</modifiedtripleset>
			<lex comment="good" lid="Id1">
				<text>Bolt is a comic character with the alternative name of Larry Bolatinsky. He was created by Dan Mishkin and the US national, Paris Cullins.</text>
				<template>AGENT-1 is a comic character with the alternative name of PATIENT-3 . AGENT-1 was created by PATIENT-2 and PATIENT-1 national , BRIDGE-1 .</template>
			</lex>
			<lex comment="good" lid="Id2">
				<text>Bolt ( Larry Bolatinsky ) is a comic character which was created by both Dan Mishkin and U.S. national Paris Cullins.</text>
				<template>AGENT-1 (PATIENT-3) is a comic character which was created by both PATIENT-2 and PATIENT-1 BRIDGE-1 .</template>
			</lex>
			<lex comment="good" lid="Id3">
				<text>The comic book character Bolt also known as Larry Bolatinsky was created by Dan Mishkin and the American Paris Cullins.</text>
				<template>AGENT-1 also known as PATIENT-3 was created by PATIENT-2 and PATIENT-1 BRIDGE-1 .</template>
			</lex>
			<entitymap>
				<entity>BRIDGE-1 | Paris_Cullins</entity>
				<entity>AGENT-1 | Bolt_(comicsCharacter)</entity>
				<entity>PATIENT-1 | United_States</entity>
				<entity>PATIENT-3 | &quot;Larry Bolatinsky&quot;</entity>
				<entity>PATIENT-2 | Dan_Mishkin</entity>
			</entitymap>
		</entry>
		<entry category="ComicsCharacter" eid="Id31" size="4">
			<originaltripleset>
				<otriple>Paris_Cullins | nationality | United_States</otriple>
				<otriple>Bolt_(DC_Comics) | creators | Gary_Cohn_(comics)</otriple>
				<otriple>Bolt_(DC_Comics) | creator | Paris_Cullins</otriple>
				<otriple>Bolt_(DC_Comics) | alterEgo | &quot;Larry Bolatinsky&quot;@en</otriple>
			</originaltripleset>
			<originaltripleset>
				<otriple>Bolt_(DC_Comics) | creators | Paris_Cullins</otriple>
				<otriple>Paris_Cullins | nationality | United_States</otriple>
				<otriple>Bolt_(DC_Comics) | alterEgo | &quot;Larry Bolatinsky&quot;@en</otriple>
				<otriple>Bolt_(DC_Comics) | creator | Gary_Cohn_(comics)</otriple>
			</originaltripleset>
			<modifiedtripleset>
				<mtriple>Paris_Cullins | nationality | United_States</mtriple>
				<mtriple>Bolt_(comicsCharacter) | creator | Gary_Cohn_(comics)</mtriple>
				<mtriple>Bolt_(comicsCharacter) | creator | Paris_Cullins</mtriple>
				<mtriple>Bolt_(comicsCharacter) | alternativeName | &quot;Larry Bolatinsky&quot;</mtriple>
			</modifiedtripleset>
			<lex comment="good" lid="Id1">
				<text>The US national, Paris Cullins along with comic book writer, Gary Cohn created the comic character of Bolt. The character has the alternative name of Larry Bolatinsky,.</text>
				<template>PATIENT-1 , BRIDGE-1 along with PATIENT-2 created AGENT-1 . AGENT-1 has the alternative name of PATIENT-3 , .</template>
			</lex>
			<lex comment="good" lid="Id2">
				<text>The comic character Bolt , or otherwise known as Larry Bolatinsky, was created by both Gary Cohn and U.S national Paris Cullins.</text>
				<template>AGENT-1 , or otherwise known as PATIENT-3 , was created by both PATIENT-2 and PATIENT-1 BRIDGE-1 .</template>
			</lex>
			<lex comment="good" lid="Id3">
				<text>Bolt, also known as Larry Bolatinsky, is a comic book character created by Gary Cohn and the United States national Paris Cullins.</text>
				<template>AGENT-1 , also known as PATIENT-3 , is a comic book character created by PATIENT-2 and PATIENT-1 national BRIDGE-1 .</template>
			</lex>
			<entitymap>
				<entity>BRIDGE-1 | Paris_Cullins</entity>
				<entity>AGENT-1 | Bolt_(comicsCharacter)</entity>
				<entity>PATIENT-1 | United_States</entity>
				<entity>PATIENT-3 | &quot;Larry Bolatinsky&quot;</entity>
				<entity>PATIENT-2 | Gary_Cohn_(comics)</entity>
			</entitymap>
		</entry>
		<entry category="ComicsCharacter" eid="Id32" size="4">
			<originaltripleset>
				<otriple>Bolt_(DC_Comics) | creators | Paris_Cullins</otriple>
				<otriple>Paris_Cullins | nationality | United_States</otriple>
				<otriple>Bolt_(DC_Comics) | creator | Ernie_Colón</otriple>
				<otriple>Bolt_(DC_Comics) | alterEgo | &quot;Larry Bolatinsky&quot;@en</otriple>
			</originaltripleset>
			<originaltripleset>
				<otriple>Paris_Cullins | nationality | United_States</otriple>
				<otriple>Bolt_(DC_Comics) | creator | Paris_Cullins</otriple>
				<otriple>Bolt_(DC_Comics) | creators | Ernie_Colón</otriple>
				<otriple>Bolt_(DC_Comics) | alterEgo | &quot;Larry Bolatinsky&quot;@en</otriple>
			</originaltripleset>
			<modifiedtripleset>
				<mtriple>Paris_Cullins | nationality | United_States</mtriple>
				<mtriple>Bolt_(comicsCharacter) | creator | Paris_Cullins</mtriple>
				<mtriple>Bolt_(comicsCharacter) | creator | Ernie_Colón</mtriple>
				<mtriple>Bolt_(comicsCharacter) | alternativeName | &quot;Larry Bolatinsky&quot;</mtriple>
			</modifiedtripleset>
			<lex comment="good" lid="Id1">
				<text>Larry Bolatinsky is the alternative name for the comic book character Bolt, which was created by Ernie Colon and the American Paris Cullins.</text>
				<template>PATIENT-3 is the alternative name for AGENT-1 , which was created by PATIENT-2 and PATIENT-1 BRIDGE-1 .</template>
			</lex>
			<lex comment="good" lid="Id2">
				<text>Ernie Colon and the US national Paris Cullins created the comic character of Bolt, who has the alternative name of Larry Bolatinsky.</text>
				<template/>
			</lex>
			<lex comment="good" lid="Id3">
				<text>Ernie Colón and the American Paris Cullins were among the creators of the comic book character Bolt, also known as Larry Bolatinsky.</text>
				<template>PATIENT-2 and PATIENT-1 BRIDGE-1 were among the creators of AGENT-1 , also known as PATIENT-3 .</template>
			</lex>
			<entitymap>
				<entity>BRIDGE-1 | Paris_Cullins</entity>
				<entity>AGENT-1 | Bolt_(comicsCharacter)</entity>
				<entity>PATIENT-1 | United_States</entity>
				<entity>PATIENT-3 | &quot;Larry Bolatinsky&quot;</entity>
				<entity>PATIENT-2 | Ernie_Colón</entity>
			</entitymap>
		</entry>
		<entry category="ComicsCharacter" eid="Id33" size="4">
			<originaltripleset>
				<otriple>René_Goscinny | nationality | French_people</otriple>
				<otriple>Asterix_(character) | creator | René_Goscinny</otriple>
				<otriple>Asterix_(character) | alterEgo | &quot;Astérix&quot;@en</otriple>
				<otriple>Asterix_(character) | creators | Albert_Uderzo</otriple>
			</originaltripleset>
			<originaltripleset>
				<otriple>Asterix_(character) | creators | René_Goscinny</otriple>
				<otriple>René_Goscinny | nationality | French_people</otriple>
				<otriple>Asterix_(character) | alterEgo | &quot;Astérix&quot;@en</otriple>
				<otriple>Asterix_(character) | creator | Albert_Uderzo</otriple>
			</originaltripleset>
			<modifiedtripleset>
				<mtriple>René_Goscinny | nationality | French_people</mtriple>
				<mtriple>Asterix_(comicsCharacter) | creator | René_Goscinny</mtriple>
				<mtriple>Asterix_(comicsCharacter) | alternativeName | &quot;Astérix&quot;</mtriple>
				<mtriple>Asterix_(comicsCharacter) | creator | Albert_Uderzo</mtriple>
			</modifiedtripleset>
			<lex comment="good" lid="Id1">
				<text>The comic character Asterix is sometimes called &quot;Astérix&quot; and was created by Albert Uderzo and the French national, Rene Goscinny.</text>
				<template>AGENT-1 is sometimes called `` PATIENT-2 '' and was created by PATIENT-3 and BRIDGE-1 .</template>
			</lex>
			<lex comment="good" lid="Id2">
				<text>Albert Uderzo and French born René Goscinny, are the creators of the comic character Asterix, also know as Astérix.</text>
				<template>PATIENT-3 and PATIENT-1 BRIDGE-1 , are the creators of AGENT-1 , also know as PATIENT-2 .</template>
			</lex>
			<entitymap>
				<entity>BRIDGE-1 | René_Goscinny</entity>
				<entity>AGENT-1 | Asterix_(comicsCharacter)</entity>
				<entity>PATIENT-1 | French_people</entity>
				<entity>PATIENT-3 | Albert_Uderzo</entity>
				<entity>PATIENT-2 | &quot;Astérix&quot;</entity>
			</entitymap>
		</entry>
		<entry category="ComicsCharacter" eid="Id34" size="4">
			<originaltripleset>
				<otriple>Roger_McKenzie_(comics) | nationality | United_States</otriple>
				<otriple>Ben_Urich | creators | Roger_McKenzie_(comics)</otriple>
				<otriple>Ben_Urich | creator | Gene_Colan</otriple>
				<otriple>Ben_Urich | fullName | &quot;Benjamin Urich&quot;@en</otriple>
			</originaltripleset>
			<originaltripleset>
				<otriple>Ben_Urich | creator | Roger_McKenzie_(comics)</otriple>
				<otriple>Roger_McKenzie_(comics) | nationality | United_States</otriple>
				<otriple>Ben_Urich | creators | Gene_Colan</otriple>
				<otriple>Ben_Urich | fullName | &quot;Benjamin Urich&quot;@en</otriple>
			</originaltripleset>
			<modifiedtripleset>
				<mtriple>Roger_McKenzie_(comic_book_writer) | nationality | United_States</mtriple>
				<mtriple>Ben_Urich | creator | Roger_McKenzie_(comic_book_writer)</mtriple>
				<mtriple>Ben_Urich | creator | Gene_Colan</mtriple>
				<mtriple>Ben_Urich | fullName | &quot;Benjamin Urich&quot;</mtriple>
			</modifiedtripleset>
			<lex comment="good" lid="Id1">
				<text>The American comic book writer Roger McKenzie and Gene Colan created the character Ben Urich, who has the full name Benjamin Urich.</text>
				<template>BRIDGE-1 and PATIENT-2 created AGENT-1 , who has full name PATIENT-3 .</template>
			</lex>
			<lex comment="good" lid="Id2">
				<text>The comic book writer, Roger McKenzie is an American and along with Gene Colan created Ben (Benjamin) Urich.</text>
				<template>BRIDGE-1 is PATIENT-1 and along with PATIENT-2 created (PATIENT-3) AGENT-1 .</template>
			</lex>
			<lex comment="good" lid="Id3">
				<text>The character of Ben Urich, whose full name is Benjamin Urich, was created by Gene Colan and the comic book writer Roger Mckenzie who is American.</text>
				<template>AGENT-1 , whose full name is PATIENT-3 , was created by PATIENT-2 and BRIDGE-1 who is PATIENT-1 .</template>
			</lex>
			<entitymap>
				<entity>BRIDGE-1 | Roger_McKenzie_(comic_book_writer)</entity>
				<entity>AGENT-1 | Ben_Urich</entity>
				<entity>PATIENT-1 | United_States</entity>
				<entity>PATIENT-3 | &quot;Benjamin Urich&quot;</entity>
				<entity>PATIENT-2 | Gene_Colan</entity>
			</entitymap>
		</entry>
		<entry category="ComicsCharacter" eid="Id35" size="4">
			<originaltripleset>
				<otriple>Black_Pirate | creator | Sheldon_Moldoff</otriple>
				<otriple>Sheldon_Moldoff | nationality | Americans</otriple>
				<otriple>Sheldon_Moldoff | awards | Inkpot_Award</otriple>
				<otriple>Black_Pirate | alterEgo | &quot;Jon Valor&quot;@en</otriple>
			</originaltripleset>
			<originaltripleset>
				<otriple>Sheldon_Moldoff | nationality | Americans</otriple>
				<otriple>Black_Pirate | creators | Sheldon_Moldoff</otriple>
				<otriple>Sheldon_Moldoff | awards | Inkpot_Award</otriple>
				<otriple>Black_Pirate | alterEgo | &quot;Jon Valor&quot;@en</otriple>
			</originaltripleset>
			<modifiedtripleset>
				<mtriple>Sheldon_Moldoff | nationality | Americans</mtriple>
				<mtriple>Black_Pirate | creator | Sheldon_Moldoff</mtriple>
				<mtriple>Sheldon_Moldoff | award | Inkpot_Award</mtriple>
				<mtriple>Black_Pirate | alternativeName | &quot;Jon Valor&quot;</mtriple>
			</modifiedtripleset>
			<lex comment="good" lid="Id1">
				<text>The Black Pirate, also know as Jon Valor, was created by the Inkpot Award winning American, Sheldon Moldoff.</text>
				<template>AGENT-1 , also know as PATIENT-3 , was created by PATIENT-2 winning PATIENT-1 , BRIDGE-1 .</template>
			</lex>
			<lex comment="good" lid="Id2">
				<text>American Sheldon Moldoff, who has won the Inkpot Award, created The Black Pirate, whose alternative name is Jon Valor.</text>
				<template>PATIENT-1 BRIDGE-1 , who has won PATIENT-2 , created AGENT-1 , whose alternative name is PATIENT-3 .</template>
			</lex>
			<lex comment="good" lid="Id3">
				<text>The black pirate, also known as Jon Valor, was created by Sheldon Moldoff, an American who has won the Inkpot award.</text>
				<template>AGENT-1 , also known as PATIENT-3 , was created by BRIDGE-1 , PATIENT-1 who has won PATIENT-2 .</template>
			</lex>
			<entitymap>
				<entity>BRIDGE-1 | Sheldon_Moldoff</entity>
				<entity>AGENT-1 | Black_Pirate</entity>
				<entity>PATIENT-1 | Americans</entity>
				<entity>PATIENT-3 | &quot;Jon Valor&quot;</entity>
				<entity>PATIENT-2 | Inkpot_Award</entity>
			</entitymap>
		</entry>
	</entries>
</benchmark>
